Workbook

Sheet декабрь 2023
B1: ОТГРУЗКИ ПРОДУКЦИИ | C1: 45261
A2: заметки | B2: НОМЕР ЗАКАЗА | C2: КЛИЕНТ | D2: ПРОДУКТ | E2: ПАРТИЯ | F2: КОЛИЧЕСТВО | H2: ПУНКТ НАЗНАЧЕНИЯ | I2: СТАТУС | J2: ДАТА ОТГРУЗКИ | K2: АВТОДОСТАВКА | N2: ЖД ДОСТАВКА | O2: ИТОГО ОТГРУЖЕНО | R2: АКТЫ
F3: КГ | G3: мешков/бочек | K3: № АВТО | L3: ТЕЛ. ВОДИТЕЛЯ | M3: ВОДИТЕЛЬ | N3: № КОНТЕЙНЕРА | O3: ЧП | P3: ИНАЯ | Q3: Жидкий | S3: Цена со склада за 1 тонну | T3: Итого
B4: Спец№75 | C4: СБМ | D4: СБМСУЛЬФ | E4: 161123 | F4: 20000 | G4: 800 | H4: самовывоз | I4: отгружено | J4: 45261 | K4: Камаз А 317 УА 33 | L4: 8920-013-08-45 | M4: Тимофеев Анатолий | O4: 20000 | R4: + | S4: 41000 | T4: =S4*(F4/1000) -> 820000
A5: авто | B5: ИСК20618-20 | C5: Петроинжиниринг | D5: BLACKTROL ж - 200 кг п/эт | E5: 171023 | F5: 8000 | G5: 40 | H5: Ноябрьск | I5: отгружено | J5: 45261 | K5: Вольво С 931 ЕМ 51 | L5: 8921-297-46-13 | M5: Киреев Сергей | Q5: 8000 | R5: + | S5: 82000 | T5: =S5*(F5/1000) -> 656000
B6: ИСК20618-20 | C6: Петроинжиниринг | D6: BLACKTROL ж - 200 кг п/эт | E6: 181023 | F6: 7200 | G6: 36 | H6: Ноябрьск | I6: отгружено | J6: 45261 | Q6: 7200 | R6: + | S6: 82000 | T6: =S6*(F6/1000) -> 590400
B7: ИСК20618-20 | C7: Петроинжиниринг | D7: BLACKTROL ж - 200 кг п/эт | E7: 191023 | F7: 1600 | G7: 8 | H7: Ноябрьск | I7: отгружено | J7: 45261 | Q7: 1600 | R7: + | S7: 82000 | T7: =S7*(F7/1000) -> 131200
B8: ИСК20618-20 | C8: Петроинжиниринг | D8: BLACKTROL ж - 200 кг п/эт | E8: 221023 | F8: 600 | G8: 3 | H8: Ноябрьск | I8: отгружено | J8: 45261 | Q8: 600 | R8: + | S8: 82000 | T8: =S8*(F8/1000) -> 49200
B9: ИСК20618-20 | C9: Петроинжиниринг | D9: BLACKTROL ж - 200 кг п/эт | E9: 241023 | F9: 200 | G9: 1 | H9: Ноябрьск | I9: отгружено | J9: 45261 | Q9: 200 | R9: + | S9: 82000 | T9: =S9*(F9/1000) -> 16400
B10: Спец№5 | C10: КомплексОйл | D10: ЛИКВИТРОЛ - 200 кг мет | E10: 25/23 | F10: 4000 | G10: 20 | H10: Архангельск | I10: отгружено | J10: 45261 | K10: Камаз М 608 СТ 29 | L10: 8902-285-18-36 | M10: Детков Ян | Q10: 4000 | R10: + | S10: 167000 | T10: =S10*(F10/1000) -> 668000
A11: авто | B11: БС-40625 | C11: БурСервис | D11: BaraFLC | E11: 301123 | F11: 19845 | G11: 875 | H11: Пыть-ях | I11: отгружено | J11: 45264 | K11: DAF О 922 КМ 29 | L11: 8911-685-32-02 | M11: Журавлёв Николай | O11: 19845 | R11: + | S11: 49500 | T11: =S11*(F11/1000) -> 982327.5
B12: Спец№26 | C12: Энергоресурс | D12: BLACKTROL ж - 200 кг мет | E12: 241023 | F12: 4000 | G12: 20 | H12: самовывоз | I12: отгружено | J12: 45264 | K12: Скания Н 604 ХО 159 | L12: 8919-468-42-88 | M12: Заярный Евгений Анатольевич | Q12: 4000 | R12: + | S12: 89900 | T12: =S12*(F12/1000) -> 359600
A13: Сборка | B13: Спец№26 | C13: Энергоресурс | D13: BLACKTROL ж - 200 кг мет | E13: 051123 | F13: 200 | G13: 1 | H13: самовывоз | I13: отгружено | J13: 45264 | L13: 8922-246-86-86 | Q13: 200 | R13: + | S13: 89900 | T13: =S13*(F13/1000) -> 17980
B14: Спец№26 | C14: Энергоресурс | D14: BLACKTROL ж - 200 кг мет | E14: 061123 | F14: 600 | G14: 3 | H14: самовывоз | I14: отгружено | J14: 45264 | Q14: 600 | R14: + | S14: 89900 | T14: =S14*(F14/1000) -> 53940
B15: Спец№26 | C15: Энергоресурс | D15: Стабилайт II п/проп 25 кг | E15: 156 | F15: 16000 | G15: 640 | H15: самовывоз | I15: отгружено | J15: 45264 | O15: 16000 | R15: + | S15: 45000 | T15: =S15*(F15/1000) -> 720000
B16: Спец№75 | C16: СБМ | D16: СБМСУЛЬФ | E16: 271123 | F16: 20000 | G16: 800 | H16: самовывоз | I16: отгружено | J16: 45264 | K16: Вольво У 711 МВ 45 | L16: 8912-836-51-97 | M16: Дендя Роман | O16: 20000 | R16: + | S16: 41000 | T16: =S16*(F16/1000) -> 820000
A17: авто | B17: БС-40625 | C17: БурСервис | D17: BaraFLC | E17: 291123 | F17: 19845 | G17: 875 | H17: Пыть-ях | I17: отгружено | J17: 45265 | K17: Мерседес С 094 УХ 72 | L17: 8912-995-38-89 | M17: Новоселов Виктор | O17: 19845 | R17: + | S17: 49500 | T17: =S17*(F17/1000) -> 982327.5
B18: Спец№16К | C18: ОМАС | D18: Сульфированный асфальт | E18: 09/2023 | F18: 20000 | G18: 800 | H18: Бузулук | I18: отгружено | J18: 45266 | K18: DAF К 802 ХЕ 35 | L18: 8911-047-16-40 | M18: Лишенко Игорь | O18: 20000 | R18: + | S18: 36200 | T18: =S18*(F18/1000) -> 724000
A19: конт | B19: БС-41315 | C19: БурСервис | D19: BaraFLC | E19: 011223 | F19: 13494.6 | G19: 595 | H19: Пурпе | I19: отгружено | J19: 45268 | N19: TKRU3347636 | O19: 13494.6 | R19: + | S19: 49500 | T19: =S19*(F19/1000) -> 667982.7
B20: БС-43622 | C20: БурСервис | D20: EZ-MUD DP (Поликап) бум 25 кг | E20: 101123 | F20: 2250 | G20: 90 | H20: Пурпе | I20: отгружено | J20: 45268 | N20: TKRU3347636 | P20: 2250 | R20: + | S20: 275000 | T20: =S20*(F20/1000) -> 618750
A21: конт | B21: БС-44296 | C21: БурСервис | D21: BaraFLC | E21: 021223 | F21: 15876 | G21: 700 | H21: Пурпе | I21: отгружено | J21: 45268 | N21: TKRU3456283 | O21: 15876 | R21: + | S21: 49500 | T21: =S21*(F21/1000) -> 785862
A22: авто | B22: Спец№1 | C22: ОМАС | D22: Сульфированный асфальт | E22: 09/2023 | F22: 20000 | G22: 800 | H22: Уральск | I22: отгружено | J22: 45271 | K22: Мерседес О 119 КУ 790 | L22: 8960-834-08-79 | M22: Дягтерев Андрей | O22: 20000 | R22: + | S22: 36200 | T22: =S22*(F22/1000) -> 724000
A23: авто | B23: Спец№8 | C23: KazPetroDrilling | D23: Оптитрол Ж - 200 кг п/эт | E23: 131023 | F23: 4800 | G23: 24 | H23: Жанаозен | I23: отгружено | J23: 45271 | K23: DAF У 690 РК 790 | L23: 8927-381-78-12 | M23: Портнов Дмитрий | Q23: 4800 | R23: + | S23: 69000 | T23: =S23*(F23/1000) -> 331200
B24: Спец№8 | C24: KazPetroDrilling | D24: Оптитрол Ж - 200 кг п/эт | E24: 141023 | F24: 6400 | G24: 32 | H24: Жанаозен | I24: отгружено | J24: 45271 | Q24: 6400 | R24: + | S24: 69000 | T24: =S24*(F24/1000) -> 441600
B25: Спец№8 | C25: KazPetroDrilling | D25: Оптитрол Ж - 200 кг п/эт | E25: 141023/1 | F25: 6400 | G25: 32 | H25: Жанаозен | I25: отгружено | J25: 45271 | Q25: 6400 | R25: + | S25: 69000 | T25: =S25*(F25/1000) -> 441600
B26: Спец№8 | C26: KazPetroDrilling | D26: Оптитрол Ж - 200 кг п/эт | E26: 261023 | F26: 4800 | G26: 24 | H26: Жанаозен | I26: отгружено | J26: 45271 | K26: DAF Е 375 АМ 198 | L26: 8927-090-86-60 | M26: Каражан Арман | Q26: 4800 | R26: + | S26: 69000 | T26: =S26*(F26/1000) -> 331200
B27: Спец№8 | C27: KazPetroDrilling | D27: Оптитрол Ж - 200 кг п/эт | E27: 071123 | F27: 5600 | G27: 28 | H27: Жанаозен | I27: отгружено | J27: 45271 | Q27: 5600 | R27: + | S27: 69000 | T27: =S27*(F27/1000) -> 386400
B28: Спец№8 | C28: KazPetroDrilling | D28: Оптитрол Ж - 200 кг п/эт | E28: 211023 | F28: 6400 | G28: 32 | H28: Жанаозен | I28: отгружено | J28: 45271 | Q28: 6400 | R28: + | S28: 69000 | T28: =S28*(F28/1000) -> 441600
A29: сборка | B29: Спец№8 | C29: KazPetroDrilling | D29: Оптитрол Ж - 200 кг п/эт | E29: 131023 | F29: 200 | G29: 1 | H29: Жанаозен | I29: отгружено | J29: 45271 | Q29: 200 | R29: + | S29: 69000 | T29: =S29*(F29/1000) -> 13800
B30: Спец№8 | C30: KazPetroDrilling | D30: Оптитрол Ж - 200 кг п/эт | E30: 141023 | F30: 600 | G30: 3 | H30: Жанаозен | I30: отгружено | J30: 45271 | Q30: 600 | R30: + | S30: 69000 | T30: =S30*(F30/1000) -> 41400
B31: Спец№21 | C31: Буринтех | D31: СУЛЬФОБИТ бум 25 кг | E31: 061223 | F31: 20000 | G31: 800 | H31: Пыть-Ях | I31: отгружено | J31: 45271 | K31: Шакман М 544 ЕН 35 | L31: 8911-503-68-69 | M31: Пелешанко/Останков | O31: 20000 | R31: + | S31: 39000 | T31: =S31*(F31/1000) -> 780000
B32: Спец№2 | C32: ПУХК | D32: Сульфированный асфальт | E32: 141123 | F32: 20000 | G32: 800 | H32: самовывоз | I32: отгружено | J32: 45271 | K32: FORD К 402 УХ 35 | L32: 8911-546-03-09 | M32: Волков Игорь | O32: 20000 | R32: + | S32: 39000 | T32: =S32*(F32/1000) -> 780000
B33: Спец№5 | C33: ТМГ Технолоджи | D33: СУПЕРСЛАЙДЕР ГОЛД - 180 кг мет | E33: 101223 | F33: 4320 | G33: 24 | H33: Самовывоз | I33: отгружено | J33: 45272 | K33: Мерседес Т 882 РН 31 | L33: 8-919-223-23-67 | M33: Малюков Александр | Q33: 4320 | R33: + | S33: 110000 | T33: =S33*(F33/1000) -> 475200
B34: Спец№20К | C34: ОМАС | D34: ДЖИ-ДРИЛЛ | E34: 10/2023 | F34: 17600 | G34: 88 | H34: Пыть-Ях | I34: отгружено | J34: 45273 | K34: Ивеко А 173 АС 702 | L34: 8927-089-57-41 | M34: Саитбаталов Руслан | Q34: 17600 | R34: + | S34: 95000 | T34: =S34*(F34/1000) -> 1672000
A35: конт | B35: БС-44296 | C35: БурСервис | D35: BaraFLC | E35: 031223 | F35: 15876 | G35: 700 | H35: Пурпе | I35: отгружено | J35: 45273 | N35: TKRU3132160 | O35: 15876 | R35: + | S35: 49500 | T35: =S35*(F35/1000) -> 785862
A36: конт | B36: БС-47126 | C36: БурСервис | D36: TORQ TRIM II PLUS (СС Голд) - 185 кг мет | E36: 281123 | F36: 7030 | G36: 38 | H36: Пурпе | I36: отгружено | J36: 45273 | N36: TKRU3138220 | Q36: 7030 | R36: + | S36: 110800 | T36: =S36*(F36/1000) -> 778924
B37: БС-47126 | C37: БурСервис | D37: TORQ TRIM II PLUS (СС Голд) - 185 кг мет | E37: 291123 | F37: 7770 | G37: 42 | H37: Пурпе | I37: отгружено | J37: 45273 | N37: TKRU3138220 | Q37: 7770 | R37: + | S37: 110800 | T37: =S37*(F37/1000) -> 860916
A38: Конт | B38: Спец№22 | C38: Буринтех | D38: СУЛЬФОБИТ бум 25 кг | E38: 101223 | F38: 17500 | G38: 700 | H38: Пурпе | I38: отгружено | J38: 45278 | N38: RZDU0463982 | O38: 17500 | R38: + | S38: 41000 | T38: =S38*(F38/1000) -> 717500
A39: Конт | B39: Спец№22 | C39: Буринтех | D39: СУЛЬФОБИТ бум 25 кг | E39: 121223 | F39: 17500 | G39: 700 | H39: Пурпе | I39: отгружено | J39: 45278 | N39: RZDU0713968 | O39: 17500 | R39: + | S39: 41000 | T39: =S39*(F39/1000) -> 717500
A40: авто | B40: Спец№784/4 | C40: Татнефть | D40: Стабилайт II марк 25 кг | E40: 141223 | F40: 20000 | G40: 800 | H40: Бугульма | I40: отгружено | J40: 45279 | K40: Мерседес Е 324 ТУ 73 | L40: 8-962-634-7052 | M40: Айдаркин Сергей | O40: 20000 | R40: + | S40: 45000 | T40: =S40*(F40/1000) -> 900000
A41: авто | B41: Спец№784/4 | C41: Татнефть | D41: Стабилайт II марк 25 кг | E41: 151223 | F41: 19950 | G41: 798 | H41: Бугульма | I41: отгружено | J41: 45279 | K41: МАЗ Е 065 ВТ | L41: 8982-817-72-34 | M41: Смагин Александр | O41: 19950 | R41: + | S41: 45000 | T41: =S41*(F41/1000) -> 897750
A42: авто | B42: 43858 | C42: ТКШ | D42: Реасолт | E42: 041223 | F42: 19862.5 | G42: 875 | H42: Пыть-Ях | I42: отгружено | J42: 45279 | K42: ДАФ О 922 КМ 29 | L42: 8-911-685-3202 | M42: Журавлев Николай (Гандвик) | O42: 19862.5 | R42: + | S42: 42500 | T42: =S42*(F42/1000) -> 844156.25
A43: конт | B43: БС-47648 | C43: БурСервис | D43: Оптитрол Ж - 200 кг п/эт | E43: 251123 | F43: 6400 | G43: 32 | H43: Пурпе | I43: отгружено | J43: 45280 | N43: RZDU0177269 | Q43: 6400 | R43: + | S43: 80000 | T43: =S43*(F43/1000) -> 512000
B44: БС-47648 | C44: БурСервис | D44: Оптитрол Ж - 200 кг п/эт | E44: 031223 | F44: 6400 | G44: 32 | H44: Пурпе | I44: отгружено | J44: 45280 | N44: RZDU0177269 | Q44: 6400 | R44: + | S44: 80000 | T44: =S44*(F44/1000) -> 512000
B45: БС-47648 | C45: БурСервис | D45: Оптитрол Ж - 200 кг п/эт | E45: 021223/1 | F45: 3200 | G45: 16 | H45: Пурпе | I45: отгружено | J45: 45280 | N45: RZDU0177269 | Q45: 3200 | R45: + | S45: 80000 | T45: =S45*(F45/1000) -> 256000
A46: конт | B46: БС-48558 | C46: БурСервис | D46: BaraFLC (0) | E46: 161223 | F46: 9525.6 | G46: 420 | H46: Усинск | I46: отгружено | J46: 45280 | N46: TKRU3425132 | O46: 9525.6 | R46: + | S46: 49500 | T46: =S46*(F46/1000) -> 471517.2
B47: БС-46225 | C47: БурСервис | D47: ADAPTA II (Ликвитрол) - 25 кг канистра | E47: 271123 | F47: 4500 | G47: 180 | H47: Усинск | I47: отгружено | J47: 45280 | N47: TKRU3425132 | Q47: 4500 | R47: + | S47: 165000 | T47: =S47*(F47/1000) -> 742500
A48: конт | B48: БС-46225 | C48: БурСервис | D48: ADAPTA II (Ликвитрол) - 25 кг канистра | E48: 271123 | F48: 12000 | G48: 480 | H48: Усинск | I48: отгружено | J48: 45280 | N48: TKRU0732443 | Q48: 12000 | R48: + | S48: 165000 | T48: =S48*(F48/1000) -> 1980000
A49: сборка | B49: Спец.№27 | C49: Энергоресурс | D49: BLACKTROL ж - 200 кг мет | E49: 131223 | F49: 200 | G49: 1 | H49: Самовывоз | I49: отгружено | J49: 45282 | K49: Мерседес О 770 МА/29 | L49: 8-911-682-42-16 | M49: Васильев Денис | Q49: 200 | R49: + | S49: 89900 | T49: =S49*(F49/1000) -> 17980
B50: Спец.№27 | C50: Энергоресурс | D50: BLACKTROL ж - 200 кг мет | E50: 261123 | F50: 600 | G50: 3 | H50: Самовывоз | I50: отгружено | J50: 45282 | Q50: 600 | R50: + | S50: 89900 | T50: =S50*(F50/1000) -> 53940
A51: сборка | B51: Спец.№27 | C51: Энергоресурс | D51: BLACKTROL ж - 200 кг мет | E51: 241123 | F51: 600 | G51: 3 | H51: Самовывоз | I51: отгружено | J51: 45282 | Q51: 600 | R51: + | S51: 89900 | T51: =S51*(F51/1000) -> 53940
B52: Спец.№27 | C52: Энергоресурс | D52: BLACKTROL ж - 200 кг мет | E52: 061123 | F52: 200 | G52: 1 | H52: Самовывоз | I52: отгружено | J52: 45282 | Q52: 200 | R52: + | S52: 89900 | T52: =S52*(F52/1000) -> 17980
B53: Спец.№27 | C53: Энергоресурс | D53: BLACKTROL ж - 200 кг мет | E53: 151223 | F53: 6400 | G53: 32 | H53: Самовывоз | I53: отгружено | J53: 45282 | Q53: 6400 | R53: + | S53: 89900 | T53: =S53*(F53/1000) -> 575360
B54: Спец.№27 | C54: Энергоресурс | D54: BLACKTROL ж - 200 кг мет | E54: 261123 | F54: 8000 | G54: 40 | H54: Самовывоз | I54: отгружено | J54: 45282 | Q54: 8000 | R54: + | S54: 89900 | T54: =S54*(F54/1000) -> 719200
A55: авто | B55: 43858 | C55: ТКШ | D55: Реасолт | E55: 051223 | F55: 19862.5 | G55: 875 | H55: Пыть-Ях | I55: отгружено | J55: 45282 | K55: Мерседес Х 851 МО 96 | L55: 8 922 03 20 363 | M55: Мясников Андрей | O55: 19862.5 | R55: + | S55: 42500 | T55: =S55*(F55/1000) -> 844156.25
A56: авто | B56: Спец№17К | C56: ОМАС | D56: Сульфированный асфальт | E56: 09/2023 | F56: 20000 | G56: 800 | H56: Пыть-Ях | I56: отгружено | J56: 45285 | K56: Вольво Н 470 УР 196 | L56: 8-982-720-04-79 | M56: Береза Вячеслав | O56: 20000 | R56: + | S56: 36200 | T56: =S56*(F56/1000) -> 724000
A57: авто | B57: 43858 | C57: ТКШ | D57: Реасолт | E57: 081223 | F57: 19862.5 | G57: 875 | H57: Пыть-Ях | I57: отгружено | J57: 45285 | K57: Вольво Т 954 ВВ 790 | L57: 8920-627-81-26 | M57: Болтушкин Александр | O57: 19862.5 | R57: + | S57: 42500 | T57: =S57*(F57/1000) -> 844156.25
A58: авто | B58: Спец№9 | C58: KazPetroDrilling | D58: Стабилайт II марк 25 кг | E58: 181223 | F58: 20000 | G58: 800 | H58: Жанаозен | I58: отгружено | J58: 45285 | K58: Mersedes О 119 КУ 790 | L58: 8-960 834 08 79 | M58: Дегтярев Андрей | O58: 20000 | R58: + | S58: 45000 | T58: =S58*(F58/1000) -> 900000
A59: авто | B59: Спец№17К | C59: ОМАС | D59: Сульфированный асфальт | E59: 09/2023 | F59: 20000 | G59: 800 | H59: Пыть-Ях | I59: отгружено | J59: 45286 | K59: Вольво Е 837 НЕ 196 | L59: 8-982-600-1832 | M59: Кутыгин/Воротилов (Пермский край) | O59: 20000 | R59: + | S59: 36200 | T59: =S59*(F59/1000) -> 724000
A60: авто | B60: счет462 | C60: Реахим-Сервис | D60: BLACKTROL ж - 50 кг п/эт | E60: 251223 | F60: 100 | G60: 2 | H60: Воронеж | I60: отгружено | J60: 45287 | K60: Деловые линии | Q60: 100 | R60: + | S60: 87000 | T60: =S60*(F60/1000) -> 8700
A61: конт | B61: БС-44520 | C61: БурСервис | D61: BaraFLC | E61: 231223 | F61: 15876 | G61: 700 | H61: Пыть-Ях | I61: отгружено | J61: 45288 | N61: RZDU0618019 | O61: 15876 | S61: 49500 | T61: =S61*(F61/1000) -> 785862
A62: конт | B62: БС-44520 | C62: БурСервис | D62: BaraFLC | E62: 241223 | F62: 15876 | G62: 700 | H62: Пыть-Ях | I62: отгружено | J62: 45288 | N62: RZDU0616459 | O62: 15876 | S62: 49500 | T62: =S62*(F62/1000) -> 785862
A63: конт | B63: БС-49314 | C63: БурСервис | D63: ADAPTA II (Ликвитрол) - 25 кг канистра | E63: 191223 | F63: 12000 | G63: 480 | H63: Пурпе | I63: отгружено | J63: 45288 | N63: RZDU0644189 | Q63: 12000 | S63: 165000 | T63: =S63*(F63/1000) -> 1980000
A64: конт | B64: БС-49314 | C64: БурСервис | D64: TORQ TRIM II PLUS (СС Голд) - 185 кг мет | E64: 201223 | F64: 7770 | G64: 42 | H64: Пурпе | I64: отгружено | J64: 45288 | N64: RZDU0670212 | Q64: 7770 | S64: 110800 | T64: =S64*(F64/1000) -> 860916
B65: БС-49314 | C65: БурСервис | D65: TORQ TRIM II PLUS (СС Голд) - 185 кг мет | E65: 221223 | F65: 7030 | G65: 38 | H65: Пурпе | I65: отгружено | J65: 45288 | N65: RZDU0670212 | Q65: 7030 | S65: 110800 | T65: =S65*(F65/1000) -> 778924
A66: авто | B66: Спец№4 | C66: ПАРМ-ГИНС | D66: РЕОМОД ж - 190 кг п/эт | E66: 271223 | F66: 1520 | G66: 8 | I66: отгружено | J66: 45288 | K66: Деловые Линии | M66: Счет 23-00251035238 | Q66: 1520 | R66: + | S66: 350000 | T66: =S66*(F66/1000) -> 532000
A67: авто | B67: 43858 | C67: ТКШ | D67: Реасолт | E67: 101223 | F67: 19862.5 | G67: 875 | H67: Пыть-Ях | I67: отгружено | J67: 45288 | K67: Скания О 654 ОЕ 159 | L67: 8-982-482-9864 | M67: Харин Максим (ЛегионАвто) | O67: 19862.5 | R67: + | S67: 42500 | T67: =S67*(F67/1000) -> 844156.25
A68: конт | B68: Спец№23 | C68: Буринтех | D68: BLACKTROL ж - 200 кг мет | E68: 221223 | F68: 8800 | G68: 44 | H68: Пурпе | I68: отгружено | J68: 45289 | N68: RZDU0732232 | Q68: 8800 | S68: 85000 | T68: =S68*(F68/1000) -> 748000
B69: Спец№23 | C69: Буринтех | D69: BLACKTROL ж - 200 кг мет | E69: 251223 | F69: 7200 | G69: 36 | H69: Пурпе | I69: отгружено | J69: 45289 | N69: RZDU0732232 | Q69: 7200 | S69: 85000 | T69: =S69*(F69/1000) -> 612000
A70: конт | B70: Спец№23 | C70: Буринтех | D70: BLACKTROL ж - 200 кг мет | E70: 231223 | F70: 8800 | G70: 44 | H70: Пурпе | I70: отгружено | J70: 45289 | N70: RZDU0735376 | Q70: 9600 | S70: 85000 | T70: =S70*(F70/1000) -> 748000
B71: Спец№23 | C71: Буринтех | D71: BLACKTROL ж - 200 кг мет | E71: 241223 | F71: 7200 | G71: 36 | H71: Пурпе | I71: отгружено | J71: 45289 | N71: RZDU0735376 | Q71: 6400 | S71: 85000 | T71: =S71*(F71/1000) -> 612000
A72: конт | B72: Спец№22 | C72: Буринтех | D72: СУЛЬФОБИТ бум 25 кг | E72: 261223 | F72: 17500 | G72: 700 | H72: Пурпе | I72: отгружено | J72: 45289 | N72: TKRU03137481 | O72: 17500 | R72: + | S72: 41000 | T72: =S72*(F72/1000) -> 717500
A73: конт | B73: Спец№22 | C73: Буринтех | D73: СУЛЬФОБИТ бум 25 кг | E73: 271223 | F73: 17500 | G73: 700 | H73: Пурпе | I73: отгружено | J73: 45289 | N73: TKRU03518169 | O73: 17500 | R73: + | S73: 41000 | T73: =S73*(F73/1000) -> 717500
A74: Итого заказов на: | B74: =SUM(F4:F73)/1000 -> 721.1042 | C74: т | T74: =SUM(T4:T73) -> 43706728
A75: Итого отгружено: | B75: =B76+B77+B78 -> 721.1042 | C75: т
A76: из них ЧП: | B76: =SUM(O4:O73)/1000 -> 511.6142 | C76: т
A77: из них ИНАЯ: | B77: =SUM(P4:P73)/1000 -> 2.25 | C77: т
A78: из них на жидкий: | B78: =SUM(Q4:Q73)/1000 -> 207.24 | C78: т
A79: Осталось отгрузить | B79: =B74-B75 -> 0 | C79: т

Sheet ноябрь 2023
B1: ОТГРУЗКИ ПРОДУКЦИИ | C1: 45231
A2: заметки | B2: НОМЕР ЗАКАЗА | C2: КЛИЕНТ | D2: ПРОДУКТ | E2: ПАРТИЯ | F2: КОЛИЧЕСТВО | H2: ПУНКТ НАЗНАЧЕНИЯ | I2: СТАТУС | J2: ДАТА ОТГРУЗКИ | K2: АВТОДОСТАВКА | N2: ЖД ДОСТАВКА | O2: ИТОГО ОТГРУЖЕНО | R2: АКТЫ
F3: КГ | G3: мешков/бочек | K3: № АВТО | L3: ТЕЛ. ВОДИТЕЛЯ | M3: ВОДИТЕЛЬ | N3: № КОНТЕЙНЕРА | O3: ЧП | P3: ИНАЯ | Q3: Жидкий | S3: Цена со склада за 1 тонну | T3: Итого
A4: Контейнер | B4: БС-41315 | C4: БурСервис | D4: BaraFLC | E4: 301023 | F4: =G4*22.68 -> 15876 | G4: 700 | H4: Пурпе | I4: отгружено | J4: 45231 | N4: RZDU0642801 | O4: =F4 -> 15876 | R4: + | S4: 49500 | T4: =S4*(F4/1000) -> 785862
A5: Контейнер | B5: БС-43314 | C5: БурСервис | D5: ADAPTA II (Ликвитрол) - 25 кг канистра | E5: 251023 | F5: 12000 | G5: 480 | H5: Пурпе | I5: отгружено | J5: 45231 | N5: RZDU0482257 | Q5: 12000 | R5: + | S5: 165000 | T5: =S5*(F5/1000) -> 1980000
A6: Контейнер | B6: БС-43622 | C6: БурСервис | D6: TORQ TRIM II PLUS (СС Голд) - 185 кг мет | E6: 301023 | F6: 7400 | G6: 40 | H6: Пурпе | I6: отгружено | J6: 45231 | N6: RZDU0708112 | Q6: 7400 | R6: + | S6: 110800 | T6: =S6*(F6/1000) -> 819920
A7: Контейнер | B7: БС-43622 | C7: БурСервис | D7: TORQ TRIM II PLUS (СС Голд) - 185 кг мет | E7: 311023 | F7: 7400 | G7: 40 | H7: Пурпе | I7: отгружено | J7: 45231 | N7: RZDU0708112 | Q7: 7400 | R7: + | S7: 110800 | T7: =S7*(F7/1000) -> 819920
A8: Контейнер | B8: БС-43314 | C8: БурСервис | D8: ADAPTA II (Ликвитрол) - 25 кг канистра | E8: 251023 | F8: 600 | G8: 24 | H8: Пурпе | I8: отгружено | J8: 45233 | N8: RZDU0173664 | Q8: 600 | R8: + | S8: 165000 | T8: =S8*(F8/1000) -> 99000
B9: БС-42033 | C9: БурСервис | D9: BaraFLC | E9: 281023 | F9: 11907 | G9: 525 | H9: Пурпе | I9: отгружено | J9: 45233 | N9: RZDU0173664 | O9: 11907 | R9: + | S9: 49500 | T9: =S9*(F9/1000) -> 589396.5
B10: БС-43490 | C10: БурСервис | D10: ADAPTA II (Ликвитрол) - 25 кг канистра | E10: 291023 | F10: 2400 | G10: 96 | H10: Пурпе | I10: отгружено | J10: 45233 | N10: RZDU0173664 | Q10: 2400 | R10: + | S10: 165000 | T10: =S10*(F10/1000) -> 396000
A11: Контейнер | B11: БС-43490 | C11: БурСервис | D11: BaraFLC | E11: 311023 | F11: 15876 | G11: 700 | H11: Пурпе | I11: отгружено | J11: 45233 | N11: RZDU0674856 | O11: 15876 | R11: + | S11: 49500 | T11: =S11*(F11/1000) -> 785862
A12: Контейнер | B12: БС-43622 | C12: БурСервис | D12: TORQ TRIM II PLUS (СС Голд) - 185 кг мет | E12: 011123 | F12: 7400 | G12: 40 | H12: Пурпе | I12: отгружено | J12: 45233 | N12: RZDU0710439 | Q12: 7400 | R12: + | S12: 110800 | T12: =S12*(F12/1000) -> 819920
A13: Контейнер | B13: БС-43622 | C13: БурСервис | D13: TORQ TRIM II PLUS (СС Голд) - 185 кг мет | E13: 021123 | F13: 7400 | G13: 40 | H13: Пурпе | I13: отгружено | J13: 45233 | N13: RZDU0710439 | Q13: 7400 | R13: + | S13: 110800 | T13: =S13*(F13/1000) -> 819920
B14: Спец№4 | C14: КомплексОйл | D14: АДВАНТА ж | E14: 24/23 | F14: 8000 | G14: 40 | H14: самовывоз | I14: отгружено | J14: 45233 | K14: Вольво О 801 НМ 29 | M14: Вечеславов Юрий | Q14: 8000 | R14: + | S14: 211000 | T14: =S14*(F14/1000) -> 1688000
A15: контейнер | B15: БС-42732 | C15: БурСервис | D15: EZ MUL NTR (Экстрамул-2000) - 190 кг мет | E15: 241023 | F15: 5320 | G15: 28 | H15: Красноярск | I15: отгружено | J15: 45237 | N15: RZDU0700092 | Q15: 5320 | R15: + | S15: 115000 | T15: =S15*(F15/1000) -> 611800
B16: БС-42732 | C16: БурСервис | D16: EZ MUL NTR (Экстрамул-2000) - 190 кг мет | E16: 220923 | F16: 3040 | G16: 16 | H16: Красноярск | I16: отгружено | J16: 45237 | N16: RZDU0700092 | Q16: 3040 | R16: + | S16: 115000 | T16: =S16*(F16/1000) -> 349600
B17: БС-42732 | C17: БурСервис | D17: EZ MUL NTR (Экстрамул-2000) - 190 кг мет | E17: 020923 | F17: 6840 | G17: 36 | H17: Красноярск | I17: отгружено | J17: 45237 | N17: RZDU0700092 | Q17: 6840 | R17: + | S17: 115000 | T17: =S17*(F17/1000) -> 786600
A18: Контейнер | B18: БС-41315 | C18: БурСервис | D18: BaraFLC | E18: 021123 | F18: 15876 | G18: 700 | H18: Пурпе | I18: отгружено | J18: 45237 | N18: RZDU0713171 | O18: 15876 | R18: + | S18: 49500 | T18: =S18*(F18/1000) -> 785862
A19: Контейнер | B19: БС-41315 | C19: БурСервис | D19: BaraFLC | E19: 011123 | F19: 15876 | G19: 700 | H19: Пурпе | I19: отгружено | J19: 45237 | N19: RZDU0710819 | O19: 15876 | R19: + | S19: 49500 | T19: =S19*(F19/1000) -> 785862
A20: Контейнер | B20: БС-43622 | C20: БурСервис | D20: TORQ TRIM II PLUS (СС Голд) - 185 кг мет | E20: 031123 | F20: 7585 | G20: 41 | H20: Пурпе | I20: отгружено | J20: 45237 | N20: TKRU3029580 | Q20: 7585 | R20: + | S20: 110800 | T20: =S20*(F20/1000) -> 840418
A21: Контейнер | B21: БС-43622 | C21: БурСервис | D21: TORQ TRIM II PLUS (СС Голд) - 185 кг мет | E21: 041123 | F21: 7215 | G21: 39 | H21: Пурпе | I21: отгружено | J21: 45237 | N21: TKRU3029580 | Q21: 7215 | R21: + | S21: 110800 | T21: =S21*(F21/1000) -> 799422
B22: Спец№71 | C22: СБМ | D22: СБМСУЛЬФ | E22: 191023 | F22: 20000 | G22: 800 | H22: самовывоз | I22: отгружено | J22: 45237 | K22: Мерседес Н 409 АН 79 | L22: 8 911-560-41-02 | M22: Хижин Анатолий | O22: 20000 | R22: + | S22: 41000 | T22: =S22*(F22/1000) -> 820000
A23: Авто | B23: Спец№12 | C23: МКО | D23: BLACKTROL ж - 200 кг мет | E23: 150923 | F23: 800 | G23: 4 | H23: самовывоз | I23: отгружено | J23: 45238 | K23: DAF В 577 СТ 18 | M23: Чернобровкин Алексей | Q23: 800 | R23: + | S23: 90000 | T23: =S23*(F23/1000) -> 72000
B24: Спец№12 | C24: МКО | D24: BLACKTROL ж - 200 кг мет | E24: 160923 | F24: 8800 | G24: 44 | H24: самовывоз | I24: отгружено | J24: 45238 | Q24: 8800 | R24: + | S24: 90000 | T24: =S24*(F24/1000) -> 792000
B25: Спец№12 | C25: МКО | D25: BLACKTROL ж - 200 кг мет | E25: 170923 | F25: 8000 | G25: 40 | H25: самовывоз | I25: отгружено | J25: 45238 | Q25: 8000 | R25: + | S25: 90000 | T25: =S25*(F25/1000) -> 720000
A26: авто | B26: Спец№68 | C26: СБМ | D26: СБМСУЛЬФ | E26: 201023 | F26: 18000 | G26: 720 | H26: Пыть-ях | I26: отгружено | J26: 45238 | K26: Мерседес С 094 УХ 72 | L26: 8912-995-38-89 | M26: Новоселов Виктор | O26: 18000 | R26: + | S26: 41000 | T26: =S26*(F26/1000) -> 738000
B27: Спец№69 | C27: СБМ | D27: СБМОЙЛРЕО В (Реомод ж) - 180 кг мет | E27: 120523 | F27: 2520 | G27: 14 | H27: Пыть-ях | I27: отгружено | J27: 45238 | Q27: 2520 | R27: + | S27: 320000 | T27: =S27*(F27/1000) -> 806400
A28: авто | B28: БС-42033 | C28: БурСервис | D28: EZ-MUD DP (Поликап) бум 25 кг | E28: 251023 | F28: 17500 | G28: 700 | H28: Пурпе | I28: отгружено | J28: 45238 | K28: Вольво О 618 СМ 29 | L28: 8962-015-57-52 | M28: Вахтомин Иван | P28: 17500 | R28: + | S28: 275000 | T28: =S28*(F28/1000) -> 4812500
B29: БС-43226 | C29: БурСервис | D29: EZ-MUD DP (Поликап) бум 25 кг | E29: 261023 | F29: 2250 | G29: 90 | H29: Пурпе | I29: отгружено | J29: 45238 | P29: 2250 | R29: + | S29: 275000 | T29: =S29*(F29/1000) -> 618750
B30: Счёт.№407 | C30: ПУХК | D30: Сульфированный асфальт | E30: 301023 | F30: 4000 | G30: 160 | H30: самовывоз | I30: отгружено | J30: 45238 | K30: Газон Некст С 431 ВЕ 152 | M30: Калдышкин Роман | O30: 4000 | R30: + | S30: 39000 | T30: =S30*(F30/1000) -> 156000
A31: Контейнер | B31: БС-43622 | C31: БурСервис | D31: BaraFLC | E31: 031123 | F31: 9072 | G31: 400 | H31: Пурпе | I31: отгружено | J31: 45239 | N31: RZDU0653426 | O31: 9072 | R31: + | S31: 49500 | T31: =S31*(F31/1000) -> 449064 | U31: 4*30+8*35
B32: БС-43490 | C32: БурСервис | D32: BaraFLC | E32: 041123 | F32: 6010.2 | G32: 265 | H32: Пурпе | I32: отгружено | J32: 45239 | N32: RZDU0653426 | O32: 6010.2 | R32: + | S32: 49500 | T32: =S32*(F32/1000) -> 297504.9 | U32: 3*30+5*35
A33: Контейнер | B33: БС-41315 | C33: БурСервис | D33: BaraFLC | E33: 041123 | F33: 15876 | G33: 700 | H33: Пурпе | I33: отгружено | J33: 45239 | N33: RZDU0734678 | O33: 15876 | R33: + | S33: 49500 | T33: =S33*(F33/1000) -> 785862
A34: авто | B34: ИСК20577-15 | C34: Петроинжиниринг | D34: BLACKTROL ж - 200 кг п/эт | E34: 201023 | F34: 7200 | G34: 36 | H34: Нижневартовск | I34: отгружено | J34: 45239 | K34: DAF К 298 МО 45 | L34: 8919-569-78-88 | M34: Шмаков Александр | Q34: 7200 | R34: + | S34: 82000 | T34: =S34*(F34/1000) -> 590400
B35: ИСК20577-15 | C35: Петроинжиниринг | D35: BLACKTROL ж - 200 кг п/эт | E35: 211023 | F35: 8000 | G35: 40 | H35: Нижневартовск | I35: отгружено | J35: 45239 | Q35: 8000 | R35: + | S35: 82000 | T35: =S35*(F35/1000) -> 656000
B36: ИСК20577-15 | C36: Петроинжиниринг | D36: BLACKTROL ж - 200 кг п/эт | E36: 241023 | F36: 800 | G36: 4 | H36: Нижневартовск | I36: отгружено | J36: 45239 | Q36: 800 | R36: + | S36: 82000 | T36: =S36*(F36/1000) -> 65600
B37: ИСК20577-15 | C37: Петроинжиниринг | D37: BLACKTROL ж - 200 кг п/эт | E37: 171023 | F37: 200 | G37: 1 | H37: Нижневартовск | I37: отгружено | J37: 45239 | Q37: 200 | R37: + | S37: 82000 | T37: =S37*(F37/1000) -> 16400
B38: ИСК20577-15 | C38: Петроинжиниринг | D38: BLACKTROL ж - 200 кг п/эт | E38: 181023 | F38: 600 | G38: 3 | H38: Нижневартовск | I38: отгружено | J38: 45239 | Q38: 600 | R38: + | S38: 82000 | T38: =S38*(F38/1000) -> 49200
B39: ИСК20577-15 | C39: Петроинжиниринг | D39: BLACKTROL ж - 200 кг п/эт | E39: 181023 | F39: 200 | G39: 1 | H39: Нижневартовск | I39: отгружено | J39: 45239 | Q39: 200 | R39: + | S39: 82000 | T39: =S39*(F39/1000) -> 16400
B40: ИСК20577-15 | C40: Петроинжиниринг | D40: BLACKTROL ж - 200 кг п/эт | E40: 191023 | F40: 600 | G40: 3 | H40: Нижневартовск | I40: отгружено | J40: 45239 | Q40: 600 | R40: + | S40: 82000 | T40: =S40*(F40/1000) -> 49200
B41: БС-43414 | C41: БурСервис | D41: BaraFLC | E41: 061123 | F41: 19845 | G41: 875 | H41: Пыть-Ях | I41: отгружено | J41: 45240 | K41: DAF K 008 МА 29 | L41: 8911-682-59-92 | M41: Белоцерковский Алексей | O41: 19845 | R41: + | S41: 49500 | T41: =S41*(F41/1000) -> 982327.5
A42: Авто | B42: ИСК20577-15 | C42: Петроинжиниринг | D42: BLACKTROL ж - 200 кг п/эт | E42: 191023 | F42: 6000 | G42: 30 | H42: Нижневартовск | I42: отгружено | J42: 45244 | K42: Ивеко А 922 ХЕ 702 | L42: 8919-145-05-60 | M42: Кудинов Дмитрий | Q42: 6000 | R42: + | S42: 82000 | T42: =S42*(F42/1000) -> 492000
B43: ИСК20577-15 | C43: Петроинжиниринг | D43: BLACKTROL ж - 200 кг п/эт | E43: 221023 | F43: 8000 | G43: 40 | H43: Нижневартовск | I43: отгружено | J43: 45244 | Q43: 8000 | R43: + | S43: 82000 | T43: =S43*(F43/1000) -> 656000
B44: ИСК20577-15 | C44: Петроинжиниринг | D44: BLACKTROL ж - 200 кг п/эт | E44: 201023 | F44: 800 | G44: 4 | H44: Нижневартовск | I44: отгружено | J44: 45244 | Q44: 800 | R44: + | S44: 82000 | T44: =S44*(F44/1000) -> 65600
B45: ИСК20577-15 | C45: Петроинжиниринг | D45: BLACKTROL ж - 200 кг п/эт | E45: 211023 | F45: 600 | G45: 3 | H45: Нижневартовск | I45: отгружено | J45: 45244 | Q45: 600 | R45: + | S45: 82000 | T45: =S45*(F45/1000) -> 49200
B46: ИСК20577-15 | C46: Петроинжиниринг | D46: BLACKTROL ж - 200 кг п/эт | E46: 221023 | F46: 600 | G46: 3 | H46: Нижневартовск | I46: отгружено | J46: 45244 | Q46: 600 | R46: + | S46: 82000 | T46: =S46*(F46/1000) -> 49200
B47: ИСК20577-15 | C47: Петроинжиниринг | D47: BLACKTROL ж - 200 кг п/эт | E47: 241023 | F47: 1600 | G47: 8 | H47: Нижневартовск | I47: отгружено | J47: 45244 | Q47: 1600 | R47: + | S47: 82000 | T47: =S47*(F47/1000) -> 131200
A48: Контейнер | B48: БС-43490 | C48: БурСервис | D48: ADAPTA II (Ликвитрол) - 25 кг канистра | E48: 291023 | F48: 3600 | G48: 144 | H48: Пурпе | I48: отгружено | J48: 45244 | N48: TKRU3157600 | Q48: 3600 | R48: + | S48: 165000 | T48: =S48*(F48/1000) -> 594000
B49: БС-43490 | C49: БурСервис | D49: BaraFLC | E49: 041123 | F49: 793.8 | G49: 35 | H49: Пурпе | I49: отгружено | J49: 45244 | N49: TKRU3157600 | O49: 793.8 | R49: + | S49: 49500 | T49: =S49*(F49/1000) -> 39293.1
B50: БС-43622 | C50: БурСервис | D50: ADAPTA II (Ликвитрол) - 25 кг канистра | E50: 081123 | F50: 6000 | G50: 240 | H50: Пурпе | I50: отгружено | J50: 45244 | N50: TKRU3157600 | Q50: 6000 | R50: + | S50: 165000 | T50: =S50*(F50/1000) -> 990000
B51: БС-43622 | C51: БурСервис | D51: EZ-MUD DP (Поликап) бум 25 кг | E51: 101123 | F51: 2250 | G51: 90 | H51: Пурпе | I51: отгружено | J51: 45244 | N51: TKRU3157600 | P51: 2250 | R51: + | S51: 275000 | T51: =S51*(F51/1000) -> 618750
A52: Контейнер | B52: БС-43622 | C52: БурСервис | D52: EZ MUL NTR (Экстрамул-2000) - 190 кг мет | E52: 081123 | F52: 9120 | G52: 48 | H52: Пурпе | I52: отгружено | J52: 45244 | N52: RZDU0611415 | Q52: 9120 | R52: + | S52: 115000 | T52: =S52*(F52/1000) -> 1048800
B53: БС-43622 | C53: БурСервис | D53: EZ MUL NTR (Экстрамул-2000) - 190 кг мет | E53: 091123 | F53: 6080 | G53: 32 | H53: Пурпе | I53: отгружено | J53: 45244 | N53: RZDU0611415 | Q53: 6080 | R53: + | S53: 115000 | T53: =S53*(F53/1000) -> 699200
B54: Спец№5 | C54: Мад Сервис | D54: Сульфированный асфальт | E54: 181023 | F54: 20000 | G54: 800 | H54: Самара | I54: отгружено | J54: 45244 | K54: Kamaz О 837 МА 29 | L54: 89523-939-90-73 | M54: Дмитрий Борисов | O54: 20000 | R54: + | S54: 41000 | T54: =S54*(F54/1000) -> 820000
B55: БС-40625 | C55: БурСервис | D55: BaraFLC | E55: 071123 | F55: 20412 | G55: 900 | H55: Пыть-Ях | I55: отгружено | J55: 45244 | K55: FAW О 053 ОМ 159 | L55: 8982-922-84-77 | M55: Верещагин Александр | O55: 20412 | R55: + | S55: 49500 | T55: =S55*(F55/1000) -> 1010394
B56: Счёт №421 | C56: ТМГ Технолоджи | D56: СУПЕРСЛАЙДЕР ГОЛД - 180 кг мет | E56: 121123 | F56: 2160 | G56: 12 | H56: Самовывоз | I56: отгружено | J56: 45244 | K56: Газель О 470 НТ 29 | L56: 8921-719-52-05 | M56: Жилин Виниамин | Q56: 2160 | R56: + | S56: 110000 | T56: =S56*(F56/1000) -> 237600
B57: Счет.№423 | C57: Горно-Промышленный Альянс | D57: МАКС-ФЛЕКС | E57: 121123 | F57: 25 | G57: 1 | H57: самовывоз | I57: отгружено | J57: 45244 | Q57: 25 | R57: + | S57: 207000 | T57: =S57*(F57/1000) -> 5175
B58: БС-40625 | C58: БурСервис | D58: BaraFLC | E58: 081123 | F58: 20412 | G58: 900 | H58: Пыть-Ях | I58: отгружено | J58: 45245 | K58: Ситрак Н 718 ТТ 198 | L58: 8981-879-05-18 | M58: Хвостенко Сергей | O58: 20412 | R58: + | S58: 49500 | T58: =S58*(F58/1000) -> 1010394
A59: Авто | B59: Спец№15К | C59: ОМАС | D59: ДЖИ-ДРИЛЛ | E59: 10/2023 | F59: 6400 | G59: 32 | H59: Пыть-Ях | I59: отгружено | J59: 45247 | K59: DAF В 426 МХ 45 | L59: 8912-575-48-67 | M59: Анфалов Сергей | Q59: 6400 | R59: + | S59: 95000 | T59: =S59*(F59/1000) -> 608000
B60: Спец№15К | C60: ОМАС | D60: Сульфированный асфальт | E60: 09/2023 | F60: 13000 | G60: 520 | H60: Пыть-Ях | I60: отгружено | J60: 45247 | O60: 13000 | R60: + | S60: 36200 | T60: =S60*(F60/1000) -> 470600
A61: авто | B61: Спец№72 | C61: СБМ | D61: СБМСУЛЬФ | E61: 041023 | F61: 7000 | G61: 280 | H61: самовывоз | I61: отгружено | J61: 45247 | K61: Ивеко Р 855 ВН 159 | L61: 8982-464-91-14 | M61: Головков Николай | O61: 7000 | R61: + | S61: 41000 | T61: =S61*(F61/1000) -> 287000
B62: Спец№72 | C62: СБМ | D62: СБМЛУБ ПЛЮС (СС Платинум) - 185 кг п/эт | E62: 121123 | F62: 2960 | G62: 16 | H62: самовывоз | I62: отгружено | J62: 45247 | Q62: 2960 | R62: + | S62: 230000 | T62: =S62*(F62/1000) -> 680800
B63: Спец№71 | C63: СБМ | D63: СБМСУЛЬФ | E63: 211023 | F63: 20000 | G63: 800 | H63: самовывоз | I63: отгружено | J63: 45247 | K63: Скания В 023 РО 33 | L63: 8922-565-59-40 | M63: Сверчков Анатолий | O63: 20000 | R63: + | S63: 41000 | T63: =S63*(F63/1000) -> 820000
A64: авто | B64: Спец№136 | C64: АКРОС | D64: Drilling Lube - 200 кг п/эт | E64: 131123 | F64: 8600 | G64: 43 | H64: Мурманск | I64: отгружено | J64: 45251 | K64: Мерседес К 744 ТК 159 | L64: 8912-785-87-31 | M64: Рамазанов Антон | Q64: 8600 | R64: + | S64: 369000 | T64: =S64*(F64/1000) -> 3173400
B65: Спец№136 | C65: АКРОС | D65: Drilling Lube - 200 кг п/эт | E65: 141123 | F65: 9000 | G65: 45 | H65: Мурманск | I65: отгружено | J65: 45251 | Q65: 9000 | R65: + | S65: 369000 | T65: =S65*(F65/1000) -> 3321000
A66: авто | B66: Спец№136 | C66: АКРОС | D66: Drilling Lube - 200 кг п/эт | E66: 151123 | F66: 9000 | G66: 45 | H66: Мурманск | I66: отгружено | J66: 45250 | K66: Вольво К 894 КВ 29 | L66: 8911-553-15-07 | M66: Рюмин Дмитрий | Q66: 9000 | R66: + | S66: 369000 | T66: =S66*(F66/1000) -> 3321000
B67: Спец№136 | C67: АКРОС | D67: Drilling Lube - 200 кг п/эт | E67: 161123 | F67: 8600 | G67: 43 | H67: Мурманск | I67: отгружено | J67: 45250 | Q67: 8600 | R67: + | S67: 369000 | T67: =S67*(F67/1000) -> 3173400
B68: Спец№68 | C68: СБМ | D68: СБМСУЛЬФ | E68: 231023 | F68: 20000 | G68: 800 | H68: Пыть-Ях | I68: отгружено | J68: 45250 | K68: Вольво Т 954 ВВ 790 | L68: 8920-627-81-26 | M68: Болтушкин Александр | O68: 20000 | R68: + | S68: 41000 | T68: =S68*(F68/1000) -> 820000
A69: авто | B69: Спец№6 | C69: МадСервис | D69: СУПЕРСЛАЙДЕР ГОЛД - 180 кг мет | E69: 12/22 | F69: 7200 | G69: 40 | H69: Нижневартовск | I69: отгружено | J69: 45250 | K69: DAF У 377 МХ 45 | L69: 8912-979-31-83 | M69: Шукаев Михаил | Q69: 7200 | R69: + | S69: 110000 | T69: =S69*(F69/1000) -> 792000
B70: Спец№6 | C70: МадСервис | D70: Сульфированный асфальт | E70: 01/2023 | F70: 12000 | G70: 480 | H70: Нижневартовск | I70: отгружено | J70: 45250 | O70: 12000 | R70: + | S70: 36200 | T70: =S70*(F70/1000) -> 434400
B71: БС-40625 | C71: БурСервис | D71: BaraFLC | E71: 171123 | F71: 19845 | G71: 875 | H71: Пыть-ях | I71: отгружено | J71: 45253 | K71: DAF М 547 НЕ 29 | L71: 8999-250-87-92 | M71: Грязов Руслан | O71: 19845 | R71: + | S71: 49500 | T71: =S71*(F71/1000) -> 982327.5
A72: Контейнер | B72: БС-43622 | C72: БурСервис | D72: EZ MUL NTR (Экстрамул-2000) - 190 кг мет | E72: 091123 | F72: 2470 | G72: 13 | H72: Пурпе | I72: отгружено | J72: 45254 | N72: RZDU0709438 | Q72: 2470 | R72: + | S72: 115000 | T72: =S72*(F72/1000) -> 284050
B73: БС-43622 | C73: БурСервис | D73: EZ MUL NTR (Экстрамул-2000) - 190 кг мет | E73: 101123 | F73: 8550 | G73: 45 | H73: Пурпе | I73: отгружено | J73: 45254 | N73: RZDU0709438 | Q73: 8550 | R73: + | S73: 115000 | T73: =S73*(F73/1000) -> 983250
B74: БС-43622 | C74: БурСервис | D74: EZ MUL NTR (Экстрамул-2000) - 190 кг мет | E74: 111123 | F74: 4180 | G74: 22 | H74: Пурпе | I74: отгружено | J74: 45254 | N74: RZDU0709438 | Q74: 4180 | R74: + | S74: 115000 | T74: =S74*(F74/1000) -> 480700
A75: контейнер | B75: БС-44296 | C75: БурСервис | D75: TORQ TRIM II PLUS (СС Голд) - 185 кг мет | E75: 181123 | F75: 7215 | G75: 39 | H75: Пурпе | I75: отгружено | J75: 45254 | N75: RZDU0130111 | Q75: 7215 | R75: + | S75: 110800 | T75: =S75*(F75/1000) -> 799422
B76: БС-44296 | C76: БурСервис | D76: TORQ TRIM II PLUS (СС Голд) - 185 кг мет | E76: 191123 | F76: 7585 | G76: 41 | H76: Пурпе | I76: отгружено | J76: 45254 | N76: RZDU0130111 | Q76: 7585 | R76: + | S76: 110800 | T76: =S76*(F76/1000) -> 840418
A77: Контейнер | B77: БС-44296 | C77: БурСервис | D77: TORQ TRIM II PLUS (СС Голд) - 185 кг мет | E77: 201123 | F77: 7585 | G77: 41 | H77: Пурпе | I77: отгружено | J77: 45254 | N77: RZDU0686630 | Q77: 7585 | R77: + | S77: 110800 | T77: =S77*(F77/1000) -> 840418
B78: БС-44296 | C78: БурСервис | D78: TORQ TRIM II PLUS (СС Голд) - 185 кг мет | E78: 221123 | F78: 7215 | G78: 39 | H78: Пурпе | I78: отгружено | J78: 45254 | N78: RZDU0686630 | Q78: 7215 | R78: + | S78: 110800 | T78: =S78*(F78/1000) -> 799422
A79: авто | B79: БС-40625 | C79: БурСервис | D79: BaraFLC | E79: 201123 | F79: 19845 | G79: 875 | H79: Пыть-ях | I79: отгружено | J79: 45257 | K79: Вольво О 618 СМ 29 | L79: 8960-015-57-52 | M79: Вахтомин Иван | O79: 19845 | R79: + | S79: 49500 | T79: =S79*(F79/1000) -> 982327.5
A80: контейнер | B80: БС-44296 | C80: БурСервис | D80: BaraFLC | E80: 211123 | F80: 15876 | G80: 700 | H80: Пурпе | I80: отгружено | J80: 45257 | N80: RZDU0467268 | O80: 15876 | R80: + | S80: 49500 | T80: =S80*(F80/1000) -> 785862
B81: БС-44296 | C81: БурСервис | D81: BaraFLC | E81: 221123 | F81: 15876 | G81: 700 | H81: Пурпе | I81: отгружено | J81: 45257 | N81: RZDU0619294 | O81: 15876 | R81: + | S81: 49500 | T81: =S81*(F81/1000) -> 785862
A82: авто | B82: Спец№68 | C82: СБМ | D82: СБМСУЛЬФ | E82: 311023 | F82: 1000 | G82: 40 | H82: Пыть-Ях | I82: отгружено | J82: 45258 | K82: DAF О 539 ОН 29 | L82: 8921-670-06-06 | M82: Хрущ Александр | O82: 1000 | R82: + | S82: 41000 | T82: =S82*(F82/1000) -> 41000
B83: Спец№68 | C83: СБМ | D83: СБМСУЛЬФ | E83: 041023 | F83: 1000 | G83: 40 | H83: Пыть-Ях | I83: отгружено | J83: 45258 | O83: 1000 | R83: + | S83: 41000 | T83: =S83*(F83/1000) -> 41000
B84: Спец№68 | C84: СБМ | D84: СБМСУЛЬФ | E84: 201023 | F84: 2000 | G84: 80 | H84: Пыть-Ях | I84: отгружено | J84: 45258 | O84: 2000 | R84: + | S84: 41000 | T84: =S84*(F84/1000) -> 82000
B85: Спец№68 | C85: СБМ | D85: СБМСУЛЬФ | E85: 011123 | F85: 7000 | G85: 280 | H85: Пыть-Ях | I85: отгружено | J85: 45258 | O85: 7000 | R85: + | S85: 41000 | T85: =S85*(F85/1000) -> 287000
B86: Спец№69 | C86: СБМ | D86: СБМОЙЛРЕО В (Реомод ж) - 180 кг мет | E86: 261123 | F86: 5760 | G86: 32 | H86: Пыть-ях | I86: отгружено | J86: 45258 | Q86: 5760 | R86: + | S86: 320000 | T86: =S86*(F86/1000) -> 1843200
B87: Спец№69 | C87: СБМ | D87: СБМОЙЛРЕО В (Реомод ж) - 180 кг мет | E87: 271123 | F87: 360 | G87: 2 | H87: Пыть-ях | I87: отгружено | J87: 45258 | Q87: 360 | R87: + | S87: 320000 | T87: =S87*(F87/1000) -> 115200
B88: Спец№68 | C88: СБМ | D88: СБМСУЛЬФ | E88: 311023 | F88: 19000 | G88: 760 | H88: Пыть-Ях | I88: отгружено | J88: 45258 | K88: DAF К 298 МО 45 | L88: 8919-569-78-88 | M88: Шмаков Александр | O88: 19000 | R88: + | S88: 41000 | T88: =S88*(F88/1000) -> 779000
B89: Спец№73 | C89: СБМ | D89: СБМОЙЛРЕО В (Реомод ж) - 180 кг мет | E89: 261123 | F89: 2880 | G89: 16 | H89: самовывоз | I89: отгружено | J89: 45258 | K89: Газон NEXT Т 785 КО 797 | L89: 8904-364-92-57 | M89: Григорьев Александр | Q89: 2880 | R89: + | S89: 359000 | T89: =S89*(F89/1000) -> 1033920
B90: Спец№73 | C90: СБМ | D90: СБМОЙЛРЕО В (Реомод ж) - 180 кг мет | E90: 271123 | F90: 720 | G90: 4 | H90: самовывоз | I90: отгружено | J90: 45258 | Q90: 720 | R90: + | S90: 359000 | T90: =S90*(F90/1000) -> 258480
A91: авто | B91: Спец№13 | C91: МКО | D91: BLACKTROL ж - 200 кг мет | E91: 170923 | F91: 800 | G91: 4 | H91: самовывоз | I91: отгружено | J91: 45259 | K91: Скания К 696 ХХ 21 | M91: Павлов Евгений | Q91: 800 | R91: + | S91: 90000 | T91: =S91*(F91/1000) -> 72000
B92: Спец№13 | C92: МКО | D92: BLACKTROL ж - 200 кг мет | E92: 051123 | F92: 8800 | G92: 44 | H92: самовывоз | I92: отгружено | J92: 45259 | Q92: 8800 | R92: + | S92: 90000 | T92: =S92*(F92/1000) -> 792000
B93: Спец№13 | C93: МКО | D93: BLACKTROL ж - 200 кг мет | E93: 061123 | F93: 8000 | G93: 40 | H93: самовывоз | I93: отгружено | J93: 45259 | Q93: 8000 | R93: + | S93: 90000 | T93: =S93*(F93/1000) -> 720000
A94: сборка | B94: Спец№74 | C94: СБМ | D94: СБМОЙЛРЕО В (Реомод ж) - 180 кг мет | E94: 261123 | F94: 540 | G94: 3 | H94: самовывоз | I94: отгружено | J94: 45259 | K94: Ситрак А 174 УА 33 | L94: 8904-821-49-90 | M94: Ненахов Дмитрий | Q94: 540 | R94: + | S94: 359000 | T94: =S94*(F94/1000) -> 193860
B95: Спец№74 | C95: СБМ | D95: СБМОЙЛРЕО В (Реомод ж) - 180 кг мет | E95: 271123 | F95: 180 | G95: 1 | H95: самовывоз | I95: отгружено | J95: 45259 | Q95: 180 | R95: + | S95: 359000 | T95: =S95*(F95/1000) -> 64620
B96: Спец№74 | C96: СБМ | D96: СБМОЙЛРЕО В (Реомод ж) - 180 кг мет | E96: 271123 | F96: 10080 | G96: 56 | H96: самовывоз | I96: отгружено | J96: 45259 | Q96: 10080 | R96: + | S96: 359000 | T96: =S96*(F96/1000) -> 3618720
A97: Итого заказов на: | B97: =SUM(F4:F96)/1000 -> 724.859 | C97: т | T97: =SUM(T4:T96) -> 72981438
A98: Итого отгружено: | B98: =B99+B100+B101 -> 724.859 | C98: т
A99: из них ЧП: | B99: =SUM(O4:O96)/1000 -> 403.274 | C99: т
A100: из них ИНАЯ: | B100: =SUM(P4:P96)/1000 -> 22 | C100: т
...

Sheet октябрь 2023
B1: ОТГРУЗКИ ПРОДУКЦИИ | C1: 45200
A2: заметки | B2: НОМЕР ЗАКАЗА | C2: КЛИЕНТ | D2: ПРОДУКТ | E2: ПАРТИЯ | F2: КОЛИЧЕСТВО | H2: ПУНКТ НАЗНАЧЕНИЯ | I2: СТАТУС | J2: ДАТА ОТГРУЗКИ | K2: АВТОДОСТАВКА | N2: ЖД ДОСТАВКА | O2: ИТОГО ОТГРУЖЕНО | R2: АКТЫ
F3: КГ | G3: мешков/бочек | K3: № АВТО | L3: ТЕЛ. ВОДИТЕЛЯ | M3: ВОДИТЕЛЬ | N3: № КОНТЕЙНЕРА | O3: ЧП | P3: ИНАЯ | Q3: Жидкий | S3: Цена со склада за 1 тонну | T3: Итого
B4: ИСК20646-04 | C4: Петроинжиниринг | D4: EWO MUL2 - 200 кг п/эт | E4: 210923 | F4: 7200 | G4: 36 | H4: Нефтеюганск | I4: отгружено | J4: 45201 | K4: Даф О922 КМ 29 | L4: 8 911 685 32 02 | M4: Журавлёв Николай | Q4: 7200 | S4: 180000 | T4: =S4*(F4/1000) -> 1296000
B5: ИСК20646-04 | C5: Петроинжиниринг | D5: EWO MUL2 - 200 кг п/эт | E5: 220923 | F5: 10400 | G5: 52 | H5: Нефтеюганск | I5: отгружено | J5: 45201 | K5: Даф О922 КМ 29 | Q5: 10400 | S5: 180000 | T5: =S5*(F5/1000) -> 1872000
B6: Спец№4 | C6: МадСервис | D6: СУПЕРСЛАЙДЕР ГОЛД - 180 кг мет | E6: 230923 | F6: 5040 | G6: 28 | H6: Самара | I6: отгружено | J6: 45201 | K6: Камаз Е950 СЕ 73 | L6: 8 909 358 23 60 | M6: Мышляев Денис | Q6: 5040 | S6: 110000 | T6: =S6*(F6/1000) -> 554400
B7: Спец№71 | C7: СБМ | D7: СБМСУЛЬФ | E7: 070923 | F7: 20000 | G7: 800 | H7: самовывоз | I7: отгружено | J7: 45201 | K7: Камаз О218 АР 68 | L7: 8 910 651 00 62 | M7: Бахшиев Раян | O7: 20000 | S7: 41000 | T7: =S7*(F7/1000) -> 820000
B8: Спец№71 | C8: СБМ | D8: СБМСУЛЬФ | E8: 290923 | F8: 20000 | G8: 800 | H8: самовывоз | I8: отгружено | J8: 45201 | K8: Вольво В395 ВХ 797 | L8: 8 999 250 94 84 | M8: Голуб Владимир | O8: 20000 | S8: 41000 | T8: =S8*(F8/1000) -> 820000
B9: Спец№30 | C9: Химпром | D9: Оптитрол Пор | E9: BJ0094-23 | F9: 10000 | G9: 500 | H9: самовывоз | I9: отгружено | J9: 45202 | K9: Рено М841 МТ 18 | L9: 8 912 756 51 88 | M9: Лебедев Андрей | P9: 10000 | S9: 79000 | T9: =S9*(F9/1000) -> 790000
B10: Спец№30 | C10: Химпром | D10: АСФАСОЛ | E10: BJ0095-23 | F10: 10000 | G10: 400 | H10: самовывоз | I10: отгружено | J10: 45202 | K10: Рено М841 МТ 18 | O10: 10000 | S10: 45000 | T10: =S10*(F10/1000) -> 450000
B11: ИСК20535-04 | C11: Петроинжиниринг | D11: EWO MUL2 - 200 кг п/эт | E11: 150923 | F11: 14400 | G11: 72 | H11: Коротчаево | I11: отгружено | J11: 45202 | K11: Скания Н166 МН 159 | L11: 8 922 374 36 58 | M11: Устинов Алексей | Q11: 14400 | S11: 180000 | T11: =S11*(F11/1000) -> 2592000
B12: ИСК20535-04 | C12: Петроинжиниринг | D12: EWO MUL2 - 200 кг п/эт | E12: 160923 | F12: 3200 | G12: 16 | H12: Коротчаево | I12: отгружено | J12: 45202 | K12: Скания Н166 МН 159 | Q12: 3200 | S12: 180000 | T12: =S12*(F12/1000) -> 576000
B13: Спец№19 | C13: Буринтех | D13: СУЛЬФОБИТ бум 25 кг | E13: 200923 | F13: 20000 | G13: 800 | H13: Пыть-Ях | I13: отгружено | J13: 45202 | K13: Вольво М552 КК 29 | L13: 8 911 874 49 00 | M13: Суров Сергей | O13: 20000 | S13: 39000 | T13: =S13*(F13/1000) -> 780000
B14: Спец№68 | C14: СБМ | D14: СБМСУЛЬФ | E14: 060923 | F14: 20000 | G14: 800 | H14: Пыть-Ях | I14: отгружено | J14: 45202 | K14: Скания В987 ЕК 156 | L14: 8 919 853 01 26 | M14: Семенов Александр | O14: 20000 | S14: 41000 | T14: =S14*(F14/1000) -> 820000
B15: ИСК20652-03 | C15: Петроинжиниринг | D15: EWO MUL2 - 200 кг п/эт | E15: 220923 | F15: 3200 | G15: 16 | H15: Демьянка | I15: отгружено | J15: 45202 | K15: Даф К298 МО 45 | L15: 8 919 569 78 88 | M15: Шмаков Александр | Q15: 3200 | S15: 180000 | T15: =S15*(F15/1000) -> 576000
B16: ИСК20652-03 | C16: Петроинжиниринг | D16: EWO MUL2 - 200 кг п/эт | E16: 240923 | F16: 14400 | G16: 72 | H16: Демьянка | I16: отгружено | J16: 45202 | K16: Даф К298 МО 45 | Q16: 14400 | S16: 180000 | T16: =S16*(F16/1000) -> 2592000
B17: Спец№17 | C17: Инко-Сервис | D17: ВЕЛЛТРИТ - 180 кг мет | E17: 14092023-9 | F17: 2160 | G17: 12 | H17: Волгоград | I17: отгружено | J17: 45202 | K17: Камаз Н056 МК 73 | L17: 8 927 822 60 48 | M17: Белов Андрей | Q17: 2160 | S17: 158000 | T17: =S17*(F17/1000) -> 341280
B18: Спец№17 | C18: Инко-Сервис | D18: ЭКСТРАМУЛ-2000 - 180 кг мет | E18: 18092023-5 | F18: 13680 | G18: 76 | H18: Волгоград | I18: отгружено | J18: 45202 | K18: Камаз Н056 МК 73 | Q18: 13680 | S18: 125000 | T18: =S18*(F18/1000) -> 1710000
B19: Спец№7 | C19: KazPetroDrilling | D19: Оптитрол Ж - 200 кг п/эт | E19: 020923 | F19: 3400 | G19: 17 | H19: Жанаозен | I19: отгружено | J19: 45203 | K19: Даф Е375 АМ 198 | L19: 8 927 090 86 60 | M19: Каражан Арман | Q19: 3400 | S19: 70668 | T19: =S19*(F19/1000) -> 240271.2
B20: Спец№7 | C20: KazPetroDrilling | D20: Оптитрол Ж - 200 кг п/эт | E20: 030923 | F20: 7200 | G20: 36 | H20: Жанаозен | I20: отгружено | J20: 45203 | K20: Даф Е375 АМ 198 | Q20: 7200 | S20: 70668 | T20: =S20*(F20/1000) -> 508809.6
B21: Спец№7 | C21: KazPetroDrilling | D21: Оптитрол Ж - 200 кг п/эт | E21: 090923 | F21: 7000 | G21: 35 | H21: Жанаозен | I21: отгружено | J21: 45203 | K21: Даф Е375 АМ 198 | Q21: 7000 | S21: 70668 | T21: =S21*(F21/1000) -> 494676
B22: Спец№68 | C22: СБМ | D22: СБМСУЛЬФ | E22: 021023 | F22: 20000 | G22: 800 | H22: Пыть-Ях | I22: отгружено | J22: 45204 | K22: Даф М547 НЕ 29 | L22: 8 999 250 87 92 | M22: Грязов Руслан | O22: 20000 | S22: 41000 | T22: =S22*(F22/1000) -> 820000
B23: Спец№70 | C23: СБМ | D23: СБМЛУБ ПЛЮС (СС Платинум) - 185 кг п/эт | E23: 190923 | F23: 8140 | G23: 44 | H23: Новый Уренгой | I23: отгружено | J23: 45204 | K23: Фав С982 ЕТ 196 | L23: 8 919 597 57 97 | M23: Абабков Сергей | Q23: 8140 | S23: 230000 | T23: =S23*(F23/1000) -> 1872200
B24: Спец№70 | C24: СБМ | D24: СБМЛУБ ПЛЮС (СС Платинум) - 185 кг п/эт | E24: 200923 | F24: 8140 | G24: 44 | H24: Новый Уренгой | I24: отгружено | J24: 45204 | K24: Фав С982 ЕТ 196 | Q24: 8140 | S24: 230000 | T24: =S24*(F24/1000) -> 1872200
B25: Спец№10 | C25: ERIELL | D25: ТЕРРАПАН | E25: 280823 | F25: 20000 | G25: 800 | H25: самовывоз | I25: отгружено | J25: 45204 | K25: Даф 50L217TA | M25: Иброхимов Иссокхон | P25: 20000 | S25: 245000 | T25: =S25*(F25/1000) -> 4900000
B26: 43273 | C26: ТКШ | D26: Реасолт | E26: 160923 | F26: 15890 | G26: 700 | H26: Пурпе | I26: отгружено | J26: 45206 | N26: RZDU0717201 | O26: 15890 | S26: 42500 | T26: =S26*(F26/1000) -> 675325
B27: БС-40629 | C27: БурСервис | D27: TORQ TRIM II PLUS (СС Голд) - 185 кг п/эт | E27: 300923 | F27: 8140 | G27: 44 | H27: Пыть-Ях | I27: отгружено | J27: 45208 | K27: DAF К008МА 29 | L27: 89212944049 | M27: Белоцерковский Алексей | Q27: 8140 | S27: 110800 | T27: =S27*(F27/1000) -> 901912
B28: БС-40629 | C28: БурСервис | D28: TORQ TRIM II PLUS (СС Голд) - 185 кг п/эт | E28: 011029 | F28: 7955 | G28: 43 | H28: Пыть-Ях | I28: отгружено | J28: 45208 | K28: DAF К008МА 29 | Q28: 7955 | S28: 110800 | T28: =S28*(F28/1000) -> 881414
B29: БС-40629 | C29: БурСервис | D29: TORQ TRIM II PLUS (СС Голд) - 185 кг п/эт | E29: 290923 | F29: 185 | G29: 1 | H29: Пыть-Ях | I29: отгружено | J29: 45208 | K29: DAF К008МА 29 | Q29: 185 | S29: 110800 | T29: =S29*(F29/1000) -> 20498
B30: Спец№11 | C30: МКО | D30: BLACKTROL ж - 200 кг мет | E30: 080923 | F30: 200 | G30: 1 | H30: самовывоз | I30: отгружено | J30: 45208 | K30: Даф О272 УС 18 | M30: Данилов Дмитрий | Q30: 200 | S30: 90000 | T30: =S30*(F30/1000) -> 18000
B31: Спец№11 | C31: МКО | D31: BLACKTROL ж - 200 кг мет | E31: 120923 | F31: 1600 | G31: 8 | H31: самовывоз | I31: отгружено | J31: 45208 | K31: Даф О272 УС 18 | Q31: 1600 | S31: 90000 | T31: =S31*(F31/1000) -> 144000
B32: Спец№11 | C32: МКО | D32: BLACKTROL ж - 200 кг мет | E32: 130923 | F32: 8800 | G32: 44 | H32: самовывоз | I32: отгружено | J32: 45208 | K32: Даф О272 УС 18 | Q32: 8800 | S32: 90000 | T32: =S32*(F32/1000) -> 792000
B33: Спец№11 | C33: МКО | D33: BLACKTROL ж - 200 кг мет | E33: 140923 | F33: 7000 | G33: 35 | H33: самовывоз | I33: отгружено | J33: 45208 | K33: Даф О272 УС 18 | Q33: 7000 | S33: 90000 | T33: =S33*(F33/1000) -> 630000
B34: Спец№2 | C34: BioEnergy | D34: ЭКСТРАМУЛ-2000 - 180 кг мет | E34: 290923 | F34: 14400 | G34: 80 | H34: самовывоз | I34: отгружено | J34: 45209 | K34: RENAULT А861ЕР 198 | L34: 8 911 760-77-92 | M34: Абдулгалимов Марат | Q34: 14400 | S34: 115000 | T34: =S34*(F34/1000) -> 1656000
B35: Спец№2 | C35: BioEnergy | D35: СУПЕРСЛАЙДЕР ГОЛД - 180 кг мет | E35: 280923 | F35: 14400 | G35: 80 | H35: самовывоз | I35: отгружено | J35: 45209 | K35: VOLVO О201НК29 | M35: Гладышев Артём | Q35: 14400 | S35: 73000 | T35: =S35*(F35/1000) -> 1051200
B36: Спец№2 | C36: BioEnergy | D36: ЭКСТРАМУЛ-2000 - 180 кг мет | E36: 250923 | F36: 14400 | G36: 80 | H36: самовывоз | I36: отгружено | J36: 45208 | K36: SCANIA М870КУ 198 | L36: 8921-674-72-34 | M36: Осокин Дмитрий | Q36: 14400 | S36: 115000 | T36: =S36*(F36/1000) -> 1656000
B37: Спец№2 | C37: BioEnergy | D37: ЭКСТРАМУЛ-2000 - 180 кг мет | E37: 270923 | F37: 14400 | G37: 80 | H37: самовывоз | I37: отгружено | J37: 45208 | K37: DAF Р167МС 178 | L37: 8921-49-39-704 | M37: Соснин Иван | Q37: 14400 | S37: 115000 | T37: =S37*(F37/1000) -> 1656000
A38: контейнер | B38: БС-40817 | C38: БурСервис | D38: ADAPTA LE (Адванта ж) - 25 кг канистра | E38: 051023 | F38: 3600 | G38: 144 | H38: Усинск | I38: отгружено | J38: 45210 | N38: RZDU0709870 | Q38: 3600 | S38: 220000 | T38: =S38*(F38/1000) -> 792000
B39: БС-41789 | C39: БурСервис | D39: BaraFLC (0) | E39: 051023 | F39: 11113.2 | G39: 490 | H39: Усинск | I39: отгружено | J39: 45210 | N39: RZDU0709870 | O39: 11113.2 | S39: 49500 | T39: =S39*(F39/1000) -> 550103.4
B40: Спец№7 | C40: KazPetroDrilling | D40: Оптитрол Ж - 200 кг п/эт | E40: 090923 | F40: 200 | G40: 1 | H40: Жанаозен | I40: отгружено | J40: 45210 | K40: Мерседес О119 КУ 790 | L40: 8 960 834 08 79 | M40: Дегтярёв Андрей | Q40: 200 | S40: 70668 | T40: =S40*(F40/1000) -> 14133.6
B41: Спец№7 | C41: KazPetroDrilling | D41: Оптитрол Ж - 200 кг п/эт | E41: 120923 | F41: 7400 | G41: 37 | H41: Жанаозен | I41: отгружено | J41: 45210 | K41: Мерседес О119 КУ 790 | Q41: 7400 | S41: 70668 | T41: =S41*(F41/1000) -> 522943.2
B42: Спец№7 | C42: KazPetroDrilling | D42: Оптитрол Ж - 200 кг п/эт | E42: 130923 | F42: 7200 | G42: 36 | H42: Жанаозен | I42: отгружено | J42: 45210 | K42: Мерседес О119 КУ 790 | Q42: 7200 | S42: 70668 | T42: =S42*(F42/1000) -> 508809.6
B43: Спец№7 | C43: KazPetroDrilling | D43: Оптитрол Ж - 200 кг п/эт | E43: 140923 | F43: 2800 | G43: 14 | H43: Жанаозен | I43: отгружено | J43: 45210 | K43: Мерседес О119 КУ 790 | Q43: 2800 | S43: 70668 | T43: =S43*(F43/1000) -> 197870.4
A44: контейнер | B44: БС-41313 | C44: БурСервис | D44: BaraFLC | E44: 061023 | F44: 15876 | G44: 700 | H44: Пурпе | I44: отгружено | J44: 45211 | N44: RZDU0473867 | O44: 15876 | S44: 49500 | T44: =S44*(F44/1000) -> 785862
A45: контейнер | B45: БС-41313 | C45: БурСервис | D45: BaraFLC | E45: 071023 | F45: 15876 | G45: 700 | H45: Пурпе | I45: отгружено | J45: 45211 | N45: RZDU0737872 | O45: 15876 | S45: 49500 | T45: =S45*(F45/1000) -> 785862
B46: Спец№68 | C46: СБМ | D46: СБМСУЛЬФ | E46: 041023 | F46: 12000 | G46: 480 | H46: Пыть-Ях | I46: отгружено | J46: 45215 | K46: Скания М503 СМ 159 | L46: 8 919 710 17 26 | M46: Ракшин Андрей | O46: 12000 | S46: 41000 | T46: =S46*(F46/1000) -> 492000
B47: Спец№69 | C47: СБМ | D47: СБМОЙЛРЕО В (Реомод ж) - 180 кг мет | E47: 290423 | F47: 1620 | G47: 9 | H47: Пыть-Ях | I47: отгружено | J47: 45215 | K47: Скания М503 СМ 159 | Q47: 1620 | S47: 320000 | T47: =S47*(F47/1000) -> 518400
B48: Спец№69 | C48: СБМ | D48: СБМОЙЛРЕО В (Реомод ж) - 180 кг мет | E48: 120523 | F48: 5580 | G48: 31 | H48: Пыть-Ях | I48: отгружено | J48: 45215 | K48: Скания М503 СМ 159 | Q48: 5580 | S48: 320000 | T48: =S48*(F48/1000) -> 1785600
A49: контейнер | B49: БС-41313 | C49: БурСервис | D49: BaraFLC | E49: 101023 | F49: 15876 | G49: 700 | H49: Пурпе | I49: отгружено | J49: 45215 | N49: RZDU0688079 | O49: 15876 | S49: 49500 | T49: =S49*(F49/1000) -> 785862
A50: контейнер | B50: БС-41313 | C50: БурСервис | D50: BaraFLC | E50: 111023 | F50: 15876 | G50: 700 | H50: Пурпе | I50: отгружено | J50: 45215 | N50: RZDU0695611 | O50: 15876 | S50: 49500 | T50: =S50*(F50/1000) -> 785862
B51: БС-41444 | C51: БурСервис | D51: BaraFLC | E51: 041023 | F51: 19845 | G51: 875 | H51: Пыть-Ях | I51: отгружено | J51: 45215 | K51: Скания Н166 МН 159 | L51: 8 922 374 36 58 | M51: Устинов Алексей | O51: 19845 | S51: 49500 | T51: =S51*(F51/1000) -> 982327.5
B52: БС-40629 | C52: БурСервис | D52: TORQ TRIM II PLUS (СС Голд) - 185 кг п/эт | E52: 280923 | F52: 8140 | G52: 44 | H52: Пыть-Ях | I52: отгружено | J52: 45215 | K52: Скания О654 ОЕ 159 | L52: 8 982 482 98 64 | M52: Харин Максим | Q52: 8140 | S52: 110800 | T52: =S52*(F52/1000) -> 901912
B53: БС-40629 | C53: БурСервис | D53: TORQ TRIM II PLUS (СС Голд) - 185 кг п/эт | E53: 290923 | F53: 8140 | G53: 44 | H53: Пыть-Ях | I53: отгружено | J53: 45215 | K53: Скания О654 ОЕ 159 | Q53: 8140 | S53: 110800 | T53: =S53*(F53/1000) -> 901912
B54: БС-40625 | C54: БурСервис | D54: BaraFLC | E54: 081023 | F54: 19845 | G54: 875 | H54: Пыть-Ях | I54: отгружено | J54: 45215 | K54: Рено Х456 ХМ 56 | L54: 8 987 868 58 82 | M54: Кристанов Николай | O54: 19845 | S54: 49500 | T54: =S54*(F54/1000) -> 982327.5
A55: контейнер | B55: БС-41315 | C55: БурСервис | D55: TORQ TRIM II PLUS (СС Голд) - 185 кг мет | E55: 060423 | F55: 3515 | G55: 19 | H55: Пурпе | I55: отгружено | J55: 45216 | N55: RZDU0603981 | Q55: 3515 | S55: 110800 | T55: =S55*(F55/1000) -> 389462
A56: контейнер | B56: БС-41315 | C56: БурСервис | D56: TORQ TRIM II PLUS (СС Голд) - 185 кг мет | E56: 071023 | F56: 8325 | G56: 45 | H56: Пурпе | I56: отгружено | J56: 45216 | N56: RZDU0603981 | Q56: 8325 | S56: 110800 | T56: =S56*(F56/1000) -> 922410
A57: контейнер | B57: БС-41315 | C57: БурСервис | D57: TORQ TRIM II PLUS (СС Голд) - 185 кг мет | E57: 081023 | F57: 2960 | G57: 16 | H57: Пурпе | I57: отгружено | J57: 45216 | N57: RZDU0603981 | Q57: 2960 | S57: 110800 | T57: =S57*(F57/1000) -> 327968
A58: контейнер | B58: БС-41315 | C58: БурСервис | D58: TORQ TRIM II PLUS (СС Голд) - 185 кг мет | E58: 081023 | F58: 5550 | G58: 30 | H58: Пурпе | I58: отгружено | J58: 45216 | N58: RZDU0726559 | Q58: 5550 | S58: 110800 | T58: =S58*(F58/1000) -> 614940
A59: контейнер | B59: БС-41315 | C59: БурСервис | D59: TORQ TRIM II PLUS (СС Голд) - 185 кг мет | E59: 081023/1 | F59: 8325 | G59: 45 | H59: Пурпе | I59: отгружено | J59: 45216 | N59: RZDU0726559 | Q59: 8325 | S59: 110800 | T59: =S59*(F59/1000) -> 922410
A60: контейнер | B60: БС-41315 | C60: БурСервис | D60: TORQ TRIM II PLUS (СС Голд) - 185 кг мет | E60: 091023 | F60: 925 | G60: 5 | H60: Пурпе | I60: отгружено | J60: 45216 | N60: RZDU0726559 | Q60: 925 | S60: 110800 | T60: =S60*(F60/1000) -> 102490
A61: контейнер | B61: БС-41315 | C61: БурСервис | D61: TORQ TRIM II PLUS (СС Голд) - 185 кг мет | E61: 091023 | F61: 7585 | G61: 41 | H61: Пурпе | I61: отгружено | J61: 45216 | N61: RZDU0607729 | Q61: 7585 | S61: 110800 | T61: =S61*(F61/1000) -> 840418
A62: контейнер | B62: БС-41315 | C62: БурСервис | D62: TORQ TRIM II PLUS (СС Голд) - 185 кг мет | E62: 091023/1 | F62: 7215 | G62: 39 | H62: Пурпе | I62: отгружено | J62: 45216 | N62: RZDU0607729 | Q62: 7215 | S62: 110800 | T62: =S62*(F62/1000) -> 799422
B63: Спец№4 | C63: СОЛАРКЕМ | D63: СУПЕРСЛАЙДЕР СИЛЬВЕР - 200 кг п/эт | E63: 151023 | F63: 4000 | G63: 20 | H63: самовывоз | I63: отгружено | J63: 45216 | K63: ГАЗ В499ЕС 719 | L63: 89677131950 | M63: Мингалимов Ильшат | Q63: 4000 | S63: 92500 | T63: =S63*(F63/1000) -> 370000
A64: контейнер | B64: Спец№1 | C64: УгутНефРЕсурс | D64: Стабилайт II марк 25 кг | E64: 270923 | F64: 17500 | G64: 700 | H64: Лена | I64: отгружено | J64: 45217 | N64: TKRU3460766 | O64: 17500 | S64: 45000 | T64: =S64*(F64/1000) -> 787500
A65: контейнер | B65: Спец№1 | C65: УгутНефРЕсурс | D65: Стабилайт II марк 25 кг | E65: 280923 | F65: 17500 | G65: 700 | H65: Лена | I65: отгружено | J65: 45217 | N65: RZDU0718506 | O65: 17500 | S65: 45000 | T65: =S65*(F65/1000) -> 787500
A66: контейнер | B66: БС-41313 | C66: БурСервис | D66: BaraFLC | E66: 141023 | F66: 15876 | G66: 700 | H66: Пурпе | I66: отгружено | J66: 45218 | N66: TKRU3016010 | O66: 15876 | S66: 49500 | T66: =S66*(F66/1000) -> 785862
A67: контейнер | B67: БС-41315 | C67: БурСервис | D67: TORQ TRIM II PLUS (СС Голд) - 185 кг мет | E67: 091023/1 | F67: 1295 | G67: 7 | H67: Пурпе | I67: отгружено | J67: 45218 | N67: RZDU0427877 | Q67: 1295 | S67: 110800 | T67: =S67*(F67/1000) -> 143486
A68: контейнер | B68: БС-41315 | C68: БурСервис | D68: TORQ TRIM II PLUS (СС Голд) - 185 кг мет | E68: 101023 | F68: 8510 | G68: 46 | H68: Пурпе | I68: отгружено | J68: 45218 | N68: RZDU0427877 | Q68: 8510 | S68: 110800 | T68: =S68*(F68/1000) -> 942908
A69: контейнер | B69: БС-41315 | C69: БурСервис | D69: TORQ TRIM II PLUS (СС Голд) - 185 кг мет | E69: 111023 | F69: 4995 | G69: 27 | H69: Пурпе | I69: отгружено | J69: 45218 | N69: RZDU0427877 | Q69: 4995 | S69: 110800 | T69: =S69*(F69/1000) -> 553446
B70: Спец№8 | C70: ERIELL | D70: LG-DRILL | E70: 190923 | F70: 20000 | G70: 800 | H70: самовывоз | I70: отгружено | J70: 45218 | K70: VOLVO FH 12 50870CBA | L70: 89063411853 | M70: Турсинбаев Акмаджон Немаджон угли | O70: 20000 | S70: 46036.8 | T70: =S70*(F70/1000) -> 920736
B71: Спец№8 | C71: ERIELL | D71: LG-DRILL | E71: 210923 | F71: 20000 | G71: 800 | H71: самовывоз | I71: отгружено | J71: 45218 | K71: DAFXF954X2 50T263NA | L71: 89063411853 | M71: Бокижонов Самандар Окилджон угли | O71: 20000 | S71: 46036.8 | T71: =S71*(F71/1000) -> 920736
B72: Спец№8 | C72: ERIELL | D72: LG-DRILL | E72: 220923 | F72: 20000 | G72: 800 | H72: самовывоз | I72: отгружено | J72: 45218 | K72: DAF XF 460 50204NBA | L72: 89611165711 | M72: Парпиев Нурилло Мусонжонович | O72: 20000 | S72: 46036.8 | T72: =S72*(F72/1000) -> 920736
B73: БС-40625 | C73: БурСервис | D73: BaraFLC | E73: 131023 | F73: 19845 | G73: 875 | H73: Пыть-Ях | I73: отгружено | J73: 45219 | K73: DAF М547НЕ 29 | L73: 89992508792 | M73: Грязов Руслан | O73: 19845 | S73: 49500 | T73: =S73*(F73/1000) -> 982327.5
B74: Спец№8 | C74: ERIELL | D74: LG-DRILL | E74: 250923 | F74: 19000 | G74: 760 | H74: самовывоз | I74: отгружено | J74: 45219 | K74: VOLVO FH 50D153UA | L74: 89611165711 | M74: Исаков Улугбек Уринбоевич | O74: 19000 | S74: 46036.8 | T74: =S74*(F74/1000) -> 874699.2
B75: XRFO00004A-1 | C75: ТКШ | D75: Реасолт | E75: 260923 | F75: 19862.5 | G75: 875 | H75: Нягань | I75: отгружено | J75: 45219 | K75: DAF О539ОН 29 | L75: 8 921 670 06 06 | M75: Хрущ Александр | O75: 19862.5 | S75: 42500 | T75: =S75*(F75/1000) -> 844156.25
A76: контейнер | B76: Спец№14К | C76: ОМАС | D76: Сульфированный асфальт | E76: 01/2023 | F76: 17500 | G76: 700 | H76: Нижневартовск | I76: отгружено | J76: 45219 | N76: RZDU0667219 | O76: 17500 | S76: 36200 | T76: =S76*(F76/1000) -> 633500
A77: контейнер | B77: Спец№14К | C77: ОМАС | D77: СУПЕРСЛАЙДЕР ГОЛД - 200 кг п/эт | E77: 161023 | F77: 8000 | G77: 40 | H77: Нижневартовск | I77: отгружено | J77: 45219 | N77: RZDU0613660 | Q77: 8000 | S77: 86300 | T77: =S77*(F77/1000) -> 690400
A78: контейнер | B78: Спец№14К | C78: ОМАС | D78: СУПЕРСЛАЙДЕР ГОЛД - 200 кг п/эт | E78: 171023 | F78: 8000 | G78: 40 | H78: Нижневартовск | I78: отгружено | J78: 45219 | Q78: 8000 | S78: 86300 | T78: =S78*(F78/1000) -> 690400
B80: БС-40625 | C80: БурСервис | D80: BaraFLC | E80: 161023 | F80: 19845 | G80: 875 | H80: Пыть-Ях | I80: отгружено | J80: 45222 | K80: Volvo О618СМ 29 | L80: 89600155752 | M80: Вахтомин Иван | O80: 19845 | S80: 49500 | T80: =S80*(F80/1000) -> 982327.5
B81: Спец№25 | C81: Энергоресурс | D81: Стабилайт II п/проп 25 кг | E81: 155 | F81: 10000 | G81: 400 | H81: самовывоз | I81: отгружено | J81: 45222 | K81: Sitrak Р827МХ 46 | M81: Тараканов Эдуард | O81: 10000 | S81: 45000 | T81: =S81*(F81/1000) -> 450000
B82: Спец№25 | C82: Энергоресурс | D82: BLACKTROL ж - 200 кг мет | E82: 140923 | F82: 1800 | G82: 9 | H82: самовывоз | I82: отгружено | J82: 45222 | Q82: 1800 | S82: 89900 | T82: =S82*(F82/1000) -> 161820
B83: Спец№25 | C83: Энергоресурс | D83: BLACKTROL ж - 200 кг мет | E83: 150923 | F83: 7800 | G83: 39 | H83: самовывоз | I83: отгружено | J83: 45222 | Q83: 7800 | S83: 89900 | T83: =S83*(F83/1000) -> 701220
A84: 2 контейнера | B84: БС-41315 | C84: БурСервис | D84: BaraFLC | E84: 091023 | F84: 19845 | G84: 875 | H84: Пурпе | I84: отгружено | J84: 45223 | N84: RZDU0666779 | O84: 19845 | S84: 49500 | T84: =S84*(F84/1000) -> 982327.5
B85: БС-41315 | C85: БурСервис | D85: BaraFLC | E85: 121023 | F85: 11907 | G85: 525 | H85: Пурпе | I85: отгружено | J85: 45223 | N85: RZDU0729603 | O85: 11907 | S85: 49500 | T85: =S85*(F85/1000) -> 589396.5
B86: Счёт 370 | C86: ХГРП | D86: BLACKTROL ж - 25 кг канистра | E86: 191023 | F86: 1500 | G86: 60 | H86: Красноярск | I86: отгружено | J86: 45224 | Q86: 1500 | S86: 89000 | T86: =S86*(F86/1000) -> 133500
B87: Счёт 370 | C87: ХГРП | D87: Оптитрол Ж - 25 кг канистра | E87: 211023 | F87: 1100 | G87: 44 | H87: Красноярск | I87: отгружено | J87: 45224 | Q87: 1100 | S87: 65000 | T87: =S87*(F87/1000) -> 71500
B88: Счёт 370 | C88: ХГРП | D88: СУПЕРСЛАЙДЕР ПЛАТИНУМ - 25 кг канистра | E88: 221023 | F88: 500 | G88: 20 | H88: Красноярск | I88: отгружено | J88: 45224 | Q88: 500 | S88: 205000 | T88: =S88*(F88/1000) -> 102500
A90: 2 контейнера | B90: БС-41315 | C90: БурСервис | D90: BaraFLC | E90: 121023 | F90: =22.68*350 -> 7938 | G90: 350 | H90: Пурпе | I90: отгружено | J90: 45224 | N90: RZDU0472140 | O90: 7938 | S90: 49500 | T90: =S90*(F90/1000) -> 392931
B91: БС-41315 | C91: БурСервис | D91: BaraFLC | E91: 091023 | F91: =22.68*350 -> 7938 | G91: 350 | H91: Пурпе | I91: отгружено | J91: 45224 | N91: RZDU0472140 | O91: 7938 | S91: 49500 | T91: =S91*(F91/1000) -> 392931
B92: БС-41315 | C92: БурСервис | D92: BaraFLC | E92: 191023 | F92: 15876 | G92: 700 | H92: Пурпе | I92: отгружено | J92: 45224 | N92: RZDU0463426 | O92: 15876 | S92: 49500 | T92: =S92*(F92/1000) -> 785862
A94: В один контейнер | B94: Спец 20 | C94: Буринтех | D94: СУЛЬФОБИТ бум 25 кг | E94: 171023 | F94: 15750 | G94: 630 | H94: Пурпе | I94: отгружено | J94: 45225 | N94: TKRU3033532 | O94: 15750 | S94: 39000 | T94: =S94*(F94/1000) -> 614250
B95: Спец 20 | C95: Буринтех | D95: РЕОМОД ж - 180 кг | E95: 151023 | F95: 1440 | G95: 8 | H95: Пурпе | I95: отгружено | J95: 45225 | Q95: 1440 | S95: 339000 | T95: =S95*(F95/1000) -> 488160
A96: контейнер | B96: БС-41313 | C96: БурСервис | D96: BaraFLC | E96: 151023 | F96: 15876 | G96: 700 | H96: Пурпе | I96: отгружено | J96: 45225 | N96: RZDU0672339 | O96: 15876 | S96: 49500 | T96: =S96*(F96/1000) -> 785862
B97: БС-40625 | C97: БурСервис | D97: BaraFLC | E97: 211023 | F97: 19845 | G97: 875 | H97: Пыть-Ях | I97: отгружено | J97: 45223 | K97: Scania М184ВТ 159 | L97: 89519555947 | M97: Анферов Юрий | O97: 19845 | S97: 49500 | T97: =S97*(F97/1000) -> 982327.5
A98: контейнер | B98: БС-41313 | C98: БурСервис | D98: BaraFLC | E98: 201023 | F98: 15876 | G98: 700 | H98: Пурпе | I98: отгружено | J98: 45225 | N98: RZDU0696433 | O98: 15876 | S98: 49500 | T98: =S98*(F98/1000) -> 785862
B99: БС-41315 | C99: БурСервис | D99: BaraFLC | E99: 221023 | F99: 15876 | G99: 700 | H99: Пурпе | I99: отгружено | J99: 45226 | N99: RZDU0419125 | O99: 15876 | S99: 49500 | T99: =S99*(F99/1000) -> 785862
A100: в 1 Контейнер | B100: БС-41860 | C100: БурСервис | D100: Оптитрол Ж - 200 кг п/эт | E100: 140923 | F100: 4400 | G100: 22 | H100: Пурпе | I100: отгружено | J100: 45226 | N100: RZDU0707625 | Q100: 4400 | S100: 80000 | T100: =S100*(F100/1000) -> 352000
B101: БС-41860 | C101: БурСервис | D101: Оптитрол Ж - 200 кг п/эт | E101: 071023 | F101: 7200 | G101: 36 | H101: Пурпе | I101: отгружено | J101: 45226 | N101: RZDU0707625 | Q101: 7200 | S101: 80000 | T101: =S101*(F101/1000) -> 576000
B102: БС-41860 | C102: БурСервис | D102: Оптитрол Ж - 200 кг п/эт | E102: 131023 | F102: 2000 | G102: 10 | H102: Пурпе | I102: отгружено | J102: 45226 | N102: RZDU0707625 | Q102: 2000 | S102: 80000 | T102: =S102*(F102/1000) -> 160000
B103: БС-41315 | C103: БурСервис | D103: BaraFLC | E103: 261023 | F103: 2381.4 | G103: 105 | H103: Пурпе | I103: отгружено | J103: 45226 | N103: RZDU0707625 | O103: 2381.4 | S103: 49500 | T103: =S103*(F103/1000) -> 117879.3
...

Sheet сентябрь 2023
B1: ОТГРУЗКИ ПРОДУКЦИИ | C1: 45170
A2: заметки | B2: НОМЕР ЗАКАЗА | C2: КЛИЕНТ | D2: ПРОДУКТ | E2: ПАРТИЯ | F2: КОЛИЧЕСТВО | H2: ПУНКТ НАЗНАЧЕНИЯ | I2: СТАТУС | J2: ДАТА ОТГРУЗКИ | K2: АВТОДОСТАВКА | N2: ЖД ДОСТАВКА | O2: ИТОГО ОТГРУЖЕНО | R2: АКТЫ
F3: КГ | G3: мешков/бочек | K3: № АВТО | L3: ТЕЛ. ВОДИТЕЛЯ | M3: ВОДИТЕЛЬ | N3: № КОНТЕЙНЕРА | O3: ЧП | P3: ИНАЯ | Q3: Жидкий | S3: Цена со склада за 1 тонну | T3: Итого
B4: Спец№135 | C4: Акрос | D4: MEX GL-LUBE (СС Голд) - 200 кг п/эт | E4: 260823 | F4: 8800 | G4: 44 | H4: Пыть-Ях | I4: отгружено | J4: 45170 | K4: DAF K 008 MA 29 | L4: 8 911 682 59 92 | M4: Белоцерковский Алексей | Q4: 8800 | R4: + | S4: 110000 | T4: =S4*(F4/1000) -> 968000
B5: Спец№135 | C5: Акрос | D5: MEX GL-LUBE (СС Голд) - 200 кг п/эт | E5: 270823 | F5: 8800 | G5: 44 | H5: Пыть-Ях | I5: отгружено | J5: 45170 | Q5: 8800 | R5: + | S5: 110000 | T5: =S5*(F5/1000) -> 968000
A6: отгрузка с Усть-Кут | B6: Спец№10К | C6: ОМАС | D6: СУПЕРСЛАЙДЕР ГОЛД - 180 кг мет | E6: 210122 | F6: 10080 | G6: 56 | H6: Пыть-Ях | I6: отгружено | J6: 04.09.2023* | K6: Вольво М577 МР 96 | L6: 8 912 222 25 57 | M6: Комаров Константин | Q6: 10080 | S6: 90000 | T6: =S6*(F6/1000) -> 907200
A7: отгрузка с Усть-Кут | B7: Спец№10К | C7: ОМАС | D7: СУПЕРСЛАЙДЕР ГОЛД - 180 кг мет | E7: 260122 | F7: 4320 | G7: 24 | H7: Пыть-Ях | I7: отгружено | J7: 04.09.2023* | K7: Вольво М577 МР 96 | Q7: 4320 | S7: 90000 | T7: =S7*(F7/1000) -> 388800
A8: отгрузка с Усть-Кут | B8: Спец№10К | C8: ОМАС | D8: СУПЕРСЛАЙДЕР ГОЛД - 180 кг мет | E8: 030222 | F8: 1440 | G8: 8 | H8: Пыть-Ях | I8: отгружено | J8: 04.09.2023* | K8: Вольво М577 МР 96 | Q8: 1440 | S8: 90000 | T8: =S8*(F8/1000) -> 129600
B9: Спец№10 | C9: САФ-Сервис | D9: ЭКСТРАМУЛ-2000 - 190 кг п/эт | E9: 290823 | F9: 6840 | G9: 36 | H9: Пермь | I9: отгружено | J9: 45173 | K9: Volvo М552КК 29 | L9: 89118744900 | M9: Суров Сергей Владимирович | Q9: 6840 | R9: + | S9: 129700 | T9: =S9*(F9/1000) -> 887148
B10: Спец№10 | C10: САФ-Сервис | D10: ЭКСТРАМУЛ-2000 - 190 кг п/эт | E10: 300823 | F10: 8550 | G10: 45 | H10: Пермь | I10: отгружено | J10: 45173 | K10: Volvo М552КК 29 | Q10: 8550 | R10: + | S10: 129700 | T10: =S10*(F10/1000) -> 1108935
B11: Спец№10 | C11: САФ-Сервис | D11: ЭКСТРАМУЛ-2000 - 190 кг п/эт | E11: 310823 | F11: 1330 | G11: 7 | H11: Пермь | I11: отгружено | J11: 45173 | K11: Volvo М552КК 29 | Q11: 1330 | R11: + | S11: 129700 | T11: =S11*(F11/1000) -> 172501
B12: Спец№68 | C12: СБМ | D12: СБМСУЛЬФ | E12: 300823 | F12: 20000 | G12: 800 | H12: Пыть-Ях | I12: отгружено | J12: 45173 | K12: Скания В055 ВА 156 | L12: 8 987 348 11 28 | M12: Халяфутдинов Ильдар | O12: 20000 | R12: + | S12: 41000 | T12: =S12*(F12/1000) -> 820000
B13: PO #2023PY155 | C13: Petroyag | D13: ЭКСТРАМУЛ-2000 - 180 кг мет | E13: 280823 | F13: 14400 | G13: 80 | H13: Новороссийск | I13: отгружено | J13: 45173 | K13: MAN Р204НС 67 | L13: 8-915-635-38-67 | M13: Ожиганов Денис | Q13: 14400 | S13: 104000 | T13: =S13*(F13/1000) -> 1497600
B14: Спец№2 | C14: КомплексОйл | D14: ЛИКВИТРОЛ - 200 кг мет | E14: 08/23 | F14: 2400 | G14: 12 | H14: Архангельск | I14: отгружено | J14: 45174 | Q14: 2400 | S14: 167000 | T14: =S14*(F14/1000) -> 400800
B15: PO #2023PY155 | C15: Petroyag | D15: ВЕЛЛТРИТ - 180 кг мет | E15: 280823 | F15: 14400 | G15: 80 | H15: Новороссийск | I15: отгружено | J15: 45175 | K15: Mercedes-Benz Х 120 МА 60 | L15: 8-911-698-77-78 | M15: Сахиуллин Ринат | Q15: 14400 | S15: 134800 | T15: =S15*(F15/1000) -> 1941120
A16: контейнер | B16: БС-37578 | C16: БурСервис | D16: ADAPTA II (Ликвитрол) - 25 кг канистра | E16: 240823 | F16: 12000 | G16: 480 | H16: Пурпе | I16: отгружено | J16: 45177 | N16: RZDU0105382 | Q16: 12000 | S16: 165000 | T16: =S16*(F16/1000) -> 1980000
A17: контейнер | B17: БС-36789 | C17: БурСервис | D17: EZ MUL NTR (Экстрамул-2000) - 190 кг мет | E17: 270823 | F17: 5130 | G17: 27 | H17: Пурпе | I17: отгружено | J17: 45177 | N17: RZDU0706336 | Q17: 5130 | S17: 115000 | T17: =S17*(F17/1000) -> 589950
A18: контейнер | B18: БС-36789 | C18: БурСервис | D18: EZ MUL NTR (Экстрамул-2000) - 190 кг мет | E18: 280823 | F18: 8550 | G18: 45 | H18: Пурпе | I18: отгружено | J18: 45177 | N18: RZDU0706336 | Q18: 8550 | S18: 115000 | T18: =S18*(F18/1000) -> 983250
A19: контейнер | B19: БС-36789 | C19: БурСервис | D19: EZ MUL NTR (Экстрамул-2000) - 190 кг мет | E19: 290823 | F19: 1520 | G19: 8 | H19: Пурпе | I19: отгружено | J19: 45177 | N19: RZDU0706336 | Q19: 1520 | S19: 115000 | T19: =S19*(F19/1000) -> 174800
B20: БС-38613 | C20: БурСервис | D20: BaraFLC (0) | E20: 040923 | F20: 15876 | G20: 700 | H20: Усинск | I20: отгружено | J20: 45177 | N20: RZDU0657756 | O20: 15876 | S20: 49500 | T20: =S20*(F20/1000) -> 785862
B21: Спец№16 | C21: СтаркОйл | D21: ТЕРРАПАН ж - 200 кг мет | E21: 030923 | F21: 2400 | G21: 12 | H21: самовывоз | I21: отгружено | J21: 45177 | K21: Газон Х 956 КВ 152 | L21: 8-919-853-59-64 | M21: Малютин Алексей | Q21: 2400 | S21: 110000 | T21: =S21*(F21/1000) -> 264000
B22: Спец№16 | C22: СтаркОйл | D22: Оптитрол Ж - 200 кг п/эт | E22: 020923 | F22: 3200 | G22: 16 | H22: самовывоз | I22: отгружено | J22: 45177 | Q22: 3200 | S22: 68000 | T22: =S22*(F22/1000) -> 217600
B23: Спец№2 | C23: Мад Сервис | D23: КЛСП | E23: 050323 | F23: 5000 | G23: 250 | H23: Самара | I23: отгружено | J23: 45177 | K23: Газон С395НХ 797 | L23: 8-996-307-74-40 | M23: Сергиенко Артём | P23: 5000 | S23: 83800 | T23: =S23*(F23/1000) -> 419000
B24: Спец№1 | C24: Мад Сервис | D24: Сульфированный асфальт | E24: 01/2023 | F24: 8000 | G24: 320 | H24: Нижневартовск | I24: отгружено | J24: 45180 | K24: Скания Н604 ХО 159 | L24: 8 982 235 70 80 | M24: Миньковский Андрей | O24: 8000 | S24: 41000 | T24: =S24*(F24/1000) -> 328000
B25: Спец№1 | C25: Мад Сервис | D25: СУПЕРСЛАЙДЕР ГОЛД - 180 кг мет | E25: 12/22 | F25: 10080 | G25: 56 | H25: Нижневартовск | I25: отгружено | J25: 45180 | K25: Скания Н604 ХО 159 | Q25: 10080 | S25: 110000 | T25: =S25*(F25/1000) -> 1108800
B26: Спец№7 | C26: KazPetroDrilling | D26: Оптитрол Ж - 200 кг п/эт | E26: 130723 | F26: 800 | G26: 4 | H26: Жанаозен | I26: отгружено | J26: 45180 | K26: Даф У594 ВА 790 | L26: 8 920 632 65 77 | M26: Сальников Андрей | Q26: 800 | S26: 70668 | T26: =S26*(F26/1000) -> 56534.4
B27: Спец№7 | C27: KazPetroDrilling | D27: Оптитрол Ж - 200 кг п/эт | E27: 140723 | F27: 7200 | G27: 36 | H27: Жанаозен | I27: отгружено | J27: 45180 | K27: Даф У594 ВА 790 | Q27: 7200 | S27: 70668 | T27: =S27*(F27/1000) -> 508809.6
B28: Спец№7 | C28: KazPetroDrilling | D28: Оптитрол Ж - 200 кг п/эт | E28: 090823 | F28: 4200 | G28: 21 | H28: Жанаозен | I28: отгружено | J28: 45180 | K28: Даф У594 ВА 790 | Q28: 4200 | S28: 70668 | T28: =S28*(F28/1000) -> 296805.6
B29: Спец№7 | C29: KazPetroDrilling | D29: Оптитрол Ж - 200 кг п/эт | E29: 010923 | F29: 4800 | G29: 24 | H29: Жанаозен | I29: отгружено | J29: 45180 | K29: Даф У594 ВА 790 | Q29: 4800 | S29: 70668 | T29: =S29*(F29/1000) -> 339206.4
B30: Спец№7 | C30: KazPetroDrilling | D30: Оптитрол Ж - 200 кг п/эт | E30: 020923 | F30: 600 | G30: 3 | H30: Жанаозен | I30: отгружено | J30: 45180 | K30: Даф У594 ВА 790 | Q30: 600 | S30: 70668 | T30: =S30*(F30/1000) -> 42400.8
B31: Спец№10 | C31: САФ-Сервис | D31: ЭКСТРАМУЛ-2000 - 190 кг п/эт | E31: 310823 | F31: 6840 | G31: 36 | H31: Пермь | I31: отгружено | J31: 45180 | K31: Вольво К777 ОО 29 | L31: 8 960 015 44 01 | M31: Жилин Андрей | Q31: 6840 | R31: + | S31: 129700 | T31: =S31*(F31/1000) -> 887148
B32: Спец№10 | C32: САФ-Сервис | D32: ЭКСТРАМУЛ-2000 - 190 кг п/эт | E32: 010923 | F32: 8360 | G32: 44 | H32: Пермь | I32: отгружено | J32: 45180 | K32: Вольво К777 ОО 29 | Q32: 8360 | R32: + | S32: 129700 | T32: =S32*(F32/1000) -> 1084292
B33: Спец№10 | C33: САФ-Сервис | D33: ЭКСТРАМУЛ-2000 - 190 кг п/эт | E33: 020923 | F33: 1520 | G33: 8 | H33: Пермь | I33: отгружено | J33: 45180 | K33: Вольво К777 ОО 29 | Q33: 1520 | R33: + | S33: 129700 | T33: =S33*(F33/1000) -> 197144
B34: Спец№1 | C34: BioEnergy | D34: ЭКСТРАМУЛ-2000 - 900 кг еврокуб | E34: 110823 | F34: 16200 | G34: 18 | H34: Самовывоз | I34: отгружено | J34: 45180 | K34: СКАНИЯ М 870 КУ 198 | L34: 8911-676-38-81 | M34: Осокин Дмитрий | Q34: 16200 | S34: 115000 | T34: =S34*(F34/1000) -> 1863000
B35: Спец№68 | C35: СБМ | D35: СБМСУЛЬФ | E35: 310823 | F35: 20000 | G35: 800 | H35: Пыть-Ях | I35: отгружено | J35: 45181 | K35: Вольво Т954 ВВ 790 | L35: 8 920 922 35 55 | M35: Архипов Сергей | O35: 20000 | R35: + | S35: 41000 | T35: =S35*(F35/1000) -> 820000
B36: Спец№10 | C36: МКО | D36: BLACKTROL ж - 200 кг мет | E36: 160823 | F36: 2400 | G36: 12 | H36: самовывоз | I36: отгружено | J36: 45181 | K36: Вольво Х425 ММ 37 | M36: Слепцов Денис | Q36: 2400 | S36: 89900 | T36: =S36*(F36/1000) -> 215760
B37: Спец№10 | C37: МКО | D37: BLACKTROL ж - 200 кг мет | E37: 070923 | F37: 8000 | G37: 40 | H37: самовывоз | I37: отгружено | J37: 45181 | K37: Вольво Х425 ММ 37 | Q37: 8000 | S37: 89900 | T37: =S37*(F37/1000) -> 719200
B38: Спец№10 | C38: МКО | D38: BLACKTROL ж - 200 кг мет | E38: 080923 | F38: 7200 | G38: 36 | H38: самовывоз | I38: отгружено | J38: 45181 | K38: Вольво Х425 ММ 37 | Q38: 7200 | S38: 89900 | T38: =S38*(F38/1000) -> 647280
B39: Счёт №351 | C39: Морские платформы | D39: Оптитрол Ж - 200 кг п/эт | E39: 130723 | F39: 200 | G39: 1 | H39: самовывоз | I39: отгружено | J39: 45182 | K39: Деловые линии | Q39: 200 | S39: 67000 | T39: =S39*(F39/1000) -> 13400
B40: Счёт №351 | C40: Морские платформы | D40: BLACKTROL ж - 200 кг мет | E40: 160823 | F40: 200 | G40: 1 | H40: самовывоз | I40: отгружено | J40: 45182 | K40: Деловые линии | Q40: 200 | S40: 85000 | T40: =S40*(F40/1000) -> 17000
B41: Спец№3 | C41: МадСервис | D41: Сульфированный асфальт | E41: 280723 | F41: 20000 | G41: 800 | H41: Самара | I41: отгружено | J41: 45183 | K41: Мерседес К861 НС 73 | L41: 8 999 193 93 12 | M41: Краснов Вячеслав | O41: 20000 | R41: + | S41: 41000 | T41: =S41*(F41/1000) -> 820000
B42: Спец№24 | C42: Энергоресурс | D42: Стабилайт II п/проп 25 кг | E42: 154 | F42: 10000 | G42: 400 | H42: самовывоз | I42: отгружено | J42: 45184 | K42: Маз О502 РХ 159 | M42: Барбитов Алексей | O42: 10000 | S42: 45000 | T42: =S42*(F42/1000) -> 450000
B43: Спец№24 | C43: Энергоресурс | D43: BLACKTROL ж - 200 кг мет | E43: 160823 | F43: 400 | G43: 2 | H43: самовывоз | I43: отгружено | J43: 45184 | K43: Маз О502 РХ 159 | Q43: 400 | S43: 89900 | T43: =S43*(F43/1000) -> 35960
B44: Спец№24 | C44: Энергоресурс | D44: BLACKTROL ж - 200 кг мет | E44: 070923 | F44: 800 | G44: 4 | H44: самовывоз | I44: отгружено | J44: 45184 | K44: Маз О502 РХ 159 | Q44: 800 | S44: 89900 | T44: =S44*(F44/1000) -> 71920
B45: Спец№24 | C45: Энергоресурс | D45: BLACKTROL ж - 200 кг мет | E45: 080923 | F45: 1200 | G45: 6 | H45: самовывоз | I45: отгружено | J45: 45184 | K45: Маз О502 РХ 159 | Q45: 1200 | S45: 89900 | T45: =S45*(F45/1000) -> 107880
B46: Спец№24 | C46: Энергоресурс | D46: BLACKTROL ж - 200 кг мет | E46: 120923 | F46: 7200 | G46: 36 | H46: самовывоз | I46: отгружено | J46: 45184 | K46: Маз О502 РХ 159 | Q46: 7200 | S46: 89900 | T46: =S46*(F46/1000) -> 647280
B47: Спец№12К | C47: ОМАС | D47: Сульфированный асфальт | E47: 01/2023 | F47: 20000 | G47: 800 | H47: Нижневартовск | I47: отгружено | J47: 45184 | K47: Вольво О025 СМ 29 | L47: 8 911 670 46 63 | M47: Самойлов Вячеслав | O47: 20000 | S47: 42000 | T47: =S47*(F47/1000) -> 840000
B48: Счёт №336 | C48: ТМГ Технолоджи | D48: СУПЕРСЛАЙДЕР ГОЛД - 180 кг мет | E48: 220123 | F48: 2880 | G48: 16 | H48: Самовывоз | I48: отгружено | J48: 45184 | K48: Газон Р 473 МТ 48 | L48: 8 900 598 33 57 | M48: Двуреченский Илья | Q48: 2880 | S48: 110000 | T48: =S48*(F48/1000) -> 316800
B49: Спец№12К | C49: ОМАС | D49: ТЕРРАПАН | E49: 020823 | F49: 20000 | G49: 800 | H49: Нижневартовск | I49: отгружено | J49: 45187 | K49: Мерседес С094 УХ 72 | L49: 8 912 995 38 89 | M49: Новосёлов Виктор | P49: 20000 | S49: 249000 | T49: =S49*(F49/1000) -> 4980000
B50: Спец№11К | C50: ОМАС | D50: Сульфированный асфальт | E50: 01/2023 | F50: 20000 | G50: 800 | H50: Уфа | I50: отгружено | J50: 45188 | K50: Ман Х222 КВ 45 | L50: 8 958 139 44 04 | M50: Краснов Сергей | O50: 20000 | S50: 42000 | T50: =S50*(F50/1000) -> 840000
B51: БС-39167 | C51: БурСервис | D51: BaraFLC | E51: 280723 | F51: 19845 | G51: 875 | H51: Пыть-Ях | I51: отгружено | J51: 45189 | K51: Даф О539 ОН 29 | L51: 8 921 670 06 06 | M51: Хрущ Александр | O51: 19845 | S51: 49500 | T51: =S51*(F51/1000) -> 982327.5
B52: Спец№13К | C52: ОМАС | D52: Сульфированный асфальт | E52: 01/2023 | F52: 20000 | G52: 800 | H52: Нижневартовск | I52: отгружено | J52: 45189 | K52: Даф Р575 МС 45 | L52: 8 908 002 65 90 | M52: Голосков Алексей | O52: 20000 | S52: 42000 | T52: =S52*(F52/1000) -> 840000
B53: БС-39167 | C53: БурСервис | D53: BaraFLC | E53: 130923 | F53: 19845 | G53: 875 | H53: Пыть-Ях | I53: отгружено | J53: 45195 | K53: Вольво О917 МХ 29 | L53: 8 911 567 52 25 | M53: Любимков Алексей | O53: 19845 | S53: 49500 | T53: =S53*(F53/1000) -> 982327.5
B54: ИСК20646-04 | C54: Петроинжиниринг | D54: EWO MUL2 - 200 кг п/эт | E54: 160923 | F54: 10400 | G54: 52 | H54: Нефтеюганск | I54: отгружено | J54: 45196 | K54: Даф М910 РУ 29 | L54: 8 911 685 34 05 | M54: Вишняков Денис | Q54: 10400 | S54: 180000 | T54: =S54*(F54/1000) -> 1872000
B55: ИСК20646-04 | C55: Петроинжиниринг | D55: EWO MUL2 - 200 кг п/эт | E55: 210923 | F55: 7200 | G55: 36 | H55: Нефтеюганск | I55: отгружено | J55: 45196 | K55: Даф М910 РУ 29 | Q55: 7200 | S55: 180000 | T55: =S55*(F55/1000) -> 1296000
B56: Спец№3 | C56: КомплексОйл | D56: АДВАНТА ж | E56: 23 | F56: 4000 | G56: 20 | H56: Архангельск | I56: отгружено | J56: 45197 | Q56: 4000 | S56: 211000 | T56: =S56*(F56/1000) -> 844000
B57: Спец№66 | C57: СБМ | D57: СБМОЙЛБЛОК (Ст РУО) | E57: 300823 | F57: 8000 | G57: 400 | H57: самовывоз | I57: отгружено | J57: 45197 | K57: Вольво К817 СА 29 | L57: 8 911 686 80 05 | M57: Одерий Геннадий | P57: 8000 | S57: 72000 | T57: =S57*(F57/1000) -> 576000
A58: Итого заказов на: | B58: =SUM(F4:F57)/1000 -> 453.406 | C58: т | T58: =SUM(T4:T57) -> 41251442
A59: Итого отгружено: | B59: =B60+B61+B62 -> 453.406 | C59: т
A60: из них ЧП: | B60: =SUM(O4:O57)/1000 -> 193.566 | C60: т
A61: из них ИНАЯ: | B61: =SUM(P4:P57)/1000 -> 33 | C61: т
A62: из них на жидкий: | B62: =SUM(Q4:Q57)/1000 -> 226.84 | C62: т
A63: Осталось отгрузить | B63: =B58-B59 -> 0 | C63: т

Sheet август 2023
B1: ОТГРУЗКИ ПРОДУКЦИИ | C1: 45139
A2: заметки | B2: НОМЕР ЗАКАЗА | C2: КЛИЕНТ | D2: ПРОДУКТ | E2: ПАРТИЯ | F2: КОЛИЧЕСТВО | H2: ПУНКТ НАЗНАЧЕНИЯ | I2: СТАТУС | J2: ДАТА ОТГРУЗКИ | K2: АВТОДОСТАВКА | N2: ЖД ДОСТАВКА | O2: ИТОГО ОТГРУЖЕНО | R2: АКТЫ
F3: КГ | G3: мешков/бочек | K3: № АВТО | L3: ТЕЛ. ВОДИТЕЛЯ | M3: ВОДИТЕЛЬ | N3: № КОНТЕЙНЕРА | O3: ЧП | P3: ИНАЯ | Q3: Жидкий | S3: Цена со склада за 1 тонну | T3: Итого
B4: Спец№60 | C4: СБМ | D4: СБМОЙЛРЕО В (Реомод ж) - 180 кг мет | E4: 260723 | F4: 720 | G4: 4 | H4: Пыть-Ях | I4: отгружено | J4: 45139 | K4: Вольво С931 ЕМ 51 | L4: 8 921 297 46 13 | M4: Киреев Сергей | Q4: 720 | R4: + | S4: 320000 | T4: =S4*(F4/1000) -> 230400
B5: Спец№60 | C5: СБМ | D5: СБМОЙЛРЕО В (Реомод ж) - 180 кг мет | E5: 270723 | F5: 8460 | G5: 47 | H5: Пыть-Ях | I5: отгружено | J5: 45139 | K5: Вольво С931 ЕМ 51 | Q5: 8460 | R5: + | S5: 320000 | T5: =S5*(F5/1000) -> 2707200
B6: Спец№60 | C6: СБМ | D6: СБМОЙЛРЕО В (Реомод ж) - 180 кг мет | E6: 280723 | F6: 6660 | G6: 37 | H6: Пыть-Ях | I6: отгружено | J6: 45139 | K6: Вольво С931 ЕМ 51 | Q6: 6660 | R6: + | S6: 320000 | T6: =S6*(F6/1000) -> 2131200
B7: Спец№61 | C7: СБМ | D7: СБМСУЛЬФ | E7: 210723 | F7: 20000 | G7: 800 | H7: Пыть-Ях | I7: отгружено | J7: 45140 | K7: Мерседес С094 УХ 72 | L7: 8 912 995 38 89 | M7: Новоселов Виктор | O7: 20000 | R7: + | S7: 41000 | T7: =S7*(F7/1000) -> 820000
B8: Спец№61 | C8: СБМ | D8: СБМСУЛЬФ | E8: 250723 | F8: 20000 | G8: 800 | H8: Пыть-Ях | I8: отгружено | J8: 45140 | K8: Камаз Н017 ТК 799 | L8: 8 910 209 89 12 | M8: Зиборов Иван | O8: 20000 | R8: + | S8: 41000 | T8: =S8*(F8/1000) -> 820000
C9: Уренгойский речной порт | D9: BUR-RMOD L (Реомод ж) - 190 кг п/эт | E9: 070623 | F9: 190 | G9: 1 | H9: Коротчаево | I9: отгружено | J9: 45140 | K9: Деловые линии | Q9: 190 | S9: 320000 | T9: =S9*(F9/1000) -> 60800
A10: политрол | B10: Счёт№271 | C10: Геохим | D10: ПОЛИТРОЛ - 200 кг мет | E10: 260723 | F10: 1000 | G10: 5 | H10: самовывоз | I10: отгружено | J10: 45140 | K10: Газель О873 МН 29 | L10: 8 921 476 83 86 | M10: Ярков Андрей | Q10: 1000 | S10: 149000 | T10: =S10*(F10/1000) -> 149000
A11: отгрузка с Усть-Кут | B11: Спец№16 | C11: ИНКО-Сервис | D11: СУПЕРСЛАЙДЕР ГОЛД - 180 кг мет | E11: 220122 | F11: 4320 | G11: 24 | H11: Самара | I11: отгружено | J11: *03.08.2023 | Q11: 4320 | R11: + | S11: 80000 | T11: =S11*(F11/1000) -> 345600
A12: отгрузка с Усть-Кут | B12: Спец№16 | C12: ИНКО-Сервис | D12: СУПЕРСЛАЙДЕР ГОЛД - 180 кг мет | E12: 270122 | F12: 11520 | G12: 64 | H12: Самара | I12: отгружено | J12: *03.08.2023 | Q12: 11520 | R12: + | S12: 80000 | T12: =S12*(F12/1000) -> 921600
B13: Спец№61 | C13: СБМ | D13: СБМСУЛЬФ | E13: 260723 | F13: 6000 | G13: 240 | H13: Пыть-Ях | I13: отгружено | J13: 45141 | K13: Ситрак В985 ТС 43 | L13: 8 922 942 40 75 | M13: Павлов Сергей | O13: 6000 | R13: + | S13: 41000 | T13: =S13*(F13/1000) -> 246000
B14: Спец№54 | C14: СБМ | D14: СБМСУЛЬФ | E14: 270723 | F14: 4000 | G14: 160 | H14: Пыть-Ях | I14: отгружено | J14: 45141 | K14: Ситрак В985 ТС 43 | O14: 4000 | R14: + | S14: 41000 | T14: =S14*(F14/1000) -> 164000
B15: Спец№59 | C15: СБМ | D15: СБМОЙЛРЕО В (Реомод ж) - 180 кг мет | E15: 280723 | F15: 1620 | G15: 9 | H15: Пыть-Ях | I15: отгружено | J15: 45141 | K15: Ситрак В985 ТС 43 | Q15: 1620 | R15: + | S15: 320000 | T15: =S15*(F15/1000) -> 518400
B16: Спец№59 | C16: СБМ | D16: СБМОЙЛРЕО В (Реомод ж) - 180 кг мет | E16: 010823 | F16: 5580 | G16: 31 | H16: Пыть-Ях | I16: отгружено | J16: 45141 | K16: Ситрак В985 ТС 43 | Q16: 5580 | R16: + | S16: 320000 | T16: =S16*(F16/1000) -> 1785600
B17: Спец№131 | C17: АКРОС | D17: Drilling Lube - 200 кг п/эт | E17: 310723 | F17: 8800 | G17: 44 | H17: Мурманск | I17: отгружено | J17: 45142 | K17: Вольво А954 ОА 134 | L17: 8 903 478 31 40 | M17: Мошков Василий | Q17: 8800 | S17: 369000 | T17: =S17*(F17/1000) -> 3247200
B18: Спец№131 | C18: АКРОС | D18: Drilling Lube - 200 кг п/эт | E18: 010823 | F18: 8800 | G18: 44 | H18: Мурманск | I18: отгружено | J18: 45142 | K18: Вольво А954 ОА 134 | Q18: 8800 | S18: 369000 | T18: =S18*(F18/1000) -> 3247200
B19: Счёт№260 | C19: ХГРП | D19: BLACKTROL ж - 30 кг канистра | E19: 310723 | F19: 2000 | G19: 67 | H19: Чита | I19: отгружено | J19: 45142 | K19: Деловые линии | Q19: 2000 | S19: 89900 | T19: =S19*(F19/1000) -> 179800
B20: Спец№7 | C20: ЭРИЕЛЛ | D20: BLACKTROL ж - 200 кг мет | E20: 220623 | F20: 4000 | G20: 20 | H20: самовывоз | I20: отгружено | J20: 45145 | K20: Ман 80W532TA | M20: Азимов Лазизбек | Q20: 4000 | S20: 90000 | T20: =S20*(F20/1000) -> 360000
B21: Спец№7 | C21: ЭРИЕЛЛ | D21: BLACKTROL ж - 200 кг мет | E21: 260623 | F21: 800 | G21: 4 | H21: самовывоз | I21: отгружено | J21: 45145 | K21: Ман 80W532TA | Q21: 800 | S21: 90000 | T21: =S21*(F21/1000) -> 72000
B22: Спец№7 | C22: ЭРИЕЛЛ | D22: BLACKTROL ж - 200 кг мет | E22: 100723 | F22: 8000 | G22: 40 | H22: самовывоз | I22: отгружено | J22: 45145 | K22: Ман 80W532TA | Q22: 8000 | S22: 90000 | T22: =S22*(F22/1000) -> 720000
B23: Спец№7 | C23: ЭРИЕЛЛ | D23: BLACKTROL ж - 200 кг мет | E23: 170723 | F23: 4800 | G23: 24 | H23: самовывоз | I23: отгружено | J23: 45145 | K23: Ман 80W532TA | Q23: 4800 | S23: 90000 | T23: =S23*(F23/1000) -> 432000
B24: Спец№7 | C24: ЭРИЕЛЛ | D24: BLACKTROL ж - 200 кг мет | E24: 100723 | F24: 400 | G24: 2 | H24: самовывоз | I24: отгружено | J24: 45145 | K24: Ман 80142TBA | M24: Одилов Сардорбек | Q24: 400 | S24: 90000 | T24: =S24*(F24/1000) -> 36000
B25: Спец№7 | C25: ЭРИЕЛЛ | D25: BLACKTROL ж - 200 кг мет | E25: 170723 | F25: 4200 | G25: 21 | H25: самовывоз | I25: отгружено | J25: 45145 | K25: Ман 80142TBA | Q25: 4200 | S25: 90000 | T25: =S25*(F25/1000) -> 378000
B26: Спец№7 | C26: ЭРИЕЛЛ | D26: BLACKTROL ж - 200 кг мет | E26: 180723 | F26: 9000 | G26: 45 | H26: самовывоз | I26: отгружено | J26: 45145 | K26: Ман 80142TBA | Q26: 9000 | S26: 90000 | T26: =S26*(F26/1000) -> 810000
B27: Спец№7 | C27: ЭРИЕЛЛ | D27: BLACKTROL ж - 200 кг мет | E27: 190723 | F27: 4000 | G27: 20 | H27: самовывоз | I27: отгружено | J27: 45145 | K27: Ман 80142TBA | Q27: 4000 | S27: 90000 | T27: =S27*(F27/1000) -> 360000
B28: Спец№7 | C28: ЭРИЕЛЛ | D28: BLACKTROL ж - 200 кг мет | E28: 190723 | F28: 5000 | G28: 25 | H28: самовывоз | I28: отгружено | J28: 45145 | K28: Ман 80J592VA | M28: Махмудов Максуджон | Q28: 5000 | S28: 90000 | T28: =S28*(F28/1000) -> 450000
B29: Спец№7 | C29: ЭРИЕЛЛ | D29: BLACKTROL ж - 200 кг мет | E29: 200723 | F29: 8800 | G29: 44 | H29: самовывоз | I29: отгружено | J29: 45145 | K29: Ман 80J592VA | Q29: 8800 | S29: 90000 | T29: =S29*(F29/1000) -> 792000
B30: Спец№7 | C30: ЭРИЕЛЛ | D30: BLACKTROL ж - 200 кг мет | E30: 210723 | F30: 3800 | G30: 19 | H30: самовывоз | I30: отгружено | J30: 45145 | K30: Ман 80J592VA | Q30: 3800 | S30: 90000 | T30: =S30*(F30/1000) -> 342000
B31: Спец№7К | C31: ОМАС | D31: ТЕРРАПАН | E31: 280723 | F31: 20000 | G31: 800 | H31: Нижневартовск | I31: отгружено | J31: 45147 | K31: Скания М173 ВА 159 | L31: 8 982 480 25 26 | M31: Пепеляев Михаил | P31: 20000 | S31: 249000 | T31: =S31*(F31/1000) -> 4980000
B32: Спец№3 | C32: Соларкем | D32: Сульфированный асфальт | E32: 080823 | F32: 3000 | G32: 120 | H32: самовывоз | I32: отгружено | J32: 45147 | K32: Газ К472 МК 45 | L32: 8 919 575 44 37 | M32: Лапин Алексей | O32: 3000 | S32: 42000 | T32: =S32*(F32/1000) -> 126000
B33: Спец№8К | C33: ОМАС | D33: Сульфированный асфальт | E33: 01/2023 | F33: 20000 | G33: 800 | H33: Нижневартовск | I33: отгружено | J33: 45147 | K33: Даф А032 НА 45 | L33: 8 919 588 65 79 | M33: Колупаев Дмитрий | O33: 20000 | S33: 42000 | T33: =S33*(F33/1000) -> 840000
B34: Спец№131 | C34: АКРОС | D34: Drilling Lube - 200 кг п/эт | E34: 020823 | F34: 8800 | G34: 44 | H34: Мурманск | I34: отгружено | J34: 45148 | K34: Вольво М128 УТ 10 | L34: 8 911 414 67 87 | M34: Беззубков Антон | Q34: 8800 | S34: 369000 | T34: =S34*(F34/1000) -> 3247200
B35: Спец№131 | C35: АКРОС | D35: Drilling Lube - 200 кг п/эт | E35: 030823 | F35: 8800 | G35: 44 | H35: Мурманск | I35: отгружено | J35: 45148 | K35: Вольво М128 УТ 10 | Q35: 8800 | S35: 369000 | T35: =S35*(F35/1000) -> 3247200
B36: Спец№8К | C36: ОМАС | D36: ТЕРРАПАН | E36: 020823 | F36: 20000 | G36: 800 | H36: Нижневартовск | I36: отгружено | J36: 45149 | K36: Даф К008 МА 29 | L36: 8 911 682 59 92 | M36: Белоцерковский Алексей | P36: 20000 | S36: 249000 | T36: =S36*(F36/1000) -> 4980000
A37: контейнер | B37: БС-36243 | C37: БурСервис | D37: BaraFLC (0) | E37: 080623 | F37: 15876 | G37: 700 | H37: Усинск | I37: отгружено | J37: 45149 | O37: 15876 | S37: 49500 | T37: =S37*(F37/1000) -> 785862
A38: контейнер | B38: БС-36243 | C38: БурСервис | D38: BaraFLC (0) | E38: 070823 | F38: 15876 | G38: 700 | H38: Усинск | I38: отгружено | J38: 45149 | O38: 15876 | S38: 49500 | T38: =S38*(F38/1000) -> 785862
B39: Спец№134 | C39: Акрос | D39: MEX GL-LUBE (СС Голд) - 200 кг п/эт | E39: 070823 | F39: 8800 | G39: 44 | H39: Мегион | I39: отгружено | J39: 45152 | K39: Скания Т059 АК 59 | L39: 8 999 861 45 97 | M39: Чугунов Владимир | Q39: 8800 | S39: 110000 | T39: =S39*(F39/1000) -> 968000
B40: Спец№134 | C40: Акрос | D40: MEX GL-LUBE (СС Голд) - 200 кг п/эт | E40: 080823 | F40: 8800 | G40: 44 | H40: Мегион | I40: отгружено | J40: 45152 | K40: Скания Т059 АК 59 | Q40: 8800 | S40: 110000 | T40: =S40*(F40/1000) -> 968000
B41: Спец№134 | C41: Акрос | D41: MEX GL-LUBE (СС Голд) - 200 кг п/эт | E41: 100823 | F41: 8800 | G41: 44 | H41: Мегион | I41: отгружено | J41: 45152 | K41: Вольво К777 ОО 29 | L41: 8 960 015 44 04 | M41: Жилин Андрей | Q41: 8800 | S41: 110000 | T41: =S41*(F41/1000) -> 968000
B42: Спец№134 | C42: Акрос | D42: MEX GL-LUBE (СС Голд) - 200 кг п/эт | E42: 110823 | F42: 8800 | G42: 44 | H42: Мегион | I42: отгружено | J42: 45152 | K42: Вольво К777 ОО 29 | Q42: 8800 | S42: 110000 | T42: =S42*(F42/1000) -> 968000
B43: Спец№133 | C43: Акрос | D43: MEX GL-LUBE (СС Голд) - 200 кг п/эт | E43: 270723 | F43: 8800 | G43: 44 | H43: Нижневартовск | I43: отгружено | J43: 45153 | K43: Вольво О025 СМ 29 | L43: 8 911 670 46 63 | M43: Самойлов Вячеслав | Q43: 8800 | S43: 110000 | T43: =S43*(F43/1000) -> 968000
B44: Спец№133 | C44: Акрос | D44: MEX GL-LUBE (СС Голд) - 200 кг п/эт | E44: 280723 | F44: 8800 | G44: 44 | H44: Нижневартовск | I44: отгружено | J44: 45153 | K44: Вольво О025 СМ 29 | Q44: 8800 | S44: 110000 | T44: =S44*(F44/1000) -> 968000
B45: Спец№9К | C45: ОМАС | D45: ТЕРРАПАН | E45: 05/2023 | F45: 20000 | G45: 800 | H45: Пыть-Ях | I45: отгружено | J45: 45153 | K45: Вольво М552 КК 29 | L45: 8 911 874 49 00 | M45: Суров Сергей | P45: 20000 | S45: 249000 | T45: =S45*(F45/1000) -> 4980000
B46: Спец№9К | C46: ОМАС | D46: Сульфированный асфальт | E46: 01/2023 | F46: 20000 | G46: 800 | H46: Пыть-Ях | I46: отгружено | J46: 45153 | K46: Вольво С931 ЕМ 51 | L46: 8 921 297 46 13 | M46: Киреев Сергей | O46: 20000 | S46: 42000 | T46: =S46*(F46/1000) -> 840000
B47: Спец№15 | C47: СтаркОйл | D47: ТЕРРАПАН ж - 200 кг мет | E47: 110823 | F47: 3200 | G47: 16 | H47: самовывоз | I47: отгружено | J47: 45153 | K47: DAF А359ХМ 159 | L47: 8 912 982 58 97 | M47: Имайкин Альберт | Q47: 3200 | S47: 110000 | T47: =S47*(F47/1000) -> 352000
B48: Спец№9 | C48: Миррико | D48: BLACKTROL ж - 200 кг мет | E48: 210723 | F48: 5200 | G48: 26 | H48: самовывоз | I48: отгружено | J48: 45154 | K48: DAF Е 281ХА 21 | M48: Порфирьев Сергей | Q48: 5200 | S48: 90000 | T48: =S48*(F48/1000) -> 468000
B49: Спец№9 | C49: Миррико | D49: BLACKTROL ж - 200 кг мет | E49: 310723 | F49: 7000 | G49: 35 | H49: самовывоз | I49: отгружено | J49: 45154 | Q49: 7000 | S49: 90000 | T49: =S49*(F49/1000) -> 630000
B50: Спец№9 | C50: Миррико | D50: BLACKTROL ж - 200 кг мет | E50: 140823 | F50: 5400 | G50: 27 | H50: самовывоз | I50: отгружено | J50: 45154 | Q50: 5400 | S50: 90000 | T50: =S50*(F50/1000) -> 486000
B51: Спец№9К | C51: ОМАС | D51: Сульфированный асфальт | E51: 01/2023 | F51: 20000 | G51: 800 | H51: Пыть-Ях | I51: отгружено | J51: 45154 | K51: Камаз К 377 МН 799 | L51: 8 906 651 68 27 | M51: Сорокин Владимир | O51: 20000 | S51: 42000 | T51: =S51*(F51/1000) -> 840000
B52: БС-35902 | C52: БурСервис | D52: ADAPTA II (Ликвитрол) - 25 кг канистра | E52: 080823 | F52: 800 | G52: 32 | H52: Пурпе | I52: отгружено | J52: 45155 | K52: Скания О654ОЕ 159 | L52: 8 982 482 98 64 | M52: Харин Максим | Q52: 800 | S52: 165000 | T52: =S52*(F52/1000) -> 132000
B53: БС-35902 | C53: БурСервис | D53: EZ MUL NTR (Экстрамул-2000) - 190 кг мет | E53: 100723 | F53: 1900 | G53: 10 | H53: Пурпе | I53: отгружено | J53: 45155 | K53: Скания О654ОЕ 159 | Q53: 1900 | S53: 115000 | T53: =S53*(F53/1000) -> 218500
B54: БС-35902 | C54: БурСервис | D54: EZ MUL NTR (Экстрамул-2000) - 190 кг мет | E54: 070823 | F54: 8360 | G54: 44 | H54: Пурпе | I54: отгружено | J54: 45155 | K54: Скания О654ОЕ 159 | Q54: 8360 | S54: 115000 | T54: =S54*(F54/1000) -> 961400
B55: БС-35902 | C55: БурСервис | D55: EZ MUL NTR (Экстрамул-2000) - 190 кг мет | E55: 080823 | F55: 4940 | G55: 26 | H55: Пурпе | I55: отгружено | J55: 45155 | K55: Скания О654ОЕ 159 | Q55: 4940 | S55: 115000 | T55: =S55*(F55/1000) -> 568100
A56: контейнер | B56: БС-35902 | C56: БурСервис | D56: ADAPTA II (Ликвитрол) - 25 кг канистра | E56: 080823 | F56: 7200 | G56: 288 | H56: Пурпе | I56: отгружено | J56: 45156 | Q56: 7200 | S56: 165000 | T56: =S56*(F56/1000) -> 1188000
A57: контейнер | B57: БС-24454 | C57: БурСервис | D57: TORQ TRIM 22 (СС Руо) - 185 кг мет | E57: 040823 | F57: 5920 | G57: 32 | H57: Пурпе | I57: отгружено | J57: 45156 | Q57: 5920 | S57: 355000 | T57: =S57*(F57/1000) -> 2101600
A58: контейнер | B58: БС-35902 | C58: БурСервис | D58: EZ MUL NTR (Экстрамул-2000) - 190 кг мет | E58: 080823 | F58: 3420 | G58: 18 | H58: Пурпе | I58: отгружено | J58: 45156 | Q58: 3420 | S58: 115000 | T58: =S58*(F58/1000) -> 393300
A59: контейнер | B59: БС-35902 | C59: БурСервис | D59: EZ MUL NTR (Экстрамул-2000) - 190 кг мет | E59: 090823 | F59: 8360 | G59: 44 | H59: Пурпе | I59: отгружено | J59: 45156 | Q59: 8360 | S59: 115000 | T59: =S59*(F59/1000) -> 961400
A60: контейнер | B60: БС-35902 | C60: БурСервис | D60: EZ MUL NTR (Экстрамул-2000) - 190 кг мет | E60: 100823 | F60: 3420 | G60: 18 | H60: Пурпе | I60: отгружено | J60: 45156 | Q60: 3420 | S60: 115000 | T60: =S60*(F60/1000) -> 393300
B61: Спец№9 | C61: Миррико | D61: BLACKTROL ж - 200 кг мет | E61: 150823 | F61: 8800 | G61: 44 | H61: самовывоз | I61: отгружено | J61: 45156 | K61: Вольво С 120 МХ 152 | L61: 8 910 899 81 26 | M61: Викулин Александр | Q61: 8800 | S61: 90000 | T61: =S61*(F61/1000) -> 792000
B62: Спец№9 | C62: Миррико | D62: BLACKTROL ж - 200 кг мет | E62: 140823 | F62: 3200 | G62: 16 | H62: самовывоз | I62: отгружено | J62: 45156 | Q62: 3200 | S62: 90000 | T62: =S62*(F62/1000) -> 288000
B63: Спец№9 | C63: Миррико | D63: BLACKTROL ж - 200 кг мет | E63: 160823 | F63: 5600 | G63: 28 | H63: самовывоз | I63: отгружено | J63: 45156 | Q63: 5600 | S63: 90000 | T63: =S63*(F63/1000) -> 504000
B64: Спец№9К | C64: ОМАС | D64: ТЕРРАПАН | E64: 05/2023 | F64: 20000 | G64: 800 | H64: Пыть-Ях | I64: отгружено | J64: 45159 | K64: Мерседес С 094 УХ 72 | L64: 8 912 995 38 89 | M64: Новосёлов Виктор | P64: 20000 | S64: 249000 | T64: =S64*(F64/1000) -> 4980000
B65: Спец№9 | C65: Алнэко | D65: РЕОМОД п 18 кг | E65: 170823 | F65: 10008 | G65: 556 | H65: самовывоз | I65: отгружено | J65: 45159 | K65: Вольво К 377 РР 716 | L65: 8(927) 0-393-494 | M65: Шелег Владислав | P65: 10008 | S65: 280000 | T65: =S65*(F65/1000) -> 2802240
B66: Спец№784/3 | C66: Татнефть | D66: Стабилайт II марк 25 кг | E66: 090823 | F66: 20000 | G66: 800 | H66: Бугульма | I66: отгружено | J66: 45160 | K66: DAF Р 646 СС 152 | L66: 8 910 121 28 46 | M66: Агеев Александр | O66: 20000 | S66: 45000 | T66: =S66*(F66/1000) -> 900000
A67: контейнер | B67: БС-35902 | C67: БурСервис | D67: ADAPTA II (Ликвитрол) - 25 кг канистра | E67: 080823 | F67: 12000 | G67: 480 | H67: Пурпе | I67: отгружено | J67: 45160 | Q67: 12000 | S67: 165000 | T67: =S67*(F67/1000) -> 1980000
A68: контейнер | B68: БС-35902 | C68: БурСервис | D68: EZ MUL NTR (Экстрамул-2000) - 190 кг мет | E68: 100823 | F68: 4940 | G68: 26 | H68: Пурпе | I68: отгружено | J68: 45160 | Q68: 4940 | S68: 115000 | T68: =S68*(F68/1000) -> 568100
A69: контейнер | B69: БС-35902 | C69: БурСервис | D69: EZ MUL NTR (Экстрамул-2000) - 190 кг мет | E69: 140823 | F69: 8740 | G69: 46 | H69: Пурпе | I69: отгружено | J69: 45160 | Q69: 8740 | S69: 115000 | T69: =S69*(F69/1000) -> 1005100
A70: контейнер | B70: БС-35902 | C70: БурСервис | D70: EZ MUL NTR (Экстрамул-2000) - 190 кг мет | E70: 150823 | F70: 1520 | G70: 8 | H70: Пурпе | I70: отгружено | J70: 45160 | Q70: 1520 | S70: 115000 | T70: =S70*(F70/1000) -> 174800
B71: Спец№23 | C71: Энергоресурс | D71: Стабилайт II п/проп 25 кг | E71: 153 | F71: 20000 | G71: 800 | H71: самовывоз | I71: отгружено | J71: 45161 | K71: Скания Т 059 АК 59 | L71: 8 999 261 45 97 | M71: Чугунов Владимир | O71: 20000 | S71: 45000 | T71: =S71*(F71/1000) -> 900000
B72: Счёт№330 | C72: ООО "ГРЕЙС ЛУБРИКАНТС" | D72: ЭКСТРАМУЛ-2000 - 25 кг канистра | E72: 210823 | F72: 25 | G72: 1 | H72: самовывоз | I72: отгружено | J72: 45161 | Q72: 25 | S72: 135000 | T72: =S72*(F72/1000) -> 3375
B73: Счёт№327 | C73: ООО «НПО БЕТОХИМИКС» | D73: МАКС-ФЛЕКС | E73: 220823 | F73: 400 | G73: 2 | H73: самовывоз | I73: отгружено | J73: 45163 | K73: КИТ | Q73: 400 | S73: 201000 | T73: =S73*(F73/1000) -> 80400
A74: вагон | B74: Спец№67 | C74: СБМ | D74: СБМЛУБ ПЛЮС (СС Платинум) - 185 кг п/эт | E74: 170823 | F74: 8695 | G74: 47 | H74: Обская | I74: отгружено | J74: 45163 | Q74: 8695 | S74: 230000 | T74: =S74*(F74/1000) -> 1999850
A75: вагон | B75: Спец№67 | C75: СБМ | D75: СБМЛУБ ПЛЮС (СС Платинум) - 185 кг п/эт | E75: 180823 | F75: 8695 | G75: 47 | H75: Обская | I75: отгружено | J75: 45163 | Q75: 8695 | S75: 230000 | T75: =S75*(F75/1000) -> 1999850
A76: вагон | B76: Спец№67 | C76: СБМ | D76: СБМЛУБ ПЛЮС (СС Платинум) - 185 кг п/эт | E76: 210823 | F76: 8695 | G76: 47 | H76: Обская | I76: отгружено | J76: 45163 | Q76: 8695 | S76: 230000 | T76: =S76*(F76/1000) -> 1999850
A77: вагон | B77: Спец№67 | C77: СБМ | D77: СБМЛУБ ПЛЮС (СС Платинум) - 185 кг п/эт | E77: 240823 | F77: 8880 | G77: 48 | H77: Обская | I77: отгружено | J77: 45163 | Q77: 8880 | S77: 230000 | T77: =S77*(F77/1000) -> 2042400
A78: вагон | B78: Спец№67 | C78: СБМ | D78: СБМЛУБ ПЛЮС (СС Платинум) - 185 кг п/эт | E78: 250823 | F78: 8695 | G78: 47 | H78: Обская | I78: отгружено | J78: 45163 | Q78: 8695 | S78: 230000 | T78: =S78*(F78/1000) -> 1999850
A79: контейнер | B79: БС-37252 | C79: БурСервис | D79: EZ MUL NTR (Экстрамул-2000) - 190 кг п/эт | E79: 210823 | F79: 8360 | G79: 44 | H79: Лена | I79: отгружено | J79: 45166 | Q79: 8360 | S79: 115000 | T79: =S79*(F79/1000) -> 961400
A80: контейнер | B80: БС-37252 | C80: БурСервис | D80: EZ MUL NTR (Экстрамул-2000) - 190 кг п/эт | E80: 220823 | F80: 6840 | G80: 36 | H80: Лена | I80: отгружено | J80: 45166 | Q80: 6840 | S80: 115000 | T80: =S80*(F80/1000) -> 786600
A81: контейнер | B81: БС-37252 | C81: БурСервис | D81: EZ MUL NTR (Экстрамул-2000) - 190 кг п/эт | E81: 220823 | F81: 1520 | G81: 8 | H81: Лена | I81: отгружено | J81: 45166 | Q81: 1520 | S81: 115000 | T81: =S81*(F81/1000) -> 174800
A82: контейнер | B82: БС-37252 | C82: БурСервис | D82: EZ MUL NTR (Экстрамул-2000) - 190 кг п/эт | E82: 230823 | F82: 8360 | G82: 44 | H82: Лена | I82: отгружено | J82: 45166 | Q82: 8360 | S82: 115000 | T82: =S82*(F82/1000) -> 961400
A83: контейнер | B83: БС-37252 | C83: БурСервис | D83: EZ MUL NTR (Экстрамул-2000) - 190 кг п/эт | E83: 240823 | F83: 5320 | G83: 28 | H83: Лена | I83: отгружено | J83: 45166 | Q83: 5320 | S83: 115000 | T83: =S83*(F83/1000) -> 611800
B84: ИСК20392-01 | C84: ПетроИнжиниринг | D84: EWO MUL2 - 200 кг п/эт | E84: 240823 | F84: 12800 | G84: 64 | H84: Демьянка | I84: отгружено | J84: 45168 | K84: Мерседес Р 809 ВР 159 | L84: 8 995 095 55 55 | M84: Верещагин Иван | Q84: 12800 | S84: 165000 | T84: =S84*(F84/1000) -> 2112000
B85: ИСК20392-01 | C85: ПетроИнжиниринг | D85: EWO MUL2 - 200 кг п/эт | E85: 250823 | F85: 4800 | G85: 24 | H85: Демьянка | I85: отгружено | J85: 45168 | Q85: 4800 | S85: 165000 | T85: =S85*(F85/1000) -> 792000
A86: контейнер | B86: БС-35902 | C86: БурСервис | D86: EZ MUL NTR (Экстрамул-2000) - 190 кг мет | E86: 150823 | F86: 7030 | G86: 37 | H86: Пурпе | I86: отгружено | J86: 45168 | Q86: 7030 | S86: 115000 | T86: =S86*(F86/1000) -> 808450
A87: контейнер | B87: БС-35902 | C87: БурСервис | D87: EZ MUL NTR (Экстрамул-2000) - 190 кг мет | E87: 160823 | F87: 8170 | G87: 43 | H87: Пурпе | I87: отгружено | J87: 45168 | Q87: 8170 | S87: 115000 | T87: =S87*(F87/1000) -> 939550
A88: контейнер | B88: БС-35902 | C88: БурСервис | D88: EZ MUL NTR (Экстрамул-2000) - 190 кг мет | E88: 160823 | F88: 190 | G88: 1 | H88: Пурпе | I88: отгружено | J88: 45168 | Q88: 190 | S88: 115000 | T88: =S88*(F88/1000) -> 21850
A89: контейнер | B89: БС-35902 | C89: БурСервис | D89: EZ MUL NTR (Экстрамул-2000) - 190 кг мет | E89: 240823 | F89: 3230 | G89: 17 | H89: Пурпе | I89: отгружено | J89: 45168 | Q89: 3230 | S89: 115000 | T89: =S89*(F89/1000) -> 371450
A90: контейнер | B90: БС-35902 | C90: БурСервис | D90: EZ MUL NTR (Экстрамул-2000) - 190 кг мет | E90: 250823 | F90: 8360 | G90: 44 | H90: Пурпе | I90: отгружено | J90: 45168 | Q90: 8360 | S90: 115000 | T90: =S90*(F90/1000) -> 961400
A91: контейнер | B91: БС-35902 | C91: БурСервис | D91: EZ MUL NTR (Экстрамул-2000) - 190 кг мет | E91: 270823 | F91: 3420 | G91: 18 | H91: Пурпе | I91: отгружено | J91: 45168 | Q91: 3420 | S91: 115000 | T91: =S91*(F91/1000) -> 393300
A92: Итого заказов на: | B92: =SUM(F4:F91)/1000 -> 690.035 | C92: т | T92: =SUM(T4:T91) -> 97555539
A93: Итого отгружено: | B93: =B94+B95+B96 -> 690.035 | C93: т
A94: из них ЧП: | B94: =SUM(O4:O91)/1000 -> 184.752 | C94: т
A95: из них ИНАЯ: | B95: =SUM(P4:P91)/1000 -> 90.008 | C95: т
A96: из них на жидкий: | B96: =SUM(Q4:Q91)/1000 -> 415.275 | C96: т
A97: Осталось отгрузить | B97: =B92-B93 -> 0 | C97: т

Sheet июль 2023
B1: ОТГРУЗКИ ПРОДУКЦИИ | C1: 45108
A2: заметки | B2: НОМЕР ЗАКАЗА | C2: КЛИЕНТ | D2: ПРОДУКТ | E2: ПАРТИЯ | F2: КОЛИЧЕСТВО | H2: ПУНКТ НАЗНАЧЕНИЯ | I2: СТАТУС | J2: ДАТА ОТГРУЗКИ | K2: АВТОДОСТАВКА | N2: ЖД ДОСТАВКА | O2: ИТОГО ОТГРУЖЕНО | R2: АКТЫ
F3: КГ | G3: мешков/бочек | K3: № АВТО | L3: ТЕЛ. ВОДИТЕЛЯ | M3: ВОДИТЕЛЬ | N3: № КОНТЕЙНЕРА | O3: ЧП | P3: ИНАЯ | Q3: Жидкий | S3: Цена со склада за 1 тонну | T3: Итого
B4: ИСК19616-08 | C4: ПетроИнжиниринг | D4: EWO WET (Веллтрит) - 200 кг п/эт | E4: 190623 | F4: 17600 | G4: 88 | H4: Коротчаево | I4: отгружено | J4: 45110 | K4: Скания О265 ВО 159 | L4: 8 965 562 73 55 | M4: Бекленев Александр | Q4: 17600 | S4: 152000 | T4: =S4*(F4/1000) -> 2675200
B5: ИСК19741-02 | C5: ПетроИнжиниринг | D5: EWO WET (Веллтрит) - 200 кг п/эт | E5: 200623 | F5: 17600 | G5: 88 | H5: Нефтеюганск | I5: отгружено | J5: 45110 | K5: Камаз В875 ЕМ 702 | L5: 8 917 790 18 81 | M5: Виденеев Сергей | Q5: 17600 | R5: + | S5: 152000 | T5: =S5*(F5/1000) -> 2675200
B6: Спец№2 | C6: Соларкем | D6: Сульфированный асфальт | E6: 290623 | F6: 12000 | G6: 480 | H6: самовывоз | I6: отгружено | J6: 45110 | K6: Вольво О025 НК 29 | L6: 8 911 878 86 34 | M6: Кириленко Михаил | O6: 12000 | S6: 42000 | T6: =S6*(F6/1000) -> 504000
B7: Спец№2 | C7: Соларкем | D7: СУПЕРСЛАЙДЕР СИЛЬВЕР - 200 кг п/эт | E7: 270623 | F7: 6000 | G7: 30 | H7: самовывоз | I7: отгружено | J7: 45110 | K7: Вольво О025 НК 29 | Q7: 6000 | S7: 92500 | T7: =S7*(F7/1000) -> 555000
B8: Спец№16 | C8: ЭкоФлуидз | D8: КЛСП | E8: 050323 | F8: 5000 | G8: 250 | H8: Самара | I8: отгружено | J8: 45110 | K8: ГАЗ Валдай Р705 ХУ 174 | L8: 8 930 681 00 13 | M8: Поляков Андрей | P8: 5000 | S8: 85000 | T8: =S8*(F8/1000) -> 425000
B9: Спец№20 | C9: Энергоресурс | D9: Стабилайт II п/проп 25 кг | E9: 150 | F9: 20000 | G9: 800 | H9: самовывоз | I9: отгружено | J9: 45111 | K9: Мерседес Р996 ОА 198 | M9: Терентьев Сергей | O9: 20000 | S9: 45000 | T9: =F9/1000*S9 -> 900000
B10: БС-32484 | C10: БурСервис | D10: EZ-MUD DP (Поликап) бум 25 кг | E10: 280623 | F10: 20000 | G10: 800 | H10: Пыть-Ях | I10: отгружено | J10: 45111 | K10: Скания А280 ЕМ 156 | L10: 8 987 777 27 94 | M10: Андреев Антон | P10: 20000 | S10: 275000 | T10: =S10*(F10/1000) -> 5500000
B11: Спец№3К | C11: ОМАС | D11: Сульфированный асфальт | E11: 01/2023 | F11: 20000 | G11: 800 | H11: Нижневартовск | I11: отгружено | J11: 45111 | K11: Вольво В109 РО 124 | M11: Бабичев Анатолий | O11: 20000 | R11: + | S11: 42000 | T11: =S11*(F11/1000) -> 840000
B12: ИСК19741-02 | C12: ПетроИнжиниринг | D12: EWO MUL2 - 200 кг п/эт | E12: 150623 | F12: 8800 | G12: 44 | H12: Нефтеюганск | I12: отгружено | J12: 45112 | K12: Даф О922 КМ 29 | L12: 8 911 685 32 02 | M12: Журавлёв Николай | Q12: 8800 | R12: + | S12: 165000 | T12: =S12*(F12/1000) -> 1452000
B13: ИСК19741-02 | C13: ПетроИнжиниринг | D13: EWO MUL2 - 200 кг п/эт | E13: 150623/1 | F13: 1600 | G13: 8 | H13: Нефтеюганск | I13: отгружено | J13: 45112 | K13: Даф О922 КМ 29 | Q13: 1600 | R13: + | S13: 165000 | T13: =S13*(F13/1000) -> 264000
B14: ИСК19741-02 | C14: ПетроИнжиниринг | D14: EWO MUL2 - 200 кг п/эт | E14: 300623 | F14: 7200 | G14: 36 | H14: Нефтеюганск | I14: отгружено | J14: 45112 | K14: Даф О922 КМ 29 | Q14: 7200 | R14: + | S14: 165000 | T14: =S14*(F14/1000) -> 1188000
B15: Спец№15 | C15: ЭкоФлуидз | D15: Сульфированный асфальт | E15: 300623 | F15: 20000 | G15: 800 | H15: Самара | I15: отгружено | J15: 45114 | K15: Ман М472 УУ 35 | L15: 8 911 534 47 41 | M15: Кузичев Сергей | O15: 20000 | R15: + | S15: 41000 | T15: =S15*(F15/1000) -> 820000
B16: Спец№61 | C16: СБМ | D16: СБМСУЛЬФ | E16: 050723 | F16: 20000 | G16: 800 | H16: Пыть-Ях | I16: отгружено | J16: 45117 | K16: Даф М910 РУ 29 | L16: 8 911 685 34 05 | M16: Вишняков Денис | O16: 20000 | R16: + | S16: 41000 | T16: =S16*(F16/1000) -> 820000
B17: Счёт №259 | C17: ИПСтарикова | D17: Оптитрол Ж - 200 кг п/эт | E17: 140323 | F17: 200 | G17: 1 | H17: самовывоз | I17: отгружено | J17: 45117 | K17: Газель Е089 ХК 73 | L17: 8 937 039 54 56 | M17: Карпушин Альберт | Q17: 200 | S17: 68000 | T17: =S17*(F17/1000) -> 13600
B18: Счёт №259 | C18: ИПСтарикова | D18: Оптитрол Ж - 200 кг п/эт | E18: 270323 | F18: 200 | G18: 1 | H18: самовывоз | I18: отгружено | J18: 45117 | K18: Газель Е089 ХК 73 | Q18: 200 | S18: 68000 | T18: =S18*(F18/1000) -> 13600
B19: Счёт №259 | C19: ИПСтарикова | D19: Оптитрол Ж - 200 кг п/эт | E19: 290323 | F19: 200 | G19: 1 | H19: самовывоз | I19: отгружено | J19: 45117 | K19: Газель Е089 ХК 73 | Q19: 200 | S19: 68000 | T19: =S19*(F19/1000) -> 13600
B20: Счёт №259 | C20: ИПСтарикова | D20: Оптитрол Ж - 200 кг п/эт | E20: 260523 | F20: 400 | G20: 2 | H20: самовывоз | I20: отгружено | J20: 45117 | K20: Газель Е089 ХК 73 | Q20: 400 | S20: 68000 | T20: =S20*(F20/1000) -> 27200
B21: Счёт №259 | C21: ИПСтарикова | D21: Оптитрол Ж - 200 кг п/эт | E21: 280623 | F21: 600 | G21: 3 | H21: самовывоз | I21: отгружено | J21: 45117 | K21: Газель Е089 ХК 73 | Q21: 600 | S21: 68000 | T21: =S21*(F21/1000) -> 40800
B22: Спец№61 | C22: СБМ | D22: СБМСУЛЬФ | E22: 060723 | F22: 20000 | G22: 800 | H22: Пыть-Ях | I22: отгружено | J22: 45118 | K22: Вольво О917 МХ 29 | L22: 8 911 567 52 25 | M22: Любимков Алексей | O22: 20000 | R22: + | S22: 41000 | T22: =S22*(F22/1000) -> 820000
B23: Спец№9 | C23: САФ-Сервис | D23: ЭКСТРАМУЛ-2000 - 190 кг п/эт | E23: 070723 | F23: 3420 | G23: 18 | H23: самовывоз | I23: отгружено | J23: 45118 | K23: Маз В420 ОК 43 | L23: 8 912 733 85 67 | M23: Мутных Дмитрий | Q23: 3420 | S23: 129700 | T23: =S23*(F23/1000) -> 443574
B24: Спец№9 | C24: САФ-Сервис | D24: ЭКСТРАМУЛ-2000 - 190 кг п/эт | E24: 100723 | F24: 6460 | G24: 34 | H24: самовывоз | I24: отгружено | J24: 45118 | K24: Маз В420 ОК 43 | Q24: 6460 | S24: 129700 | T24: =S24*(F24/1000) -> 837862
B25: Счёт№240 | C25: БГРП | D25: BLACKTROL ж - 30 кг канистра | E25: 100723 | F25: 510 | G25: 17 | H25: Владивосток | I25: отгружено | J25: 45119 | K25: Деловые Линии | Q25: 510 | S25: 89000 | T25: =S25*(F25/1000) -> 45390
B26: Счёт№255 | C26: ОйлИнвест | D26: ЭКСТРАМУЛ-2000 - 25 кг канистра | E26: 100723 | F26: 25 | G26: 1 | H26: Екатеринбуг | I26: отгружено | J26: 45119 | K26: Деловые Линии | Q26: 25 | S26: 125000 | T26: =S26*(F26/1000) -> 3125
A27: контейнер | B27: БС-30377 | C27: БурСервис | D27: EZ MUL NTR (Экстрамул-2000) - 190 кг мет | E27: 300523 | F27: 3420 | G27: 18 | H27: Лена | I27: отгружено | J27: 45120 | N27: RZDU0201529 | Q27: 3420 | S27: 115000 | T27: =S27*(F27/1000) -> 393300
A28: контейнер | B28: БС-30377 | C28: БурСервис | D28: EZ MUL NTR (Экстрамул-2000) - 190 кг мет | E28: 070623 | F28: 3040 | G28: 16 | H28: Лена | I28: отгружено | J28: 45120 | N28: RZDU0201529 | Q28: 3040 | S28: 115000 | T28: =S28*(F28/1000) -> 349600
A29: контейнер | B29: БС-30377 | C29: БурСервис | D29: EZ MUL NTR (Экстрамул-2000) - 190 кг мет | E29: 080623 | F29: 8550 | G29: 45 | H29: Лена | I29: отгружено | J29: 45120 | N29: RZDU0201529 | Q29: 8550 | S29: 115000 | T29: =S29*(F29/1000) -> 983250
A30: контейнер | B30: БС-30377 | C30: БурСервис | D30: EZ MUL NTR (Экстрамул-2000) - 190 кг мет | E30: 090623 | F30: 190 | G30: 1 | H30: Лена | I30: отгружено | J30: 45120 | N30: RZDU0201529 | Q30: 190 | S30: 115000 | T30: =S30*(F30/1000) -> 21850
A31: контейнер | B31: БС-30377 | C31: БурСервис | D31: EZ MUL NTR (Экстрамул-2000) - 190 кг мет | E31: 090623 | F31: 8360 | G31: 44 | H31: Лена | I31: отгружено | J31: 45120 | N31: TKRU3174232 | Q31: 8360 | S31: 115000 | T31: =S31*(F31/1000) -> 961400
A32: контейнер | B32: БС-30377 | C32: БурСервис | D32: EZ MUL NTR (Экстрамул-2000) - 190 кг мет | E32: 190623 | F32: 950 | G32: 5 | H32: Лена | I32: отгружено | J32: 45120 | N32: TKRU3174232 | Q32: 950 | S32: 115000 | T32: =S32*(F32/1000) -> 109250
A33: контейнер | B33: БС-30377 | C33: БурСервис | D33: EZ MUL NTR (Экстрамул-2000) - 190 кг мет | E33: 200623 | F33: 5890 | G33: 31 | H33: Лена | I33: отгружено | J33: 45120 | N33: TKRU3174232 | Q33: 5890 | S33: 115000 | T33: =S33*(F33/1000) -> 677350
A34: контейнер | B34: БС-30377 | C34: БурСервис | D34: EZ MUL NTR (Экстрамул-2000) - 190 кг мет | E34: 200623 | F34: 2850 | G34: 15 | H34: Лена | I34: отгружено | J34: 45120 | N34: TKRU3243821 | Q34: 2850 | S34: 115000 | T34: =S34*(F34/1000) -> 327750
A35: контейнер | B35: БС-30377 | C35: БурСервис | D35: EZ MUL NTR (Экстрамул-2000) - 190 кг мет | E35: 260623 | F35: 1140 | G35: 6 | H35: Лена | I35: отгружено | J35: 45120 | N35: TKRU3243821 | Q35: 1140 | S35: 115000 | T35: =S35*(F35/1000) -> 131100
A36: контейнер | B36: БС-30377 | C36: БурСервис | D36: EZ MUL NTR (Экстрамул-2000) - 190 кг мет | E36: 270623 | F36: 8550 | G36: 45 | H36: Лена | I36: отгружено | J36: 45120 | N36: TKRU3243821 | Q36: 8550 | S36: 115000 | T36: =S36*(F36/1000) -> 983250
A37: контейнер | B37: БС-30377 | C37: БурСервис | D37: EZ MUL NTR (Экстрамул-2000) - 190 кг мет | E37: 280623 | F37: 2660 | G37: 14 | H37: Лена | I37: отгружено | J37: 45120 | N37: TKRU3243821 | Q37: 2660 | S37: 115000 | T37: =S37*(F37/1000) -> 305900
A38: контейнер | B38: БС-30377 | C38: БурСервис | D38: EZ MUL NTR (Экстрамул-2000) - 190 кг мет | E38: 280623 | F38: 5510 | G38: 29 | H38: Лена | I38: отгружено | J38: 45120 | N38: TKRU3357629 | Q38: 5510 | S38: 115000 | T38: =S38*(F38/1000) -> 633650
... A40: контейнер | B40: БС-30377 | C40: БурСервис | D40: EZ MUL NTR (Экстрамул-2000) - 190 кг мет | E40: 300623 | F40: 1140 | G40: 6 | H40: Лена | I40: отгружено | J40: 45120 | N40: TKRU3357629 | Q40: 1140 | S40: 115000 | T40: =S40*(F40/1000) -> 131100
B41: Спец№21 | C41: Энергоресурс | D41: BLACKTROL ж - 200 кг мет | E41: 220623 | F41: 600 | G41: 3 | H41: самовывоз | I41: отгружено | J41: 45120 | K41: Вольво Р150 АС 178 | M41: Андреев Александр | Q41: 600 | S41: 89900 | T41: =S41*(F41/1000) -> 53940
B42: Спец№21 | C42: Энергоресурс | D42: BLACKTROL ж - 200 кг мет | E42: 230623 | F42: 9000 | G42: 45 | H42: самовывоз | I42: отгружено | J42: 45120 | K42: Вольво Р150 АС 178 | Q42: 9000 | S42: 89900 | T42: =S42*(F42/1000) -> 809100
B43: Спец№22 | C43: Энергоресурс | D43: BLACKTROL ж - 200 кг мет | E43: 260623 | F43: 8000 | G43: 40 | H43: самовывоз | I43: отгружено | J43: 45120 | K43: Вольво Р150 АС 178 | Q43: 8000 | S43: 89900 | T43: =S43*(F43/1000) -> 719200
B44: Спец№6 | C44: KazPetroDrilling | D44: Оптитрол Ж - 200 кг п/эт | E44: 290323 | F44: 5600 | G44: 28 | H44: Жанаозен | I44: отгружено | J44: 45120 | K44: Даф Е375 АМ 198 | L44: 8 927 381 78 12 | M44: Портнов Дмитрий | Q44: 5600 | R44: + | S44: 65000 | T44: =S44*(F44/1000) -> 364000
B45: Спец№6 | C45: KazPetroDrilling | D45: Оптитрол Ж - 200 кг п/эт | E45: 260523 | F45: 5600 | G45: 28 | H45: Жанаозен | I45: отгружено | J45: 45120 | K45: Даф Е375 АМ 198 | Q45: 5600 | R45: + | S45: 65000 | T45: =S45*(F45/1000) -> 364000
B46: Спец№6 | C46: KazPetroDrilling | D46: Оптитрол Ж - 200 кг п/эт | E46: 280623 | F46: 6400 | G46: 32 | H46: Жанаозен | I46: отгружено | J46: 45120 | K46: Даф Е375 АМ 198 | Q46: 6400 | R46: + | S46: 65000 | T46: =S46*(F46/1000) -> 416000
A47: контейнер | B47: БС-31718 | C47: БурСервис | D47: EZ MUL NTR (Экстрамул-2000) - 190 кг мет | E47: 300623 | F47: 7030 | G47: 37 | H47: Карабула | I47: отгружено | J47: 45121 | N47: RZDU0295066 | Q47: 7030 | S47: 115000 | T47: =S47*(F47/1000) -> 808450
A48: контейнер | B48: БС-31718 | C48: БурСервис | D48: EZ MUL NTR (Экстрамул-2000) - 190 кг мет | E48: 030723 | F48: 8170 | G48: 43 | H48: Карабула | I48: отгружено | J48: 45121 | N48: RZDU0295066 | Q48: 8170 | S48: 115000 | T48: =S48*(F48/1000) -> 939550
A49: контейнер | B49: БС-31718 | C49: БурСервис | D49: EZ MUL NTR (Экстрамул-2000) - 190 кг мет | E49: 040723 | F49: 8550 | G49: 45 | H49: Карабула | I49: отгружено | J49: 45121 | N49: TKRU3257168 | Q49: 8550 | S49: 115000 | T49: =S49*(F49/1000) -> 983250
A50: контейнер | B50: БС-31718 | C50: БурСервис | D50: EZ MUL NTR (Экстрамул-2000) - 190 кг мет | E50: 050723 | F50: 6650 | G50: 35 | H50: Карабула | I50: отгружено | J50: 45121 | N50: TKRU3257168 | Q50: 6650 | S50: 115000 | T50: =S50*(F50/1000) -> 764750
A51: контейнер | B51: БС-31718 | C51: БурСервис | D51: EZ MUL NTR (Экстрамул-2000) - 190 кг мет | E51: 050723 | F51: 1710 | G51: 9 | H51: Карабула | I51: отгружено | J51: 45121 | N51: TKRU3257419 | Q51: 1710 | S51: 115000 | T51: =S51*(F51/1000) -> 196650
A52: контейнер | B52: БС-31718 | C52: БурСервис | D52: EZ MUL NTR (Экстрамул-2000) - 190 кг мет | E52: 060723 | F52: 8360 | G52: 44 | H52: Карабула | I52: отгружено | J52: 45121 | N52: TKRU3257419 | Q52: 8360 | S52: 115000 | T52: =S52*(F52/1000) -> 961400
A53: контейнер | B53: БС-31718 | C53: БурСервис | D53: EZ MUL NTR (Экстрамул-2000) - 190 кг мет | E53: 070723 | F53: 5130 | G53: 27 | H53: Карабула | I53: отгружено | J53: 45121 | N53: TKRU3257419 | Q53: 5130 | S53: 115000 | T53: =S53*(F53/1000) -> 589950
B54: ИСК19543-05 | C54: ПетроИнжиниринг | D54: EWO MUL2 - 200 кг п/эт | E54: 300623 | F54: 7200 | G54: 36 | H54: Сургут | I54: отгружено | J54: 45121 | K54: Даф М547 НЕ 29 | L54: 8 921 670 06 06 | M54: Хрущ Александр | Q54: 7200 | R54: + | S54: 165000 | T54: =S54*(F54/1000) -> 1188000
B55: ИСК19543-05 | C55: ПетроИнжиниринг | D55: EWO MUL2 - 200 кг п/эт | E55: 060723 | F55: 10400 | G55: 52 | H55: Сургут | I55: отгружено | J55: 45121 | K55: Даф М547 НЕ 29 | Q55: 10400 | R55: + | S55: 165000 | T55: =S55*(F55/1000) -> 1716000
B56: ИСК19543-05 | C56: ПетроИнжиниринг | D56: EWO MUL2 - 200 кг п/эт | E56: 060723 | F56: 4800 | G56: 24 | H56: Сургут | I56: отгружено | J56: 45124 | K56: Ситрак Н722 ТТ 198 | L56: 8 904 024 16 47 | M56: Буятанов Виктор | Q56: 4800 | R56: + | S56: 165000 | T56: =S56*(F56/1000) -> 792000
B57: ИСК19543-05 | C57: ПетроИнжиниринг | D57: EWO MUL2 - 200 кг п/эт | E57: 070723 | F57: 12000 | G57: 60 | H57: Сургут | I57: отгружено | J57: 45124 | K57: Ситрак Н722 ТТ 198 | Q57: 12000 | R57: + | S57: 165000 | T57: =S57*(F57/1000) -> 1980000
B58: ИСК19543-05 | C58: ПетроИнжиниринг | D58: EWO MUL2 - 200 кг п/эт | E58: 120723 | F58: 800 | G58: 4 | H58: Сургут | I58: отгружено | J58: 45124 | K58: Ситрак Н722 ТТ 198 | Q58: 800 | R58: + | S58: 165000 | T58: =S58*(F58/1000) -> 132000
B59: ИСК19616-08 | C59: ПетроИнжиниринг | D59: EWO MUL2 - 200 кг п/эт | E59: 120723 | F59: 11200 | G59: 56 | H59: Коротчаево | I59: отгружено | J59: 45124 | K59: Ситрак Н791 ХК 159 | L59: 8 999 115 98 32 | M59: Климов Александр | Q59: 11200 | R59: + | S59: 165000 | T59: =S59*(F59/1000) -> 1848000
B60: ИСК19616-08 | C60: ПетроИнжиниринг | D60: EWO MUL2 - 200 кг п/эт | E60: 130723 | F60: 6400 | G60: 32 | H60: Коротчаево | I60: отгружено | J60: 45124 | K60: Ситрак Н791 ХК 159 | Q60: 6400 | R60: + | S60: 165000 | T60: =S60*(F60/1000) -> 1056000
B61: Счёт №259 | C61: ИПСтарикова | D61: Оптитрол Ж - 200 кг п/эт | E61: 280623 | F61: 200 | G61: 1 | H61: самовывоз | I61: отгружено | J61: 45124 | K61: Газон О207 АР 716 | M61: Батрашин Руслан | Q61: 200 | S61: 68000 | T61: =S61*(F61/1000) -> 13600
B62: Счёт №259 | C62: ИПСтарикова | D62: Оптитрол Ж - 200 кг п/эт | E62: 130723 | F62: 800 | G62: 4 | H62: самовывоз | I62: отгружено | J62: 45124 | K62: Газон О207 АР 716 | M62: Батрашин Руслан | Q62: 800 | S62: 68000 | T62: =S62*(F62/1000) -> 54400
B63: Счёт №259 | C63: ИПСтарикова | D63: ТЕРРАПАН | E63: 130723 | F63: 2500 | G63: 100 | H63: самовывоз | I63: отгружено | J63: 45124 | K63: Газон О207 АР 716 | M63: Батрашин Руслан | P63: 2500 | S63: 255000 | T63: =S63*(F63/1000) -> 637500
B64: Спец№17 | C64: ЭкоФлуидз | D64: Сульфированный асфальт | E64: 01/2023 | F64: 20000 | G64: 800 | H64: Нижневартовск | I64: отгружено | J64: 45124 | K64: Ситрак Н718 ТТ 198 | L64: 8 981 879 05 18 | M64: Хвостенко Сергей | O64: 20000 | R64: + | S64: 41000 | T64: =S64*(F64/1000) -> 820000
B65: Спец№62 | C65: СБМ | D65: СБМЛУБ ПЛЮС (СС Платинум) - 185 кг п/эт | E65: 110723 | F65: 1295 | G65: 7 | H65: Владимир | I65: отгружено | J65: 45124 | K65: Ивеко О830 НЕ 29 | L65: 8 931 408 55 91 | M65: Долгобородов Савелий | Q65: 1295 | R65: + | S65: 58193 | T65: =S65*(F65/1000) -> 75359.935
B66: Спец№63 | C66: СБМ | D66: LIQUID CASING - COARSE - 11,35 кг | F66: 1634 | G66: 144 | H66: Владимир | I66: отгружено | J66: 45124 | K66: Ивеко О830 НЕ 29 | P66: 1634 | R66: + | S66: 990000 | T66: =S66*(F66/1000) -> 1617660
B67: Спец№63 | C67: СБМ | D67: LIQUID CASING - FINE - 11,35 кг | F67: 3814 | G67: 336 | H67: Владимир | I67: отгружено | J67: 45124 | K67: Ивеко О830 НЕ 29 | P67: 3814 | R67: + | S67: 990000 | T67: =S67*(F67/1000) -> 3775860
B68: Спец№4К | C68: ОМАС | D68: Сульфированный асфальт | E68: 01/2023 | F68: 20000 | G68: 800 | H68: Уфа | I68: отгружено | J68: 45124 | K68: Скания А990 АВ 156 | L68: 8 987 895 65 27 | M68: Бузынин Виктор | O68: 20000 | R68: + | S68: 42000 | T68: =S68*(F68/1000) -> 840000
B69: Счёт №269 | C69: Геохим | D69: BLACKTROL ж - 200 кг мет | E69: 220623 | F69: 400 | G69: 2 | H69: самовывоз | I69: отгружено | J69: 45125 | K69: Газ О955 КМ 29 | L69: 8 911 595 26 44 | M69: Жерносек Максим | Q69: 400 | S69: 110000 | T69: =S69*(F69/1000) -> 44000
B70: Спец№29 | C70: Химпром | D70: АСФАСОЛ | E70: BJ0069-23 | F70: 20000 | G70: 800 | H70: самовывоз | I70: отгружено | J70: 45125 | K70: Даф О581 ЕН 159 | M70: Высоканов Сергей | O70: 20000 | S70: 45000 | T70: =S70*(F70/1000) -> 900000
B71: Счёт №270 | C71: Морские платформы | D71: BLACKTROL ж - 200 кг мет | E71: 220623 | F71: 200 | G71: 1 | H71: самовывоз | I71: отгружено | J71: 45126 | K71: Газон Р383 СУ 11 | M71: Прокофьев Геннадий | Q71: 200 | S71: 85000 | T71: =S71*(F71/1000) -> 17000
B72: Счёт №270 | C72: Морские платформы | D72: Оптитрол Пор | E72: 170723 | F72: 200 | G72: 10 | H72: самовывоз | I72: отгружено | J72: 45126 | K72: Газон Р383 СУ 11 | P72: 200 | S72: 77000 | T72: =S72*(F72/1000) -> 15400
B73: Спец№61 | C73: СБМ | D73: СБМСУЛЬФ | E73: 070723 | F73: 20000 | G73: 800 | H73: Пыть-Ях | I73: отгружено | J73: 45126 | K73: Вольво М773 ОВ 29 | L73: 8 911 685 32 72 | M73: Гужихин Сергей | O73: 20000 | R73: + | S73: 41000 | T73: =S73*(F73/1000) -> 820000
B74: Спец№8 | C74: Алнэко | D74: РЕОМОД п 18 кг | E74: 140723 | F74: 10008 | G74: 556 | H74: самовывоз | I74: отгружено | J74: 45127 | K74: Скания С843 СУ 159 | L74: 8 952 333 51 20 | M74: Большаков Александр | P74: 10008 | S74: 280000 | T74: =S74*(F74/1000) -> 2802240
B75: Спец№13 | C75: Старкойл | D75: ТЕРРАПАН ж - 200 кг мет | E75: 040723 | F75: 5000 | G75: 25 | H75: самовывоз | I75: отгружено | J75: 45127 | K75: Даф А153 ТУ 43 | L75: 8 912 705 46 85 | M75: Немчанинов Алексей | Q75: 5000 | S75: 110000 | T75: =S75*(F75/1000) -> 550000
B76: Спец№13 | C76: Старкойл | D76: ТЕРРАПАН ж - 200 кг мет | E76: 050723 | F76: 5000 | G76: 25 | H76: самовывоз | I76: отгружено | J76: 45127 | K76: Даф А153 ТУ 43 | Q76: 5000 | S76: 110000 | T76: =S76*(F76/1000) -> 550000
B77: Спец№12 | C77: Старкойл | D77: ШЕЙЛ-ИКС ж - 200 кг п/эт | E77: 290623 | F77: 3200 | G77: 16 | H77: самовывоз | I77: отгружено | J77: 45127 | K77: Даф А153 ТУ 43 | Q77: 3200 | S77: 95000 | T77: =S77*(F77/1000) -> 304000
B78: Спец№14 | C78: Старкойл | D78: Стабилайт II марк 25 кг | E78: 170723 | F78: 1000 | G78: 40 | H78: самовывоз | I78: отгружено | J78: 45127 | K78: Даф А153 ТУ 43 | O78: 1000 | S78: 47000 | T78: =S78*(F78/1000) -> 47000
B79: Спец№14 | C79: Старкойл | D79: ШЕЙЛ-ИКС п 25 кг | E79: 190723 | F79: 4000 | G79: 160 | H79: самовывоз | I79: отгружено | J79: 45127 | K79: Даф А153 ТУ 43 | P79: 4000 | S79: 105000 | T79: =S79*(F79/1000) -> 420000
B80: Спец№61 | C80: СБМ | D80: СБМСУЛЬФ | E80: 170723 | F80: 20000 | G80: 800 | H80: Пыть-Ях | I80: отгружено | J80: 45131 | K80: Даф К008 МА 29 | L80: 8 911 682 59 92 | M80: Белоцерковский Алексей | O80: 20000 | R80: + | S80: 41000 | T80: =S80*(F80/1000) -> 820000
B81: Спец№55 | C81: Полицелл | D81: Оптитрол Пор | E81: 170723 | F81: 19000 | G81: 950 | H81: самовывоз | I81: отгружено | J81: 45131 | K81: Фотон Т137 ВМ 62 | L81: 8 910 575 63 41 | M81: Ханбеков Олег | P81: 19000 | S81: 79000 | T81: =S81*(F81/1000) -> 1501000
B82: Спец№5К | C82: ОМАС | D82: ТЕРРАПАН | E82: 130723 | F82: 4000 | G82: 160 | H82: Нижневартовск | I82: отгружено | J82: 45132 | K82: Вольво В075 НМ 196 | L82: 8 922 227 23 90 | M82: Оболенский Сергей | P82: 4000 | R82: + | S82: 249000 | T82: =S82*(F82/1000) -> 996000
B83: БС-32227 | C83: БурСервис | D83: EZ-MUD DP (Поликап) бум 25 кг | E83: 130723 | F83: 15000 | G83: 600 | H83: Пурпе | I83: отгружено | J83: 45132 | K83: Вольво В075 НМ 196 | L83: 8 922 227 23 90 | M83: Оболенский Сергей | P83: 15000 | R83: + | S83: 275000 | T83: =S83*(F83/1000) -> 4125000
B84: Спец№132 | C84: Акрос | D84: MEX GL-LUBE (СС Голд) - 200 кг п/эт | E84: 240723 | F84: 8800 | G84: 44 | H84: Мегион | I84: отгружено | J84: 45132 | K84: Мерседес К744 ТК 159 | L84: 8 912 785 87 31 | M84: Рамазанов Антон | Q84: 8800 | S84: 110000 | T84: =S84*(F84/1000) -> 968000
B85: Спец№132 | C85: Акрос | D85: MEX GL-LUBE (СС Голд) - 200 кг п/эт | E85: 240723/1 | F85: 8800 | G85: 44 | H85: Мегион | I85: отгружено | J85: 45132 | K85: Мерседес К744 ТК 159 | Q85: 8800 | S85: 110000 | T85: =S85*(F85/1000) -> 968000
B86: Спец№61 | C86: СБМ | D86: СБМСУЛЬФ | E86: 180723 | F86: 20000 | G86: 800 | H86: Пыть-Ях | I86: отгружено | J86: 45133 | K86: Скания М664 ЕУ 159 | L86: 8 922 154 06 00 | M86: Попов Сергей | O86: 20000 | S86: 41000 | T86: =S86*(F86/1000) -> 820000
B87: Спец№65 | C87: СБМ | D87: СБМСУЛЬФ | E87: 220723 | F87: 2000 | G87: 80 | H87: самовывоз | I87: отгружено | J87: 45135 | K87: Вольво К817 СА 29 | L87: 8 911 686 80 05 | M87: Одерий Геннадий | O87: 2000 | S87: 41000 | T87: =S87*(F87/1000) -> 82000
B88: Спец№64 | C88: СБМ | D88: СБМЛУБ ПЛЮС (СС Платинум) - 185 кг п/эт | E88: 250723 | F88: 5180 | G88: 28 | H88: самовывоз | I88: отгружено | J88: 45135 | K88: Вольво К817 СА 29 | Q88: 5180 | S88: 58193 | T88: =S88*(F88/1000) -> 301439.74
B89: Спец№60 | C89: СБМ | D89: СБМОЙЛРЕО В (Реомод ж) - 180 кг мет | E89: 250723 | F89: 8280 | G89: 46 | H89: Пыть-Ях | I89: отгружено | J89: 45135 | K89: Даф М910 РУ 29 | L89: 8 911 685 34 05 | M89: Вишняков Денис | Q89: 8280 | R89: + | S89: 320000 | T89: =S89*(F89/1000) -> 2649600
B90: Спец№60 | C90: СБМ | D90: СБМОЙЛРЕО В (Реомод ж) - 180 кг мет | E90: 260723 | F90: 7560 | G90: 42 | H90: Пыть-Ях | I90: отгружено | J90: 45135 | K90: Даф М910 РУ 29 | Q90: 7560 | R90: + | S90: 320000 | T90: =S90*(F90/1000) -> 2419200
B91: ИСК19741-02 | C91: ПетроИнжиниринг | D91: EWO MUL2 - 200 кг п/эт | E91: 130723 | F91: 7200 | G91: 36 | H91: Нефтеюганск | I91: отгружено | J91: 45135 | K91: Скания Н077 АО 159 | L91: 8 992 207 57 88 | M91: Полушкин Александр | Q91: 7200 | R91: + | S91: 165000 | T91: =S91*(F91/1000) -> 1188000
B92: ИСК19741-02 | C92: ПетроИнжиниринг | D92: EWO MUL2 - 200 кг п/эт | E92: 140723 | F92: 10400 | G92: 52 | H92: Нефтеюганск | I92: отгружено | J92: 45135 | K92: Скания Н077 АО 159 | Q92: 10400 | R92: + | S92: 165000 | T92: =S92*(F92/1000) -> 1716000
B93: Спец№55 | C93: Полицелл | D93: Оптитрол Пор | E93: 240723 | F93: 19000 | G93: 950 | H93: самовывоз | I93: отгружено | J93: 45138 | K93: Ман О456 ХО 790 | L93: 8 920 306 34 04 | M93: Толпо Евгений | P93: 19000 | S93: 79000 | T93: =S93*(F93/1000) -> 1501000
A94: отгрузка с Усть-Кут | B94: Спец№6К | C94: ОМАС | D94: СУПЕРСЛАЙДЕР ГОЛД - 180 кг мет | E94: 210122 | F94: 2160 | G94: 12 | H94: Нижневартовск | I94: отгружено | J94: 26.07.2023* | K94: Вольво М366 РН 716 | L94: 8 982 120 35 55 | M94: Коробейников Михаил | Q94: 2160 | S94: 90000 | T94: =S94*(F94/1000) -> 194400
A95: отгрузка с Усть-Кут | B95: Спец№6К | C95: ОМАС | D95: СУПЕРСЛАЙДЕР ГОЛД - 180 кг мет | E95: 220122 | F95: 10080 | G95: 56 | H95: Нижневартовск | I95: отгружено | J95: 26.07.2023* | Q95: 10080 | S95: 90000 | T95: =S95*(F95/1000) -> 907200
A96: отгрузка с Усть-Кут | B96: Спец№6К | C96: ОМАС | D96: СУПЕРСЛАЙДЕР ГОЛД - 180 кг мет | E96: 260122 | F96: 720 | G96: 4 | H96: Нижневартовск | I96: отгружено | J96: 26.07.2023* | Q96: 720 | S96: 90000 | T96: =S96*(F96/1000) -> 64800
A97: отгрузка с Усть-Кут | B97: Спец№6К | C97: ОМАС | D97: СУПЕРСЛАЙДЕР ГОЛД - 180 кг мет | E97: 280122 | F97: 1440 | G97: 8 | H97: Нижневартовск | I97: отгружено | J97: 26.07.2023* | Q97: 1440 | S97: 90000 | T97: =S97*(F97/1000) -> 129600
A98: Итого заказов на: | B98: =SUM(F4:F97)/1000 -> 691.086 | C98: т | T98: =SUM(T4:T97) -> 80206651
A99: Итого отгружено: | B99: =B100+B101+B102 -> 691.086 | C99: т
A100: из них ЧП: | B100: =SUM(O4:O97)/1000 -> 235 | C100: т
A101: из них ИНАЯ: | B101: =SUM(P4:P97)/1000 -> 104.156 | C101: т
...

Sheet июнь 2023
B1: ОТГРУЗКИ ПРОДУКЦИИ | C1: 45078
A2: заметки | B2: НОМЕР ЗАКАЗА | C2: КЛИЕНТ | D2: ПРОДУКТ | E2: ПАРТИЯ | F2: КОЛИЧЕСТВО | H2: ПУНКТ НАЗНАЧЕНИЯ | I2: СТАТУС | J2: ДАТА ОТГРУЗКИ | K2: АВТОДОСТАВКА | N2: ЖД ДОСТАВКА | O2: ИТОГО ОТГРУЖЕНО | R2: АКТЫ
F3: КГ | G3: мешков/бочек | K3: № АВТО | L3: ТЕЛ. ВОДИТЕЛЯ | M3: ВОДИТЕЛЬ | N3: № КОНТЕЙНЕРА | O3: ЧП | P3: ИНАЯ | Q3: Жидкий | S3: Цена со склада за 1 тонну | T3: Итого
B4: БС-28213 | C4: БурСервис | D4: BaraFLC | E4: 230523 | F4: 19845 | G4: 875 | H4: Новый Уренгой | I4: отгружено | J4: 45078 | K4: Скания К548 ВА 159 | L4: 8 922 386 99 34 | M4: Гомзяков Михаил | O4: 19845 | R4: + | S4: 49500 | T4: =S4*(F4/1000) -> 982327.5
B5: 42569 | C5: ТКШ | D5: R2D2 | E5: 100523 | F5: 1600 | G5: 80 | H5: Новый Уренгой | I5: отгружено | J5: 45078 | K5: Скания М173 ВА 159 | L5: 8 982 480 25 26 | M5: Пепеляев Михаил | P5: 1600 | R5: + | S5: 83000 | T5: =S5*(F5/1000) -> 132800
B6: БС-28209 | C6: БурСервис | D6: ADAPTA II (Ликвитрол) - 25 кг канистра | E6: 160523 | F6: 12000 | G6: 480 | H6: Новый Уренгой | I6: отгружено | J6: 45078 | K6: Скания М173 ВА 159 | L6: 8 982 480 25 26 | M6: Пепеляев Михаил | Q6: 12000 | R6: + | S6: 165000 | T6: =S6*(F6/1000) -> 1980000
B7: Спец№9 | C7: ERIELL | D7: ТЕРРАПАН | E7: 240523 | F7: 20000 | G7: 800 | H7: самовывоз | I7: отгружено | J7: 45078 | K7: Ман 50116СВА | M7: Комалов Шерали | P7: 20000 | S7: 242000 | T7: =S7*(F7/1000) -> 4840000
B8: БС-12837 | C8: БурСервис | D8: EZ MUL NTR (Экстрамул-2000) - 190 кг мет | E8: 260523 | F8: 1520 | G8: 8 | H8: Пурпе | I8: отгружено | J8: 45078 | K8: Рено С705 РО 76 | L8: 8 910 817 94 14 | M8: Пикалев Анатолий | Q8: 1520 | R8: + | S8: 115000 | T8: =S8*(F8/1000) -> 174800
B9: БС-12837 | C9: БурСервис | D9: EZ MUL NTR (Экстрамул-2000) - 190 кг мет | E9: 290523 | F9: 8550 | G9: 45 | H9: Пурпе | I9: отгружено | J9: 45078 | K9: Рено С705 РО 76 | Q9: 8550 | R9: + | S9: 115000 | T9: =S9*(F9/1000) -> 983250
B10: БС-12837 | C10: БурСервис | D10: EZ MUL NTR (Экстрамул-2000) - 190 кг мет | E10: 300523 | F10: 5130 | G10: 27 | H10: Пурпе | I10: отгружено | J10: 45078 | K10: Рено С705 РО 76 | Q10: 5130 | R10: + | S10: 115000 | T10: =S10*(F10/1000) -> 589950
B11: БС-27258 | C11: БурСервис | D11: EZ MUL NTR (Экстрамул-2000) - 190 кг мет | E11: 250523 | F11: 3610 | G11: 19 | H11: Пурпе | I11: отгружено | J11: 45079 | K11: Скания М565 СА 159 | L11: 8 950 811 89 02 | M11: Роготнев Владимир | Q11: 3610 | R11: + | S11: 115000 | T11: =S11*(F11/1000) -> 415150
B12: БС-27258 | C12: БурСервис | D12: EZ MUL NTR (Экстрамул-2000) - 190 кг мет | E12: 260523 | F12: 7030 | G12: 37 | H12: Пурпе | I12: отгружено | J12: 45079 | K12: Скания М565 СА 159 | Q12: 7030 | R12: + | S12: 115000 | T12: =S12*(F12/1000) -> 808450
B13: БС-27258 | C13: БурСервис | D13: ADAPTA II (Ликвитрол) - 25 кг канистра | E13: 100523 | F13: 2600 | G13: 104 | H13: Пурпе | I13: отгружено | J13: 45079 | K13: Скания М565 СА 159 | Q13: 2600 | R13: + | S13: 165000 | T13: =S13*(F13/1000) -> 429000
B14: Спец№18 | C14: Буринтех | D14: СУЛЬФОБИТ бум 25 кг | E14: 300523 | F14: 20000 | G14: 800 | H14: Пыть-Ях | I14: отгружено | J14: 45079 | K14: Скания Н604 ХО 159 | L14: 8 982 250 06 69 | M14: Рожнев Андрей | O14: 20000 | R14: + | S14: 41000 | T14: =S14*(F14/1000) -> 820000
B15: Счёт №204 | C15: Геотехновации | D15: КЛСП РУО | E15: 290523 | F15: 1000 | G15: 50 | H15: самовывоз | I15: отгружено | J15: 45079 | K15: Газель Н485 РО 126 | M15: Сорокин Евгений | P15: 1000 | S15: 90000 | T15: =S15*(F15/1000) -> 90000
B16: БС-27247 | C16: БурСервис | D16: POLYAC PLUS R (BDF-911) бум 22,68 кг | E16: 310523 | F16: 18144 | G16: 800 | H16: Пыть-Ях | I16: отгружено | J16: 45082 | K16: Даф О538 НЕ 29 | L16: 8 921 243 92 18 | M16: Десятовский Илья | P16: 18144 | R16: + | S16: 245000 | T16: =S16*(F16/1000) -> 4445280
B17: БС-27991 | C17: БурСервис | D17: CLAY GRABBER - 25 кг канистра | E17: 230523 | F17: 1800 | G17: 72 | H17: Пыть-Ях | I17: отгружено | J17: 45082 | K17: Даф О538 НЕ 29 | L17: 8 921 243 92 18 | M17: Десятовский Илья | Q17: 1800 | R17: + | S17: 250000 | T17: =S17*(F17/1000) -> 450000
B18: Спец№8 | C18: ERIELL | D18: LG-DRILL | E18: 100323 | F18: 20000 | G18: 800 | H18: самовывоз | I18: отгружено | J18: 45082 | K18: Вольво 50B076TA | M18: Давроналиев Бобуршокс | O18: 20000 | S18: 44480 | T18: =S18*(F18/1000) -> 889600
B19: Спец№8 | C19: ERIELL | D19: LG-DRILL | E19: 220523 | F19: 20000 | G19: 800 | H19: самовывоз | I19: отгружено | J19: 45082 | K19: Ман 50Z841WA | M19: Ганиев Яксоксон | O19: 20000 | S19: 44480 | T19: =S19*(F19/1000) -> 889600
B20: БС-22157 | C20: БурСервис | D20: BaraFLC | E20: 280523 | F20: 19845 | G20: 875 | H20: Пурпе | I20: отгружено | J20: 45082 | K20: Скания Е250 РН 159 | L20: 8 923 751 36 26 | M20: Демьяненко Михаил | O20: 19845 | R20: + | S20: 49500 | T20: =S20*(F20/1000) -> 982327.5
B21: Спец№13 | C21: ИНКО-Сервис | D21: Сульфированный асфальт | E21: 020623 | F21: 20000 | G21: 800 | H21: Самара | I21: отгружено | J21: 45082 | K21: Вольво В858 НЕ 763 | L21: 8 927 010 96 17 | M21: Тишин Денис | O21: 20000 | R21: + | S21: 41000 | T21: =S21*(F21/1000) -> 820000
B22: Спец№11 | C22: Старкойл | D22: ТЕРРАПАН ж - 200 кг мет | E22: 020623 | F22: 4000 | G22: 20 | H22: самовывоз | I22: отгружено | J22: 45083 | K22: Мерседес М820 МУ 29 | L22: 8 911 569 60 97 | M22: Сивуха Александр | Q22: 4000 | S22: 110000 | T22: =S22*(F22/1000) -> 440000
B23: Спец№11 | C23: Старкойл | D23: ШЕЙЛ-ИКС ж - 200 кг п/эт | E23: 020623 | F23: 1600 | G23: 8 | H23: самовывоз | I23: отгружено | J23: 45083 | K23: Мерседес М820 МУ 29 | Q23: 1600 | S23: 95000 | T23: =S23*(F23/1000) -> 152000
B24: Спец№11 | C24: Старкойл | D24: Оптитрол Ж - 200 кг п/эт | E24: 040223 | F24: 2000 | G24: 10 | H24: самовывоз | I24: отгружено | J24: 45083 | K24: Мерседес М820 МУ 29 | Q24: 2000 | S24: 68000 | T24: =S24*(F24/1000) -> 136000
B25: Спец№11 | C25: Старкойл | D25: Оптитрол Ж - 200 кг п/эт | E25: 290223 | F25: 1000 | G25: 5 | H25: самовывоз | I25: отгружено | J25: 45083 | K25: Мерседес М820 МУ 29 | Q25: 1000 | S25: 68000 | T25: =S25*(F25/1000) -> 68000
B26: БС-27247 | C26: БурСервис | D26: BaraFLC | E26: 030623 | F26: 19845 | G26: 875 | H26: Пыть-Ях | I26: отгружено | J26: 45083 | K26: Скания О715 ЕТ 159 | L26: 8 912 486 94 00 | M26: Васев Илья | O26: 19845 | R26: + | S26: 49500 | T26: =S26*(F26/1000) -> 982327.5
B27: БС-27247 | C27: БурСервис | D27: BaraFLC | E27: 300523 | F27: 19845 | G27: 875 | H27: Пыть-Ях | I27: отгружено | J27: 45084 | K27: Скания В696 ВО 156 | L27: 8 987 864 22 41 | M27: Коваленко Сергей | O27: 19845 | R27: + | S27: 49500 | T27: =S27*(F27/1000) -> 982327.5
B28: БС-27247 | C28: БурСервис | D28: BaraFLC | E28: 010623 | F28: 19845 | G28: 875 | H28: Пыть-Ях | I28: отгружено | J28: 45084 | K28: Вольво М773 ОВ 29 | L28: 8 911 685 32 72 | M28: Гужихин Сергей | O28: 19845 | R28: + | S28: 49500 | T28: =S28*(F28/1000) -> 982327.5
B29: Спец№130 | C29: АКРОС | D29: Drilling Lube - 200 кг п/эт | E29: 030323 | F29: 200 | G29: 1 | H29: Мурманск | I29: отгружено | J29: 45084 | K29: Камаз Е582 ТХ 35 | L29: 8 981 446 99 24 | M29: Байков Игорь | Q29: 200 | S29: 359000 | T29: =S29*(F29/1000) -> 71800
B30: Спец№130 | C30: АКРОС | D30: Drilling Lube - 200 кг п/эт | E30: 310523 | F30: 8600 | G30: 43 | H30: Мурманск | I30: отгружено | J30: 45084 | K30: Камаз Е582 ТХ 35 | Q30: 8600 | S30: 359000 | T30: =S30*(F30/1000) -> 3087400
B31: Спец№130 | C31: АКРОС | D31: Drilling Lube - 200 кг п/эт | E31: 010623 | F31: 8800 | G31: 44 | H31: Мурманск | I31: отгружено | J31: 45084 | K31: Камаз Е582 ТХ 35 | Q31: 8800 | S31: 359000 | T31: =S31*(F31/1000) -> 3159200
B32: Спец№14 | C32: ЭкоФлуидз | D32: Сульфированный асфальт | E32: 180523 | F32: 20000 | G32: 800 | H32: Самара | I32: отгружено | J32: 45085 | K32: Форд Р349 ХН 58 | L32: 8 927 384 58 41 | M32: Китанин Дмитрий | O32: 20000 | S32: 41000 | T32: =S32*(F32/1000) -> 820000
B33: Спец№7 | C33: САФ-Сервис | D33: ЭКСТРАМУЛ-2000 - 190 кг п/эт | E33: 220423 | F33: 2660 | G33: 14 | H33: Пермь | I33: отгружено | J33: 45086 | K33: Даф С085 ОР 790 | L33: 8 982 748 07 93 | M33: Чеботаев Андрей | Q33: 2660 | R33: + | S33: 129700 | T33: =S33*(F33/1000) -> 345002
B34: Спец№7 | C34: САФ-Сервис | D34: ЭКСТРАМУЛ-2000 - 190 кг п/эт | E34: 060623 | F34: 8360 | G34: 44 | H34: Пермь | I34: отгружено | J34: 45086 | K34: Даф С085 ОР 790 | Q34: 8360 | R34: + | S34: 129700 | T34: =S34*(F34/1000) -> 1084292
B35: Спец№7 | C35: САФ-Сервис | D35: ЭКСТРАМУЛ-2000 - 190 кг п/эт | E35: 070623 | F35: 5700 | G35: 30 | H35: Пермь | I35: отгружено | J35: 45086 | K35: Даф С085 ОР 790 | Q35: 5700 | R35: + | S35: 129700 | T35: =S35*(F35/1000) -> 739290
B36: БС-27247 | C36: БурСервис | D36: BaraFLC | E36: 040623 | F36: 19845 | G36: 875 | H36: Пыть-Ях | I36: отгружено | J36: 45086 | K36: Даф М910 РУ 29 | L36: 8 911 685 34 05 | M36: Вишняков Денис | O36: 19845 | R36: + | S36: 49500 | T36: =S36*(F36/1000) -> 982327.5
B37: БС-27991 | C37: БурСервис | D37: CLAY GRABBER - 25 кг канистра | E37: 230523 | F37: 600 | G37: 24 | H37: Пыть-Ях | I37: отгружено | J37: 45086 | K37: Даф М910 РУ 29 | L37: 8 911 685 34 05 | M37: Вишняков Денис | Q37: 600 | R37: + | S37: 250000 | T37: =S37*(F37/1000) -> 150000
B38: БС-27247 | C38: БурСервис | D38: BaraFLC | E38: 060623 | F38: 19845 | G38: 875 | H38: Пыть-Ях | I38: отгружено | J38: 45086 | K38: Даф М791 УВ 29 | L38: 8 911 550 10 26 | M38: Блинов Александр | O38: 19845 | R38: + | S38: 49500 | T38: =S38*(F38/1000) -> 982327.5
B39: БС-27991 | C39: БурСервис | D39: CLAY GRABBER - 25 кг канистра | E39: 230523 | F39: 100 | G39: 4 | H39: Пыть-Ях | I39: отгружено | J39: 45086 | K39: Даф М791 УВ 29 | L39: 8 911 550 10 26 | M39: Блинов Александр | Q39: 100 | R39: + | S39: 250000 | T39: =S39*(F39/1000) -> 25000
B40: БС-27247 | C40: БурСервис | D40: BaraFLC | E40: 070623 | F40: 19845 | G40: 875 | H40: Пыть-Ях | I40: отгружено | J40: 45086 | K40: Даф В426 МХ 45 | L40: 8 912 979 31 83 | M40: Шукаев Михаил | O40: 19845 | R40: + | S40: 49500 | T40: =S40*(F40/1000) -> 982327.5
A41: контейнер | B41: БС-27589 | C41: БурСервис | D41: EZ MUL NTR (Экстрамул-2000) - 190 кг мет | E41: 180523/1 | F41: 8550 | G41: 45 | H41: Усинск | I41: отгружено | J41: 45088 | N41: RZDU0723035 | Q41: 8550 | R41: + | S41: 115000 | T41: =S41*(F41/1000) -> 983250
A42: контейнер | B42: БС-27589 | C42: БурСервис | D42: EZ MUL NTR (Экстрамул-2000) - 190 кг мет | E42: 190523/1 | F42: 6650 | G42: 35 | H42: Усинск | I42: отгружено | J42: 45088 | N42: RZDU0723035 | Q42: 6650 | R42: + | S42: 115000 | T42: =S42*(F42/1000) -> 764750
A43: контейнер | B43: БС-27589 | C43: БурСервис | D43: ADAPTA II (Ликвитрол) - 25 кг канистра | E43: 180523 | F43: 12000 | G43: 480 | H43: Усинск | I43: отгружено | J43: 45088 | N43: TKRU3500581 | Q43: 12000 | R43: + | S43: 165000 | T43: =S43*(F43/1000) -> 1980000
B44: Спец№6 | C44: KazPetroDrilling | D44: Оптитрол Ж - 200 кг п/эт | E44: 250323 | F44: 8000 | G44: 40 | H44: Жанаозен | I44: отгружено | J44: 45090 | K44: Мерседес О119 КУ 790 | L44: 8 960 834 08 79 | M44: Дегтярёв Андрей | Q44: 8000 | R44: + | S44: 65000 | T44: =S44*(F44/1000) -> 520000
B45: Спец№6 | C45: KazPetroDrilling | D45: Оптитрол Ж - 200 кг п/эт | E45: 260323 | F45: 7400 | G45: 37 | H45: Жанаозен | I45: отгружено | J45: 45090 | K45: Мерседес О119 КУ 790 | Q45: 7400 | R45: + | S45: 65000 | T45: =S45*(F45/1000) -> 481000
B46: Спец№6 | C46: KazPetroDrilling | D46: Оптитрол Ж - 200 кг п/эт | E46: 270323 | F46: 2200 | G46: 11 | H46: Жанаозен | I46: отгружено | J46: 45090 | K46: Мерседес О119 КУ 790 | Q46: 2200 | R46: + | S46: 65000 | T46: =S46*(F46/1000) -> 143000
B47: БС-27247 | C47: БурСервис | D47: BaraFLC | E47: 080623 | F47: 19845 | G47: 875 | H47: Пыть-Ях | I47: отгружено | J47: 45091 | K47: Скания Н604 ХО 159 | L47: 8 982 250 06 69 | M47: Рожнев Андрей | O47: 19845 | R47: + | S47: 49500 | T47: =S47*(F47/1000) -> 982327.5
B48: Спец№19 | C48: Энергоресурс | D48: Стабилайт II п/проп 25 кг | E48: 148 | F48: 11000 | G48: 440 | H48: самовывоз | I48: отгружено | J48: 45091 | K48: Мерседес Е474 НВ 159 | L48: 8 912 98 02 350 | M48: Пономарёв Сергей | O48: 11000 | S48: 45000 | T48: =S48*(F48/1000) -> 495000
B49: Спец№19 | C49: Энергоресурс | D49: BLACKTROL ж - 200 кг мет | E49: 280323 | F49: 4800 | G49: 24 | H49: самовывоз | I49: отгружено | J49: 45091 | K49: Мерседес Е474 НВ 159 | Q49: 4800 | S49: 89900 | T49: =S49*(F49/1000) -> 431520
B50: Спец№19 | C50: Энергоресурс | D50: BLACKTROL ж - 200 кг мет | E50: 250423 | F50: 3200 | G50: 16 | H50: самовывоз | I50: отгружено | J50: 45091 | K50: Мерседес Е474 НВ 159 | Q50: 3200 | S50: 89900 | T50: =S50*(F50/1000) -> 287680
B51: Спец№3К | C51: ОМАС | D51: Сульфированный асфальт | E51: 01/2023 | F51: 20000 | G51: 800 | H51: Нижневартовск | I51: отгружено | J51: 45092 | K51: Форд М222 ОР 69 | L51: 8 910 534 94 66 | M51: Бабанов Алексей | O51: 20000 | S51: 42000 | T51: =S51*(F51/1000) -> 840000
B52: Спец№3К | C52: ОМАС | D52: Сульфированный асфальт | E52: 01/2023 | F52: 20000 | G52: 800 | H52: Нижневартовск | I52: отгружено | J52: 45092 | K52: Скания М994 МС 159 | L52: 8 982 707 62 33 | M52: Дьяков Сергей | O52: 20000 | S52: 42000 | T52: =S52*(F52/1000) -> 840000
B53: БС-27247 | C53: БурСервис | D53: BaraFLC | E53: 090623 | F53: 19845 | G53: 875 | H53: Пыть-Ях | I53: отгружено | J53: 45092 | K53: Мерседес С094 УХ 72 | L53: 8 912 995 38 89 | M53: Новоселов Виктор | O53: 19845 | R53: + | S53: 49500 | T53: =S53*(F53/1000) -> 982327.5
B54: БС-27247 | C54: БурСервис | D54: BaraFLC | E54: 100623 | F54: 19845 | G54: 875 | H54: Пыть-Ях | I54: отгружено | J54: 45093 | K54: Скания Т059 АК 59 | L54: 8 999 261 45 97 | M54: Чугунов Владимир | O54: 19845 | S54: 49500 | T54: =S54*(F54/1000) -> 982327.5
B55: ИСК19685-06 | C55: ПетроИнжиниринг | D55: EWO MUL2 - 200 кг п/эт | E55: 140623 | F55: 13600 | G55: 68 | H55: Демьянка | I55: отгружено | J55: 45096 | K55: Ивеко А113 АС 702 | L55: 8 912 760 96 55 | M55: Жижин Сергей | Q55: 13600 | R55: + | S55: 165000 | T55: =S55*(F55/1000) -> 2244000
B56: ИСК19685-06 | C56: ПетроИнжиниринг | D56: EWO MUL2 - 200 кг п/эт | E56: 150623 | F56: 4000 | G56: 20 | H56: Демьянка | I56: отгружено | J56: 45096 | K56: Ивеко А113 АС 702 | Q56: 4000 | R56: + | S56: 165000 | T56: =S56*(F56/1000) -> 660000
B57: БС-24386 | C57: БурСервис | D57: CLAY GRABBER - 25 кг канистра | E57: 020623 | F57: 10500 | G57: 420 | H57: Пурпе | I57: отгружено | J57: 45096 | K57: Скания Н166 МН 159 | L57: 8 919 718 46 11 | M57: Попов Алексей | Q57: 10500 | R57: + | S57: 250000 | T57: =S57*(F57/1000) -> 2625000
B58: Спец№12 | C58: Старкойл | D58: ТЕРРАПАН ж - 200 кг мет | E58: 020623 | F58: 3200 | G58: 16 | H58: самовывоз | I58: отгружено | J58: 45096 | K58: Вольво H150 FC 178 | L58: 8 960 018 34 55 | M58: Андреев Александр | Q58: 3200 | S58: 110000 | T58: =S58*(F58/1000) -> 352000
B59: Спец№12 | C59: Старкойл | D59: Стабилайт II п/проп 25 кг | E59: 140522 | F59: 1000 | G59: 40 | H59: самовывоз | I59: отгружено | J59: 45096 | K59: Вольво H150 FC 178 | O59: 1000 | S59: 47000 | T59: =S59*(F59/1000) -> 47000
B60: Спец№12 | C60: Старкойл | D60: Оптитрол Ж - 200 кг п/эт | E60: 270323 | F60: 3000 | G60: 15 | H60: самовывоз | I60: отгружено | J60: 45096 | K60: Вольво H150 FC 178 | Q60: 3000 | S60: 68000 | T60: =S60*(F60/1000) -> 204000
B61: БС-27247 | C61: БурСервис | D61: BaraFLC | E61: 150623 | F61: 19845 | G61: 875 | H61: Пыть-Ях | I61: отгружено | J61: 45096 | K61: Вольво Т954 ВВ 790 | L61: 8 920 627 81 26 | M61: Болтушкин Александр | O61: 19845 | R61: + | S61: 49500 | T61: =S61*(F61/1000) -> 982327.5
B62: Счёт №232 | C62: ИПСтарикова | D62: Оптитрол Ж - 200 кг п/эт | E62: 140323 | F62: 1600 | G62: 8 | H62: самовывоз | I62: отгружено | J62: 45098 | K62: Фотон О795 ВУ 29 | M62: Дутка Андрей Васильевич | Q62: 1600 | S62: 68000 | T62: =S62*(F62/1000) -> 108800
B63: Счёт №232 | C63: ИПСтарикова | D63: Оптитрол Ж - 200 кг п/эт | E63: 270323 | F63: 1800 | G63: 9 | H63: самовывоз | I63: отгружено | J63: 45098 | K63: Фотон О795 ВУ 29 | Q63: 1800 | S63: 68000 | T63: =S63*(F63/1000) -> 122400
B64: Счёт №232 | C64: ИПСтарикова | D64: Оптитрол Ж - 200 кг п/эт | E64: 290323 | F64: 1200 | G64: 6 | H64: самовывоз | I64: отгружено | J64: 45098 | K64: Фотон О795 ВУ 29 | Q64: 1200 | S64: 68000 | T64: =S64*(F64/1000) -> 81600
B65: БС-30661 | C65: БурСервис | D65: BUR-RMOD L (Реомод ж) - 190 кг п/эт | E65: 070623 | F65: 5700 | G65: 30 | H65: Архангельск | I65: отгружено | J65: 45098 | K65: Камаз М608СТ 29 | M65: Детков Ян | Q65: 5700 | S65: 299900 | T65: =S65*(F65/1000) -> 1709430
B66: БС-27247 | C66: БурСервис | D66: BaraFLC | E66: 140623 | F66: 19845 | G66: 875 | H66: Пыть-Ях | I66: отгружено | J66: 45100 | K66: Вольво О917 МХ 29 | L66: 8 911 567 52 25 | M66: Любимков Алексей | O66: 19845 | R66: + | S66: 49500 | T66: =S66*(F66/1000) -> 982327.5
B67: Спец№8 | C67: САФ-Сервис | D67: ЭКСТРАМУЛ-2000 - 190 кг п/эт | E67: 190623 | F67: 7600 | G67: 40 | H67: самовывоз | I67: отгружено | J67: 45100 | K67: Мерседес М935 УХ 29 | L67: 8 952 305 77 12 | M67: Котлов Сергей | Q67: 7600 | S67: 129700 | T67: =S67*(F67/1000) -> 985720
B68: БС-27247 | C68: БурСервис | D68: BaraFLC | E68: 160623 | F68: 19845 | G68: 875 | H68: Пыть-Ях | I68: отгружено | J68: 45103 | K68: Даф М547 НЕ 29 | L68: 8 921 670 06 06 | M68: Хрущ Александр | O68: 19845 | R68: + | S68: 49500 | T68: =S68*(F68/1000) -> 982327.5
B69: БС-27247 | C69: БурСервис | D69: BaraFLC | E69: 170623 | F69: 19845 | G69: 875 | H69: Пыть-Ях | I69: отгружено | J69: 45103 | K69: Даф М910 РУ 29 | L69: 8 911 685 34 05 | M69: Вишняков Денис | O69: 19845 | R69: + | S69: 49500 | T69: =S69*(F69/1000) -> 982327.5
B70: БС-27247 | C70: БурСервис | D70: BaraFLC | E70: 180623 | F70: 19845 | G70: 875 | H70: Пыть-Ях | I70: отгружено | J70: 45103 | K70: Ситрак В985 ТС 43 | L70: 8 922 942 40 75 | M70: Павлов Сергей | O70: 19845 | S70: 49500 | T70: =S70*(F70/1000) -> 982327.5
B71: Спец№8 | C71: Миррико | D71: BLACKTROL ж - 200 кг мет | E71: 250423 | F71: 3200 | G71: 16 | H71: самовывоз | I71: отгружено | J71: 45103 | K71: Скания Е644 АА 147 | M71: Калмыков Сергей | Q71: 3200 | S71: 90000 | T71: =S71*(F71/1000) -> 288000
B72: Спец№8 | C72: Миррико | D72: BLACKTROL ж - 200 кг мет | E72: 260423 | F72: 400 | G72: 2 | H72: самовывоз | I72: отгружено | J72: 45103 | K72: Скания Е644 АА 147 | Q72: 400 | S72: 90000 | T72: =S72*(F72/1000) -> 36000
B73: Спец№8 | C73: Миррико | D73: BLACKTROL ж - 200 кг мет | E73: 220623 | F73: 3800 | G73: 19 | H73: самовывоз | I73: отгружено | J73: 45103 | K73: Скания Е644 АА 147 | Q73: 3800 | S73: 90000 | T73: =S73*(F73/1000) -> 342000
B74: Счёт №233 | C74: ИПСтарикова | D74: ТЕРРАПАН | E74: 240623 | F74: 3000 | G74: 120 | H74: самовывоз | I74: отгружено | J74: 45103 | K74: Газон Р583 НЕ 152 | L74: 8 920 296 99 25 | M74: Теснов Евгений | P74: 3000 | S74: 255000 | T74: =S74*(F74/1000) -> 765000
B75: Спец№12 | C75: Старкойл | D75: ТЕРРАПАН ж - 200 кг мет | E75: 210623 | F75: 4800 | G75: 24 | H75: самовывоз | I75: отгружено | J75: 45103 | K75: Газон У699 НХ 797 | M75: Агеев Владимир | Q75: 4800 | S75: 110000 | T75: =S75*(F75/1000) -> 528000
B76: БС-27247 | C76: БурСервис | D76: BaraFLC | E76: 200623 | F76: 19845 | G76: 875 | H76: Пыть-Ях | I76: отгружено | J76: 45104 | K76: Фотон Т356 ТУ 152 | L76: 8 920 026 02 75 | M76: Нестеров Андрей | O76: 19845 | S76: 49500 | T76: =S76*(F76/1000) -> 982327.5
B77: БС-27247 | C77: БурСервис | D77: BaraFLC | E77: 240623 | F77: 19845 | G77: 875 | H77: Пыть-Ях | I77: отгружено | J77: 45104 | K77: Мантага Е891 НВ 45 | L77: 8 982 154 35 67 | M77: Бузанов Евгений | O77: 19845 | S77: 49500 | T77: =S77*(F77/1000) -> 982327.5
B78: БС-27247 | C78: БурСервис | D78: BaraFLC | E78: 210623 | F78: 19845 | G78: 875 | H78: Пыть-Ях | I78: отгружено | J78: 45104 | K78: Даф О209 МТ 196 | L78: 8 912 857 61 84 | M78: Хлестов Анатолий | O78: 19845 | S78: 49500 | T78: =S78*(F78/1000) -> 982327.5
B79: Спец№15 | C79: ИНКО-Сервис | D79: РЕОМОД п 18 кг | E79: 20230302-01 | F79: 5004 | G79: 278 | H79: Волгоград | I79: отгружено | J79: 45105 | K79: Вольво О618 СМ 29 | L79: 8 960 015 57 52 | M79: Вахтомин Иван | P79: 5004 | S79: 185000 | T79: =S79*(F79/1000) -> 925740
B80: Спец№15 | C80: ИНКО-Сервис | D80: ВЕЛЛТРИТ - 180 кг мет | E80: 23062023-03 | F80: 3240 | G80: 18 | H80: Волгоград | I80: отгружено | J80: 45105 | K80: Вольво О618 СМ 29 | Q80: 3240 | S80: 158000 | T80: =S80*(F80/1000) -> 511920
B81: Спец№15 | C81: ИНКО-Сервис | D81: ЭКСТРАМУЛ-2000 - 180 кг мет | E81: 21062023-01 | F81: 7200 | G81: 40 | H81: Волгоград | I81: отгружено | J81: 45105 | K81: Вольво О618 СМ 29 | Q81: 7200 | S81: 125000 | T81: =S81*(F81/1000) -> 900000
B82: БС-27247 | C82: БурСервис | D82: BaraFLC | E82: 220623 | F82: 19845 | G82: 875 | H82: Пыть-Ях | I82: отгружено | J82: 45105 | K82: Даф К746 МС 196 | L82: 8 906 800 72 92 | M82: Детков Иван | O82: 19845 | R82: + | S82: 49500 | T82: =S82*(F82/1000) -> 982327.5
B83: БС-27247 | C83: БурСервис | D83: BaraFLC | E83: 190623 | F83: 19845 | G83: 875 | H83: Пыть-Ях | I83: отгружено | J83: 45105 | K83: Скания М921 ТР 76 | L83: 8 915 988 62 22 | M83: Степанов Алексей | O83: 19845 | S83: 49500 | T83: =S83*(F83/1000) -> 982327.5
B84: БС-27247 | C84: БурСервис | D84: BaraFLC | E84: 250623 | F84: 19845 | G84: 875 | H84: Пыть-Ях | I84: отгружено | J84: 45106 | K84: Ситрак М087 МЕ 716 | L84: 8 987 615 86 40 | M84: Аптышев Радион | O84: 19845 | S84: 49500 | T84: =S84*(F84/1000) -> 982327.5
B85: БС-27247 | C85: БурСервис | D85: BaraFLC | E85: 260623 | F85: 19845 | G85: 875 | H85: Пыть-Ях | I85: отгружено | J85: 45106 | K85: Мерседес В944 НУ 164 | L85: 8 917 024 79 06 | M85: Гомзин Виктор | O85: 19845 | S85: 49500 | T85: =S85*(F85/1000) -> 982327.5
B86: БС-27247 | C86: БурСервис | D86: BaraFLC | E86: 230623 | F86: 19845 | G86: 875 | H86: Пыть-Ях | I86: отгружено | J86: 45106 | K86: Вольво А954 ОА 134 | L86: 8 999 626 43 36 | M86: Мошков Василий | O86: 19845 | R86: + | S86: 49500 | T86: =S86*(F86/1000) -> 982327.5
B87: БС-27247 | C87: БурСервис | D87: BaraFLC | E87: 280623 | F87: 19845 | G87: 875 | H87: Пыть-Ях | I87: отгружено | J87: 45107 | K87: Даф К008 МА 29 | L87: 8 911 682 59 92 | M87: Белоцерковский Алексей | O87: 19845 | S87: 49500 | T87: =S87*(F87/1000) -> 982327.5
B88: БС-27247 | C88: БурСервис | D88: BaraFLC | E88: 290623 | F88: 19845 | G88: 875 | H88: Пыть-Ях | I88: отгружено | J88: 45107 | K88: Вольво С334 ОО 76 | L88: 8 915 971 34 39 | M88: Эккерт Илья | O88: 19845 | R88: + | S88: 49500 | T88: =S88*(F88/1000) -> 982327.5
B89: БС-27247 | C89: БурСервис | D89: BaraFLC | E89: 270623 | F89: 19845 | G89: 875 | H89: Пыть-Ях | I89: отгружено | J89: 45107 | K89: ДонФенг О600 НУ 159 | L89: 8 992 010 58 89 | M89: Семёнов Сергей | O89: 19845 | S89: 49500 | T89: =S89*(F89/1000) -> 982327.5
A90: Отгрузка с Усть-Кута | B90: Спец№14 | C90: ИНКО-Сервис | D90: СУПЕРСЛАЙДЕР ГОЛД - 180 кг мет | E90: 260122 | F90: 3600 | G90: 20 | H90: Самара | I90: отгружено | J90: *10.06.2023 | K90: Ивеко А910 ХЕ 702 | L90: 8 987 136 04 74 | M90: Орлов Александр | Q90: 3600 | R90: + | S90: 80000 | T90: =S90*(F90/1000) -> 288000
A91: Отгрузка с Усть-Кута | B91: Спец№14 | C91: ИНКО-Сервис | D91: СУПЕРСЛАЙДЕР ГОЛД - 180 кг мет | E91: 290122 | F91: 720 | G91: 4 | H91: Самара | I91: отгружено | J91: *10.06.2023 | K91: Ивеко А910 ХЕ 702 | L91: 8 987 136 04 74 | M91: Орлов Александр | Q91: 720 | R91: + | S91: 80000 | T91: =S91*(F91/1000) -> 57600
A92: Отгрузка с Усть-Кута | B92: Спец№14 | C92: ИНКО-Сервис | D92: СУПЕРСЛАЙДЕР ГОЛД - 180 кг мет | E92: 300122 | F92: 8640 | G92: 48 | H92: Самара | I92: отгружено | J92: *10.06.2023 | K92: Ивеко А910 ХЕ 702 | L92: 8 987 136 04 74 | M92: Орлов Александр | Q92: 8640 | R92: + | S92: 80000 | T92: =S92*(F92/1000) -> 691200
A93: Отгрузка с Усть-Кута | B93: Спец№14 | C93: ИНКО-Сервис | D93: СУПЕРСЛАЙДЕР ГОЛД - 180 кг мет | E93: 030222 | F93: 2880 | G93: 16 | H93: Самара | I93: отгружено | J93: *10.06.2023 | K93: Ивеко А910 ХЕ 702 | L93: 8 987 136 04 74 | M93: Орлов Александр | Q93: 2880 | R93: + | S93: 80000 | T93: =S93*(F93/1000) -> 230400
A94: Итого заказов на: | B94: =SUM(F4:F93)/1000 -> 965.903 | C94: т | T94: =SUM(T4:T93) -> 78028716
A95: Итого отгружено: | B95: =B96+B97+B98 -> 965.903 | C95: т
A96: из них ЧП: | B96: =SUM(O4:O93)/1000 -> 687.815 | C96: т
A97: из них ИНАЯ: | B97: =SUM(P4:P93)/1000 -> 48.748 | C97: т
A98: из них на жидкий: | B98: =SUM(Q4:Q93)/1000 -> 229.34 | C98: т
A99: Осталось отгрузить | B99: =B94-B95 -> 0 | C99: т

Sheet май 2023
B1: ОТГРУЗКИ ПРОДУКЦИИ | C1: 45047
A2: заметки | B2: НОМЕР ЗАКАЗА | C2: КЛИЕНТ | D2: ПРОДУКТ | E2: ПАРТИЯ | F2: КОЛИЧЕСТВО | H2: ПУНКТ НАЗНАЧЕНИЯ | I2: СТАТУС | J2: ДАТА ОТГРУЗКИ | K2: АВТОДОСТАВКА | N2: ЖД ДОСТАВКА | O2: ИТОГО ОТГРУЖЕНО | R2: АКТЫ
F3: КГ | G3: мешков/бочек | K3: № АВТО | L3: ТЕЛ. ВОДИТЕЛЯ | M3: ВОДИТЕЛЬ | N3: № КОНТЕЙНЕРА | O3: ЧП | P3: ИНАЯ | Q3: Жидкий | S3: Цена со склада за 1 тонну | T3: Итого
B4: БС-23717 | C4: БурСервис | D4: EZ MUL NTR (Экстрамул-2000) - 190 кг мет | E4: 140423 | F4: 7410 | G4: 39 | H4: Коротчаево | I4: отгружено | J4: 45048 | K4: Ситрак М484 АХ 35 | L4: 8 921 127 14 77 | M4: Пшеничников Сергей | Q4: 7410 | R4: + | S4: 115000 | T4: =S4*(F4/1000) -> 852150
B5: БС-23717 | C5: БурСервис | D5: EZ MUL NTR (Экстрамул-2000) - 190 кг мет | E5: 140423/1 | F5: 7790 | G5: 41 | H5: Коротчаево | I5: отгружено | J5: 45048 | K5: Ситрак М484 АХ 35 | Q5: 7790 | R5: + | S5: 115000 | T5: =S5*(F5/1000) -> 895850
B6: БС-23717 | C6: БурСервис | D6: EZ MUL NTR (Экстрамул-2000) - 190 кг мет | E6: 140423/1 | F6: 760 | G6: 4 | H6: Коротчаево | I6: отгружено | J6: 45048 | K6: Рено К061 РН 35 | L6: 8 921 231 08 27 | M6: Шишебаров Василий | Q6: 760 | R6: + | S6: 115000 | T6: =S6*(F6/1000) -> 87400
B7: БС-23717 | C7: БурСервис | D7: EZ MUL NTR (Экстрамул-2000) - 190 кг мет | E7: 150423 | F7: 8930 | G7: 47 | H7: Коротчаево | I7: отгружено | J7: 45048 | K7: Рено К061 РН 35 | Q7: 8930 | R7: + | S7: 115000 | T7: =S7*(F7/1000) -> 1026950
B8: БС-23717 | C8: БурСервис | D8: EZ MUL NTR (Экстрамул-2000) - 190 кг мет | E8: 150423/1 | F8: 5510 | G8: 29 | H8: Коротчаево | I8: отгружено | J8: 45048 | K8: Рено К061 РН 35 | Q8: 5510 | R8: + | S8: 115000 | T8: =S8*(F8/1000) -> 633650
B9: БС-23717 | C9: БурСервис | D9: EZ MUL NTR (Экстрамул-2000) - 190 кг мет | E9: 150423/1 | F9: 3420 | G9: 18 | H9: Коротчаево | I9: отгружено | J9: 45048 | K9: Скания М173ВА 159 | L9: 8 982 480 25 26 | M9: Пепеляев Михаил | Q9: 3420 | R9: + | S9: 115000 | T9: =S9*(F9/1000) -> 393300
B10: БС-23717 | C10: БурСервис | D10: EZ MUL NTR (Экстрамул-2000) - 190 кг мет | E10: 160423 | F10: 8930 | G10: 47 | H10: Коротчаево | I10: отгружено | J10: 45048 | K10: Скания М173ВА 159 | Q10: 8930 | R10: + | S10: 115000 | T10: =S10*(F10/1000) -> 1026950
B11: БС-23717 | C11: БурСервис | D11: EZ MUL NTR (Экстрамул-2000) - 190 кг мет | E11: 220423 | F11: 2850 | G11: 15 | H11: Коротчаево | I11: отгружено | J11: 45048 | K11: Скания М173ВА 159 | Q11: 2850 | R11: + | S11: 115000 | T11: =S11*(F11/1000) -> 327750
B12: Спец№3 | C12: ЮкатексЮгра | D12: Стабилайт II марк 25 кг | E12: 200423 | F12: 20000 | G12: 800 | H12: Куть-Ях | I12: отгружено | J12: 45048 | K12: Мерседес С094 УХ 72 | L12: 8 912 995 38 89 | M12: Новосёлов Виктор | O12: 20000 | R12: + | S12: 43800 | T12: =S12*(F12/1000) -> 876000
B13: 42307 | C13: ТКШ | D13: VERSATROL M (Ст РУО) бум 22,68 кг | E13: 310323 | F13: 18144 | G13: 800 | H13: Архангельск | I13: отгружено | J13: 45048 | K13: Камаз М608 СТ29 | M13: Ян Детков | P13: 18144 | S13: 75000 | T13: =S13*(F13/1000) -> 1360800
B14: 42263 | C14: ТКШ | D14: VERSATROL M (Ст РУО) бум 22,68 кг | E14: 010423 | F14: 18144 | G14: 800 | H14: Архангельск | I14: отгружено | J14: 45048 | K14: Камаз М608 СТ29 | P14: 18144 | S14: 75000 | T14: =S14*(F14/1000) -> 1360800
B15: 42264 | C15: ТКШ | D15: VERSATROL M (Ст РУО) бум 22,68 кг | E15: 040423 | F15: 18144 | G15: 800 | H15: Архангельск | I15: отгружено | J15: 45048 | K15: Камаз М608 СТ29 | P15: 18144 | S15: 75000 | T15: =S15*(F15/1000) -> 1360800
B16: ИСК17866-25 | C16: ПетроИнжиниринг | D16: EWO MUL2 - 200 кг п/эт | E16: 170423 | F16: 14400 | G16: 72 | H16: Нефтеюганск | I16: отгружено | J16: 45048 | K16: Скания В696 ВО 156 | L16: 8 922 540 20 78 | M16: Михайлов Вячеслав | Q16: 14400 | R16: + | S16: 170000 | T16: =F16/1000*S16 -> 2448000
B17: ИСК17866-25 | C17: ПетроИнжиниринг | D17: EWO MUL2 - 200 кг п/эт | E17: 190423 | F17: 3200 | G17: 16 | H17: Нефтеюганск | I17: отгружено | J17: 45048 | K17: Скания В696 ВО 156 | Q17: 3200 | R17: + | S17: 170000 | T17: =F17/1000*S17 -> 544000
B18: Спец№3 | C18: ЮкатексЮгра | D18: Стабилайт II марк 25 кг | E18: 190423 | F18: 20000 | G18: 800 | H18: Куть-Ях | I18: отгружено | J18: 45051 | K18: Вольво М773 ОВ 29 | L18: 8 911 685 32 72 | M18: Гужиххин Сергей | O18: 20000 | R18: + | S18: 43800 | T18: =S18*(F18/1000) -> 876000
B19: Спец№55 | C19: СБМ | D19: СБМОЙЛРЕО В (Реомод ж) - 180 кг мет | E19: 021222 | F19: 1260 | G19: 7 | H19: Пыть-Ях | I19: отгружено | J19: 45051 | K19: Вольво Р814 ОО 11 | L19: 8 963 485 98 93 | M19: Мирошниченко Александр | Q19: 1260 | R19: + | S19: 320000 | T19: =S19*(F19/1000) -> 403200
B20: Спец№55 | C20: СБМ | D20: СБМОЙЛРЕО В (Реомод ж) - 180 кг мет | E20: 061222 | F20: 180 | G20: 1 | H20: Пыть-Ях | I20: отгружено | J20: 45051 | K20: Вольво Р814 ОО 11 | Q20: 180 | R20: + | S20: 320000 | T20: =S20*(F20/1000) -> 57600
B21: Спец№55 | C21: СБМ | D21: СБМОЙЛРЕО В (Реомод ж) - 180 кг мет | E21: 080323 | F21: 180 | G21: 1 | H21: Пыть-Ях | I21: отгружено | J21: 45051 | K21: Вольво Р814 ОО 11 | Q21: 180 | R21: + | S21: 320000 | T21: =S21*(F21/1000) -> 57600
B22: Спец№55 | C22: СБМ | D22: СБМОЙЛРЕО В (Реомод ж) - 180 кг мет | E22: 250423 | F22: 8100 | G22: 45 | H22: Пыть-Ях | I22: отгружено | J22: 45051 | K22: Вольво Р814 ОО 11 | Q22: 8100 | R22: + | S22: 320000 | T22: =S22*(F22/1000) -> 2592000
B23: Спец№55 | C23: СБМ | D23: СБМОЙЛРЕО В (Реомод ж) - 180 кг мет | E23: 270423 | F23: 6120 | G23: 34 | H23: Пыть-Ях | I23: отгружено | J23: 45051 | K23: Вольво Р814 ОО 11 | Q23: 6120 | R23: + | S23: 320000 | T23: =S23*(F23/1000) -> 1958400
B24: ИСК17886-14 | C24: ПетроИнжиниринг | D24: EWO MUL2 - 200 кг п/эт | E24: 090423 | F24: 8000 | G24: 40 | H24: Коротчаево | I24: отгружено | J24: 45051 | K24: Ситрак М457 АХ 35 | L24: 8 921 538 19 90 | M24: Курочкин Андрей | Q24: 8000 | R24: + | S24: 170000 | T24: =F24/1000*S24 -> 1360000
B25: ИСК17886-14 | C25: ПетроИнжиниринг | D25: EWO MUL2 - 200 кг п/эт | E25: 120423 | F25: 9600 | G25: 48 | H25: Коротчаево | I25: отгружено | J25: 45051 | K25: Ситрак М457 АХ 35 | Q25: 9600 | R25: + | S25: 170000 | T25: =F25/1000*S25 -> 1632000
B26: Спец№2К | C26: ОМАС | D26: Сульфированный асфальт | E26: 01/2023 | F26: 20000 | G26: 800 | H26: Уфа | I26: отгружено | J26: 45051 | K26: Скания Е282 УС 35 | L26: 8 981 423 70 35 | M26: Соколов Андрей | O26: 20000 | R26: + | S26: 42000 | T26: =S26*(F26/1000) -> 840000
B27: БС-24454 | C27: БурСервис | D27: TORQ TRIM II PLUS (СС Голд) - 185 кг п/эт | E27: 040423 | F27: 1295 | G27: 7 | H27: Пурпе | I27: отгружено | J27: 45056 | K27: Скания М626 СА 159 | L27: 8 982 254 50 29 | M27: Ульяновский Александр | Q27: 1295 | S27: 110800 | T27: =S27*(F27/1000) -> 143486
B28: БС-24454 | C28: БурСервис | D28: TORQ TRIM II PLUS (СС Голд) - 185 кг п/эт | E28: 050423 | F28: 8510 | G28: 46 | H28: Пурпе | I28: отгружено | J28: 45056 | K28: Скания М626 СА 159 | Q28: 8510 | S28: 110800 | T28: =S28*(F28/1000) -> 942908
B29: БС-24454 | C29: БурСервис | D29: TORQ TRIM II PLUS (СС Голд) - 185 кг п/эт | E29: 060423 | F29: 4995 | G29: 27 | H29: Пурпе | I29: отгружено | J29: 45056 | K29: Скания М626 СА 159 | Q29: 4995 | S29: 110800 | T29: =S29*(F29/1000) -> 553446
B30: БС-22157 | C30: БурСервис | D30: EZ MUL NTR (Экстрамул-2000) - 190 кг мет | E30: 010423/1 | F30: 380 | G30: 2 | H30: Пурпе | I30: отгружено | J30: 45056 | K30: Скания М626 СА 159 | L30: 8 982 254 50 29 | M30: Ульяновский Александр | Q30: 380 | S30: 115000 | T30: =S30*(F30/1000) -> 43700
B31: БС-22157 | C31: БурСервис | D31: EZ MUL NTR (Экстрамул-2000) - 190 кг мет | E31: 020423 | F31: 380 | G31: 2 | H31: Пурпе | I31: отгружено | J31: 45056 | K31: Скания М626 СА 159 | Q31: 380 | S31: 115000 | T31: =S31*(F31/1000) -> 43700
B32: Спец№8 | C32: СтаркОйл | D32: ТЕРРАПАН ж - 200 кг мет | E32: 120423 | F32: 600 | G32: 3 | H32: самовывоз | I32: отгружено | J32: 45056 | K32: Ситрак В604 ТМ 43 | M32: Пахоль Пётр Владимирович | Q32: 600 | S32: 110000 | T32: =S32*(F32/1000) -> 66000
B33: Спец№9 | C33: СтаркОйл | D33: ТЕРРАПАН ж - 200 кг мет | E33: 120423 | F33: 5800 | G33: 29 | H33: самовывоз | I33: отгружено | J33: 45056 | K33: Ситрак В604 ТМ 43 | Q33: 5800 | S33: 110000 | T33: =S33*(F33/1000) -> 638000
B34: Спец№9 | C34: СтаркОйл | D34: ШЕЙЛ-ИКС ж - 200 кг п/эт | E34: 030523 | F34: 1400 | G34: 7 | H34: самовывоз | I34: отгружено | J34: 45056 | K34: Ситрак В604 ТМ 43 | Q34: 1400 | S34: 95000 | T34: =S34*(F34/1000) -> 133000
B35: Спец№9 | C35: СтаркОйл | D35: ШЕЙЛ-ИКС ж - 200 кг п/эт | E35: 030523/1 | F35: 1000 | G35: 5 | H35: самовывоз | I35: отгружено | J35: 45056 | K35: Ситрак В604 ТМ 43 | Q35: 1000 | S35: 95000 | T35: =S35*(F35/1000) -> 95000
B36: Спец№10 | C36: СтаркОйл | D36: ШЕЙЛ-ИКС ж - 200 кг п/эт | E36: 050523 | F36: 1800 | G36: 9 | H36: самовывоз | I36: отгружено | J36: 45056 | K36: Ситрак В604 ТМ 43 | Q36: 1800 | S36: 95000 | T36: =S36*(F36/1000) -> 171000
B37: Спец№10 | C37: СтаркОйл | D37: ТЕРРАПАН ж - 200 кг мет | E37: 120423 | F37: 3000 | G37: 15 | H37: самовывоз | I37: отгружено | J37: 45056 | K37: Ситрак В604 ТМ 43 | Q37: 3000 | S37: 110000 | T37: =S37*(F37/1000) -> 330000
B38: Спец№6 | C38: KazPetroDrilling | D38: Оптитрол Ж - 200 кг п/эт | E38: 281122 | F38: 600 | G38: 3 | H38: Жанаозен | I38: отгружено | J38: 45056 | K38: Даф О712 МН 29 | L38: 8 926 630 87 06 | M38: Десятовский Артём | Q38: 600 | R38: + | S38: 65000 | T38: =S38*(F38/1000) -> 39000
B39: Спец№6 | C39: KazPetroDrilling | D39: Оптитрол Ж - 200 кг п/эт | E39: 190123 | F39: 3000 | G39: 15 | H39: Жанаозен | I39: отгружено | J39: 45056 | K39: Даф О712 МН 29 | Q39: 3000 | R39: + | S39: 65000 | T39: =S39*(F39/1000) -> 195000
B40: Спец№6 | C40: KazPetroDrilling | D40: Оптитрол Ж - 200 кг п/эт | E40: 190123/1 | F40: 2800 | G40: 14 | H40: Жанаозен | I40: отгружено | J40: 45056 | K40: Даф О712 МН 29 | Q40: 2800 | R40: + | S40: 65000 | T40: =S40*(F40/1000) -> 182000
B41: Спец№6 | C41: KazPetroDrilling | D41: Оптитрол Ж - 200 кг п/эт | E41: 270123 | F41: 4800 | G41: 24 | H41: Жанаозен | I41: отгружено | J41: 45056 | K41: Даф О712 МН 29 | Q41: 4800 | R41: + | S41: 65000 | T41: =S41*(F41/1000) -> 312000
B42: Спец№6 | C42: KazPetroDrilling | D42: Оптитрол Ж - 200 кг п/эт | E42: 030223 | F42: 3200 | G42: 16 | H42: Жанаозен | I42: отгружено | J42: 45056 | K42: Даф О712 МН 29 | Q42: 3200 | R42: + | S42: 65000 | T42: =S42*(F42/1000) -> 208000
B43: Спец№6 | C43: KazPetroDrilling | D43: Оптитрол Ж - 200 кг п/эт | E43: 290223 | F43: 3200 | G43: 16 | H43: Жанаозен | I43: отгружено | J43: 45056 | K43: Даф О712 МН 29 | Q43: 3200 | R43: + | S43: 65000 | T43: =S43*(F43/1000) -> 208000
B44: Спец№2 | C44: РуссИнтеграл | D44: Стабилайт II марк 25 кг | E44: 250423 | F44: 20000 | G44: 800 | H44: Пыть-Ях | I44: отгружено | J44: 45056 | K44: Даф М910 РУ 29 | L44: 8 911 685 34 05 | M44: Вишняков Денис | O44: 20000 | R44: + | S44: 45000 | T44: =S44*(F44/1000) -> 900000
B45: БС-22157 | C45: БурСервис | D45: BaraFLC | E45: 120423 | F45: 19845 | G45: 875 | H45: Пурпе | I45: отгружено | J45: 45057 | K45: Камаз Е732 МХ 186 | L45: 8 922 428 87 00 | M45: Турскис Иван | O45: 19845 | R45: + | S45: 49500 | T45: =S45*(F45/1000) -> 982327.5
B46: Спец№55 | C46: СБМ | D46: СБМОЙЛРЕО В (Реомод ж) - 180 кг мет | E46: 190323 | F46: 4680 | G46: 26 | H46: Пыть-Ях | I46: отгружено | J46: 45057 | K46: Скания В255 ММ 178 | L46: 8 912 771 94 69 | M46: Авилов Николай | Q46: 4680 | R46: + | S46: 320000 | T46: =S46*(F46/1000) -> 1497600
B47: Спец№55 | C47: СБМ | D47: СБМОЙЛРЕО В (Реомод ж) - 180 кг мет | E47: 230423 | F47: 2520 | G47: 14 | H47: Пыть-Ях | I47: отгружено | J47: 45057 | K47: Скания В255 ММ 178 | Q47: 2520 | R47: + | S47: 320000 | T47: =S47*(F47/1000) -> 806400
B48: Спец№55 | C48: СБМ | D48: СБМОЙЛРЕО В (Реомод ж) - 180 кг мет | E48: 270423 | F48: 1980 | G48: 11 | H48: Пыть-Ях | I48: отгружено | J48: 45057 | K48: Скания В255 ММ 178 | Q48: 1980 | R48: + | S48: 320000 | T48: =S48*(F48/1000) -> 633600
B49: Спец№55 | C49: СБМ | D49: СБМОЙЛРЕО В (Реомод ж) - 180 кг мет | E49: 290423 | F49: 6660 | G49: 37 | H49: Пыть-Ях | I49: отгружено | J49: 45057 | K49: Скания В255 ММ 178 | Q49: 6660 | R49: + | S49: 320000 | T49: =S49*(F49/1000) -> 2131200
B50: БС-24386 | C50: БурСервис | D50: EZ MUL NTR (Экстрамул-2000) - 190 кг мет | E50: 280423 | F50: 5130 | G50: 27 | H50: Пурпе | I50: отгружено | J50: 45057 | K50: Ман О079 МА 797 | L50: 8 969 414 27 27 | M50: Черткоев Владислав | Q50: 5130 | R50: + | S50: 115000 | T50: =S50*(F50/1000) -> 589950
B51: БС-24386 | C51: БурСервис | D51: EZ MUL NTR (Экстрамул-2000) - 190 кг мет | E51: 280423/1 | F51: 8740 | G51: 46 | H51: Пурпе | I51: отгружено | J51: 45057 | K51: Ман О079 МА 797 | Q51: 8740 | R51: + | S51: 115000 | T51: =S51*(F51/1000) -> 1005100
B52: БС-24386 | C52: БурСервис | D52: EZ MUL NTR (Экстрамул-2000) - 190 кг мет | E52: 290423 | F52: 1330 | G52: 7 | H52: Пурпе | I52: отгружено | J52: 45057 | K52: Ман О079 МА 797 | Q52: 1330 | R52: + | S52: 115000 | T52: =S52*(F52/1000) -> 152950
B53: БС-22157 | C53: БурСервис | D53: BaraFLC | E53: 110423 | F53: 1587.6 | G53: 70 | H53: Пурпе | I53: отгружено | J53: 45057 | K53: Ман О079 МА 797 | L53: 8 969 414 27 27 | M53: Черткоев Владислав | O53: 1587.6 | R53: + | S53: 49500 | T53: =S53*(F53/1000) -> 78586.2
B54: БС-24386 | C54: БурСервис | D54: EZ MUL NTR (Экстрамул-2000) - 190 кг мет | E54: 220423 | F54: 2850 | G54: 15 | H54: Пурпе | I54: отгружено | J54: 45058 | K54: Скания Н166 МН 159 | L54: 8 919 718 46 11 | M54: Попов Алексей | Q54: 2850 | S54: 115000 | T54: =S54*(F54/1000) -> 327750
B55: БС-24386 | C55: БурСервис | D55: EZ MUL NTR (Экстрамул-2000) - 190 кг мет | E55: 260423 | F55: 8930 | G55: 47 | H55: Пурпе | I55: отгружено | J55: 45058 | K55: Скания Н166 МН 159 | Q55: 8930 | S55: 115000 | T55: =S55*(F55/1000) -> 1026950
B56: БС-24386 | C56: БурСервис | D56: EZ MUL NTR (Экстрамул-2000) - 190 кг мет | E56: 280423 | F56: 3420 | G56: 18 | H56: Пурпе | I56: отгружено | J56: 45058 | K56: Скания Н166 МН 159 | Q56: 3420 | S56: 115000 | T56: =S56*(F56/1000) -> 393300
B57: БС-22157 | C57: БурСервис | D57: BaraFLC | E57: 110423 | F57: 1587.6 | G57: 70 | H57: Пурпе | I57: отгружено | J57: 45058 | K57: Скания Н166 МН 159 | L57: 8 919 718 46 11 | M57: Попов Алексей | O57: 1587.6 | S57: 49500 | T57: =S57*(F57/1000) -> 78586.2
B58: Спец№5 | C58: Качество | D58: Стабилайт II марк 25 кг | E58: 020523 | F58: 2000 | G58: 80 | H58: самовывоз | I58: отгружено | J58: 45058 | K58: Луидор М932 ОС 21 | M58: Афиногентов Михаил | O58: 2000 | S58: 38000 | T58: =S58*(F58/1000) -> 76000
B59: Спец№5 | C59: Качество | D59: ТЕРРАПАН | E59: 030523 | F59: 1000 | G59: 40 | H59: самовывоз | I59: отгружено | J59: 45058 | K59: Луидор М932 ОС 21 | P59: 1000 | S59: 245000 | T59: =S59*(F59/1000) -> 245000
B60: Спец№5 | C60: Качество | D60: Оптитрол Ж - 200 кг п/эт | E60: 040223 | F60: 800 | G60: 4 | H60: самовывоз | I60: отгружено | J60: 45058 | K60: Луидор М932 ОС 21 | Q60: 800 | S60: 67800 | T60: =S60*(F60/1000) -> 54240
B61: Спец№17 | C61: Энергоресурс | D61: BLACKTROL ж - 200 кг мет | E61: 250423 | F61: 400 | G61: 2 | H61: самовывоз | I61: отгружено | J61: 45058 | K61: Ман В072 НУ 67 | M61: Ивашков Сергей | Q61: 400 | S61: 89900 | T61: =S61*(F61/1000) -> 35960
B62: Спец№17 | C62: Энергоресурс | D62: BLACKTROL ж - 200 кг мет | E62: 260423 | F62: 8600 | G62: 43 | H62: самовывоз | I62: отгружено | J62: 45058 | K62: Ман В072 НУ 67 | Q62: 8600 | S62: 89900 | T62: =S62*(F62/1000) -> 773140
B63: Спец№17 | C63: Энергоресурс | D63: BLACKTROL ж - 200 кг мет | E63: 280323 | F63: 600 | G63: 3 | H63: самовывоз | I63: отгружено | J63: 45058 | K63: Ман В072 НУ 67 | Q63: 600 | S63: 89900 | T63: =S63*(F63/1000) -> 53940
B64: БС-28213 | C64: БурСервис | D64: BaraFLC | E64: 210423 | F64: 19845 | G64: 875 | H64: Новый Уренгой | I64: отгружено | J64: 45058 | K64: Вольво О990 СТ 159 | L64: 8 982 440 97 55 | M64: Кондюрин Александр | O64: 19845 | R64: + | S64: 49500 | T64: =S64*(F64/1000) -> 982327.5
B65: БС-24386 | C65: БурСервис | D65: BaraFLC | E65: 030523 | F65: 19845 | G65: 875 | H65: Пурпе | I65: отгружено | J65: 45061 | K65: Скания О877 ВР 159 | L65: 8 919 479 28 92 | M65: Потапов Павел | O65: 19845 | R65: + | S65: 49500 | T65: =S65*(F65/1000) -> 982327.5
B66: БС-24386 | C66: БурСервис | D66: POLYAC PLUS R (BDF-911) бум 22,68 кг | E66: 250423 | F66: 18144 | G66: 800 | H66: Пурпе | I66: отгружено | J66: 45061 | K66: Скания М664 ЕУ 159 | L66: 8 912 237 61 71 | M66: Инюшев Андрей | P66: 18144 | R66: + | S66: 245000 | T66: =S66*(F66/1000) -> 4445280
B67: БС-24386 | C67: БурСервис | D67: ADAPTA LE (Адванта ж) - 25 кг канистра | E67: 020523 | F67: 1800 | G67: 72 | H67: Пурпе | I67: отгружено | J67: 45061 | K67: Скания М664 ЕУ 159 | Q67: 1800 | R67: + | S67: 220000 | T67: =S67*(F67/1000) -> 396000
B68: БС-27258 | C68: БурСервис | D68: ADAPTA II (Ликвитрол) - 25 кг канистра | E68: 100523 | F68: 15000 | G68: 600 | H68: Пурпе | I68: отгружено | J68: 45061 | K68: Ситрак М457 АХ 35 | L68: 8 921 538 19 90 | M68: Курочкин Андрей | Q68: 15000 | R68: + | S68: 165000 | T68: =S68*(F68/1000) -> 2475000
B69: Счёт№160 | C69: ХГРП | D69: СУПЕРСЛАЙДЕР ПЛАТИНУМ - 50 кг | E69: 020523 | F69: 500 | G69: 10 | H69: Красноярск | I69: отгружено | J69: 45063 | K69: Камаз Т220 НТ 152 | L69: 8 908 150 65 90 | M69: Кривенков Алексей | Q69: 500 | S69: 205000 | T69: =S69*(F69/1000) -> 102500
B70: Счёт№160 | C70: ХГРП | D70: BLACKTROL ж - 50 кг п/эт | E70: 250423 | F70: 2000 | G70: 40 | H70: Красноярск | I70: отгружено | J70: 45063 | K70: Камаз Т220 НТ 152 | Q70: 2000 | S70: 89000 | T70: =S70*(F70/1000) -> 178000
B71: Счёт№160 | C71: ХГРП | D71: Оптитрол Ж - 50 кг п/эт | E71: 110523 | F71: 2000 | G71: 40 | H71: Красноярск | I71: отгружено | J71: 45063 | K71: Камаз Т220 НТ 152 | Q71: 2000 | S71: 65000 | T71: =S71*(F71/1000) -> 130000
B72: Спец№17 | C72: Буринтех | D72: СУЛЬФОБИТ бум 22,7 кг | E72: 130523 | F72: 17252 | G72: 760 | H72: Пурпе | I72: отгружено | J72: 45063 | K72: Даф М547 НЕ 29 | L72: 8 921 670 06 06 | M72: Хрущ Александр | O72: 17252 | R72: + | S72: 41000 | T72: =S72*(F72/1000) -> 707332
B73: Спец№17 | C73: Буринтех | D73: РЕОМОД ж - 180 кг | E73: 120523 | F73: 540 | G73: 3 | H73: Пурпе | I73: отгружено | J73: 45063 | K73: Даф М547 НЕ 29 | Q73: 540 | R73: + | S73: 320000 | T73: =S73*(F73/1000) -> 172800
B74: Спец№17 | C74: Буринтех | D74: СТАБИЛАЙТ РУО | E74: 160523 | F74: 2000 | G74: 100 | H74: Пурпе | I74: отгружено | J74: 45063 | K74: Даф М547 НЕ 29 | P74: 2000 | R74: + | S74: 73000 | T74: =S74*(F74/1000) -> 146000
B75: БС-28213 | C75: БурСервис | D75: BaraFLC | E75: 280423 | F75: 19845 | G75: 875 | H75: Новый Уренгой | I75: отгружено | J75: 45064 | K75: Ситрак О895 МХ 159 | L75: 8 952 652 84 44 | M75: Полуянов Александр | O75: 19845 | R75: + | S75: 49500 | T75: =S75*(F75/1000) -> 982327.5
B76: БС-24386 | C76: БурСервис | D76: ADAPTA LE (Адванта ж) - 25 кг канистра | E76: 020523 | F76: 15600 | G76: 624 | H76: Пурпе | I76: отгружено | J76: 45065 | K76: Скания О529 МА 159 | L76: 8 919 452 76 06 | M76: Шалин Антон | Q76: 15600 | R76: + | S76: 220000 | T76: =S76*(F76/1000) -> 3432000
B77: Счёт№184 | C77: Техноцентр | D77: АДВАНТА ж - 25 кг канистра | E77: 180523 | F77: 25 | G77: 1 | H77: Тутаево | I77: отгружено | J77: 45065 | K77: Деловые линии | Q77: 25 | S77: 215000 | T77: =S77*(F77/1000) -> 5375
B78: Спец№18 | C78: Энергоресурс | D78: Стабилайт II п/проп 25 кг | E78: 147 | F78: 20000 | G78: 800 | H78: самовывоз | I78: отгружено | J78: 45065 | K78: Маз В420 ОК 43 | L78: 8 912 733 85 67 | M78: Мутных Дмитрий | O78: 20000 | S78: 45000 | T78: =F78/1000*S78 -> 900000
B79: БС-27258 | C79: БурСервис | D79: EZ MUL NTR (Экстрамул-2000) - 190 кг мет | E79: 290423 | F79: 7030 | G79: 37 | H79: Пурпе | I79: отгружено | J79: 45068 | K79: Скания М849 ВА 136 | L79: 8 929 007 25 25 | M79: Абрамов Виктор | Q79: 7030 | R79: + | S79: 115000 | T79: =S79*(F79/1000) -> 808450
B80: БС-27258 | C80: БурСервис | D80: EZ MUL NTR (Экстрамул-2000) - 190 кг мет | E80: 150523 | F80: 8170 | G80: 43 | H80: Пурпе | I80: отгружено | J80: 45068 | K80: Скания М849 ВА 136 | Q80: 8170 | R80: + | S80: 115000 | T80: =S80*(F80/1000) -> 939550
B81: БС-24386 | C81: БурСервис | D81: ADAPTA LE (Адванта ж) - 25 кг канистра | E81: 020523 | F81: 1200 | G81: 48 | H81: Пурпе | I81: отгружено | J81: 45068 | K81: Скания М849 ВА 136 | L81: 8 929 007 25 25 | M81: Абрамов Виктор | Q81: 1200 | R81: + | S81: 220000 | T81: =S81*(F81/1000) -> 264000
B82: БС-27258 | C82: БурСервис | D82: EZ MUL NTR (Экстрамул-2000) - 190 кг мет | E82: 150523 | F82: 380 | G82: 2 | H82: Пурпе | I82: отгружено | J82: 45068 | K82: Скания О471 ВО 159 | L82: 8 950 454 40 41 | M82: Красильников Михаил | Q82: 380 | R82: + | S82: 115000 | T82: =S82*(F82/1000) -> 43700
B83: БС-27258 | C83: БурСервис | D83: EZ MUL NTR (Экстрамул-2000) - 190 кг мет | E83: 160523 | F83: 8550 | G83: 45 | H83: Пурпе | I83: отгружено | J83: 45068 | K83: Скания О471 ВО 159 | Q83: 8550 | R83: + | S83: 115000 | T83: =S83*(F83/1000) -> 983250
B84: БС-27258 | C84: БурСервис | D84: EZ MUL NTR (Экстрамул-2000) - 190 кг мет | E84: 170523 | F84: 6270 | G84: 33 | H84: Пурпе | I84: отгружено | J84: 45068 | K84: Скания О471 ВО 159 | Q84: 6270 | R84: + | S84: 115000 | T84: =S84*(F84/1000) -> 721050
B85: БС-24386 | C85: БурСервис | D85: ADAPTA LE (Адванта ж) - 25 кг канистра | E85: 020523 | F85: 1200 | G85: 48 | H85: Пурпе | I85: отгружено | J85: 45068 | K85: Скания О471 ВО 159 | L85: 8 950 454 40 41 | M85: Красильников Михаил | Q85: 1200 | R85: + | S85: 220000 | T85: =S85*(F85/1000) -> 264000
B86: БС-26947 | C86: БурСервис | D86: POLYAC PLUS R (BDF-911) бум 22,68 кг | E86: 260423 | F86: 18144 | G86: 800 | H86: Пыть-Ях | I86: отгружено | J86: 45068 | K86: Вольво К777 ОО 29 | L86: 8 911 874 49 00 | M86: Суров Сергей | P86: 18144 | R86: + | S86: 245000 | T86: =S86*(F86/1000) -> 4445280
B87: ИСК17866-25 | C87: ПетроИнжиниринг | D87: EWO MUL2 - 200 кг п/эт | E87: 190423 | F87: 11200 | G87: 56 | H87: Нефтеюганск | I87: отгружено | J87: 45068 | K87: Скания К411 ОЕ 159 | L87: 8 919 707 10 35 | M87: Антипин Михаил | Q87: 11200 | R87: + | S87: 170000 | T87: =F87/1000*S87 -> 1904000
B88: ИСК17866-25 | C88: ПетроИнжиниринг | D88: EWO MUL2 - 200 кг п/эт | E88: 110523 | F88: 6400 | G88: 32 | H88: Нефтеюганск | I88: отгружено | J88: 45068 | K88: Скания К411 ОЕ 159 | Q88: 6400 | R88: + | S88: 170000 | T88: =F88/1000*S88 -> 1088000
B89: Спец№2 | C89: ТМГ Технолоджи | D89: СУПЕРСЛАЙДЕР ГОЛД - 180 кг мет | E89: 020323 | F89: 3420 | G89: 19 | H89: самовывоз | I89: отгружено | J89: 45070 | K89: Камаз С384 ХЕ 152 | L89: 8 950 613 18 14 | M89: Абоймов Владимир | Q89: 3420 | S89: 110000 | T89: =S89*(F89/1000) -> 376200
B90: Спец№2 | C90: ТМГ Технолоджи | D90: СУПЕРСЛАЙДЕР ПЛАТИНУМ | E90: 150523 | F90: 1260 | G90: 7 | H90: самовывоз | I90: отгружено | J90: 45070 | K90: Камаз С384 ХЕ 152 | Q90: 1260 | S90: 300000 | T90: =S90*(F90/1000) -> 378000
B91: БС-27258 | C91: БурСервис | D91: EZ MUL NTR (Экстрамул-2000) - 190 кг мет | E91: 170523 | F91: 2280 | G91: 12 | H91: Пурпе | I91: отгружено | J91: 45071 | K91: Мерседес С094 УХ 72 | L91: 8 912 995 38 89 | M91: Новосёлов Виктор | Q91: 2280 | R91: + | S91: 115000 | T91: =S91*(F91/1000) -> 262200
B92: БС-27258 | C92: БурСервис | D92: EZ MUL NTR (Экстрамул-2000) - 190 кг мет | E92: 190523 | F92: 1900 | G92: 10 | H92: Пурпе | I92: отгружено | J92: 45071 | K92: Мерседес С094 УХ 72 | Q92: 1900 | R92: + | S92: 115000 | T92: =S92*(F92/1000) -> 218500
B93: БС-27258 | C93: БурСервис | D93: EZ MUL NTR (Экстрамул-2000) - 190 кг мет | E93: 180523 | F93: 8740 | G93: 46 | H93: Пурпе | I93: отгружено | J93: 45071 | K93: Мерседес С094 УХ 72 | Q93: 8740 | R93: + | S93: 115000 | T93: =S93*(F93/1000) -> 1005100
B94: БС-27258 | C94: БурСервис | D94: EZ MUL NTR (Экстрамул-2000) - 190 кг мет | E94: 230523 | F94: 2280 | G94: 12 | H94: Пурпе | I94: отгружено | J94: 45071 | K94: Мерседес С094 УХ 72 | Q94: 2280 | R94: + | S94: 115000 | T94: =S94*(F94/1000) -> 262200
B95: БС-27689 | C95: БурСервис | D95: BaraFLC (0) | E95: 190523 | F95: 19845 | G95: 875 | H95: Кожва | I95: отгружено | J95: 45071 | K95: Скания К108 ОО 159 | L95: 8 982 711 39 94 | M95: Исаков Владимир | O95: 19845 | R95: + | S95: 49500 | T95: =S95*(F95/1000) -> 982327.5
A96: контейнер | B96: БС-27589 | C96: БурСервис | D96: BaraFLC (0) | E96: 150523 | F96: 15876 | G96: 700 | H96: Усинск | I96: отгружено | J96: 45071 | N96: RZDU3040290 | O96: 15876 | S96: 49500 | T96: =S96*(F96/1000) -> 785862
A97: контейнер | B97: БС-27589 | C97: БурСервис | D97: BaraFLC (0) | E97: 160523 | F97: 15876 | G97: 700 | H97: Усинск | I97: отгружено | J97: 45071 | N97: TKRU3294768 | O97: 15876 | S97: 49500 | T97: =S97*(F97/1000) -> 785862
B98: БС-22157 | C98: БурСервис | D98: BaraFLC | E98: 110423 | F98: 11907 | G98: 525 | H98: Пурпе | I98: отгружено | J98: 45072 | K98: Скания К564 ВС 159 | L98: 8 992 226 87 71 | M98: Размадзе Евгений | O98: 11907 | S98: 49500 | T98: =S98*(F98/1000) -> 589396.5
B99: БС-24386 | C99: БурСервис | D99: ADAPTA LE (Адванта ж) - 25 кг канистра | E99: 020523 | F99: 200 | G99: 8 | H99: Пурпе | I99: отгружено | J99: 45072 | K99: Скания К564 ВС 159 | Q99: 200 | S99: 220000 | T99: =S99*(F99/1000) -> 44000
B100: БС-27258 | C100: БурСервис | D100: ADAPTA II (Ликвитрол) - 25 кг канистра | E100: 100523 | F100: 2400 | G100: 96 | H100: Пурпе | I100: отгружено | J100: 45072 | K100: Скания К564 ВС 159 | Q100: 2400 | S100: 165000 | T100: =S100*(F100/1000) -> 396000
...

Sheet апрель 2023
B1: ОТГРУЗКИ ПРОДУКЦИИ | C1: 45017
A2: заметки | B2: НОМЕР ЗАКАЗА | C2: КЛИЕНТ | D2: ПРОДУКТ | E2: ПАРТИЯ | F2: КОЛИЧЕСТВО | H2: ПУНКТ НАЗНАЧЕНИЯ | I2: СТАТУС | J2: ДАТА ОТГРУЗКИ | K2: АВТОДОСТАВКА | N2: ЖД ДОСТАВКА | O2: ИТОГО ОТГРУЖЕНО | R2: АКТЫ
F3: КГ | G3: мешков/бочек | K3: № АВТО | L3: ТЕЛ. ВОДИТЕЛЯ | M3: ВОДИТЕЛЬ | N3: № КОНТЕЙНЕРА | O3: ЧП | P3: ИНАЯ | Q3: Жидкий | S3: Цена со склада за 1 тонну | T3: Итого
B4: БС-23301 | C4: БурСервис | D4: Реагент В - 200 кг п/эт | E4: 270323 | F4: 200 | G4: 1 | H4: Коротчаево | I4: отгружено | J4: 45019 | K4: Вольво К619 УК 35 | L4: 8 911 541 48 01 | M4: Хольченков Андрей | Q4: 200 | R4: + | S4: 350000 | T4: =S4*(F4/1000) -> 70000
B5: БС-23963 | C5: БурСервис | D5: POLYAC PLUS R (BDF-911) бум 22,68 кг | E5: 290323 | F5: 18144 | G5: 800 | H5: Коротчаево | I5: отгружено | J5: 45019 | K5: Вольво К619 УК 35 | L5: 8 911 541 48 01 | M5: Хольченков Андрей | P5: 18144 | R5: + | S5: 245000 | T5: =S5*(F5/1000) -> 4445280
B6: БС-19141 | C6: БурСервис | D6: TORQ TRIM 22 (СС Руо) - 185 кг мет | E6: 200323 | F6: 8695 | G6: 47 | H6: Пыть-Ях | I6: отгружено | J6: 45019 | K6: Даф К008 МА 29 | L6: 8 911 682 59 92 | M6: Белоцерковский Алексей | Q6: 8695 | R6: + | S6: 359000 | T6: =S6*(F6/1000) -> 3121505
B7: БС-19141 | C7: БурСервис | D7: TORQ TRIM 22 (СС Руо) - 185 кг мет | E7: 210323 | F7: 6105 | G7: 33 | H7: Пыть-Ях | I7: отгружено | J7: 45019 | K7: Даф К008 МА 29 | Q7: 6105 | R7: + | S7: 359000 | T7: =S7*(F7/1000) -> 2191695
B8: Спец№12 | C8: ЭкоФлуидз | D8: Сульфированный асфальт | E8: 300323 | F8: 20000 | G8: 800 | H8: Самара | I8: отгружено | J8: 45019 | K8: Мерседес К171 РХ 73 | L8: 8 908 476 42 29 | M8: Тазиев Ромис | O8: 20000 | S8: 41000 | T8: =S8*(F8/1000) -> 820000
B9: Спец№ 6 | C9: САФ-Сервис | D9: ЭКСТРАМУЛ-2000 - 190 кг п/эт | E9: 290323 | F9: 3040 | G9: 16 | H9: самовывоз | I9: отгружено | J9: 45020 | K9: Газ В215 ХС 18 | M9: Александров Александр | Q9: 3040 | S9: 129700 | T9: =S9*(F9/1000) -> 394288
B10: CO-4502301543-CL1 | C10: CSOilfield | D10: ВЕЛЛТРИТ - 180 кг мет | E10: 200323 | F10: 10800 | G10: 60 | H10: Новороссийск | I10: отгружено | J10: 45020 | K10: КАМАЗ К251УУ 21 | L10: 8 967 471 54 16 | M10: Алексеев Александр | Q10: 10800 | S10: 108000 | T10: =F10/1000*S10 -> 1166400
B11: Спец№129 | C11: Акрос | D11: MEX GL-LUBE (СС Голд) - 200 кг п/эт | E11: 260323 | F11: 4000 | G11: 20 | H11: Мегион | I11: отгружено | J11: 45020 | K11: Скания С938 КВ 102 | L11: 8 912 760 96 55 | M11: Жижин Сергей | Q11: 4000 | R11: + | S11: 110000 | T11: =S11*(F11/1000) -> 440000
B12: Спец№129 | C12: Акрос | D12: MEX GL-LUBE (СС Голд) - 200 кг п/эт | E12: 110223 | F12: 7200 | G12: 36 | H12: Мегион | I12: отгружено | J12: 45020 | K12: Скания С938 КВ 102 | Q12: 7200 | R12: + | S12: 110000 | T12: =S12*(F12/1000) -> 792000
B13: Спец№129 | C13: Акрос | D13: MEX GL-LUBE (СС Голд) - 200 кг п/эт | E13: 030423 | F13: 6400 | G13: 32 | H13: Мегион | I13: отгружено | J13: 45020 | K13: Скания С938 КВ 102 | Q13: 6400 | R13: + | S13: 110000 | T13: =S13*(F13/1000) -> 704000
B14: Спец№28 | C14: Химпром | D14: АСФАСОЛ | E14: BJ0036-23 | F14: 18000 | G14: 720 | H14: самовывоз | I14: отгружено | J14: 45020 | K14: Ман А405 АВ 196 | L14: 8 922 130 75 41 | M14: Васильев Андрей | O14: 18000 | S14: 45000 | T14: =S14*(F14/1000) -> 810000
B15: Спец№28 | C15: Химпром | D15: ТЕРРАПАН | E15: BJ0035-23 | F15: 2000 | G15: 80 | H15: самовывоз | I15: отгружено | J15: 45020 | K15: Ман А405 АВ 196 | P15: 2000 | S15: 255000 | T15: =S15*(F15/1000) -> 510000
B16: Спец№4 | C16: СервисТЭК-Бурене | D16: ЭКСТРАМУЛ-2000 - 190 кг мет | E16: 280323 | F16: 1520 | G16: 8 | H16: самовывоз | I16: отгружено | J16: 45020 | K16: Мерседес М002 ОН 11 | L16: 8 912 560 00 60 | M16: Дружинин Владимир | Q16: 1520 | S16: 120000 | T16: =S16*(F16/1000) -> 182400
B17: Спец№4 | C17: СервисТЭК-Бурене | D17: РЕОМОД п 18 кг | E17: 300323 | F17: 1800 | G17: 100 | H17: самовывоз | I17: отгружено | J17: 45020 | K17: Мерседес М002 ОН 11 | P17: 1800 | S17: 230000 | T17: =S17*(F17/1000) -> 414000
B18: БС-19378 | C18: БурСервис | D18: ADAPTA LE (Адванта ж) - 25 кг канистра | E18: 100323 | F18: 8400 | G18: 336 | H18: Пурпе | I18: отгружено | J18: 45021 | K18: Камаз Н868 НХ 196 | L18: 8 912 207 85 40 | M18: Брусницын Сергей | Q18: 8400 | R18: + | S18: 220000 | T18: =S18*(F18/1000) -> 1848000
B19: БС-22229 | C19: БурСервис | D19: ADAPTA II (Ликвитрол) - 25 кг канистра | E19: 140323 | F19: 3600 | G19: 144 | H19: Пурпе | I19: отгружено | J19: 45021 | K19: Камаз Н868 НХ 196 | Q19: 3600 | R19: + | S19: 165000 | T19: =S19*(F19/1000) -> 594000
B20: БС-22157 | C20: БурСервис | D20: POLYAC PLUS R (BDF-911) бум 22,68 кг | E20: 160323 | F20: 4762.8 | G20: 210 | H20: Пурпе | I20: отгружено | J20: 45021 | K20: Камаз Н868 НХ 196 | Q20: 4762.8 | R20: + | S20: 245000 | T20: =S20*(F20/1000) -> 1166886
B21: БС-22157 | C21: БурСервис | D21: EZ MUL NTR (Экстрамул-2000) - 190 кг мет | E21: 250323 | F21: 3230 | G21: 17 | H21: Пурпе | I21: отгружено | J21: 45021 | K21: Ман Н160 АН 159 | L21: 8 999 123 13 04 | M21: Фетисов Денис | Q21: 3230 | R21: + | S21: 115000 | T21: =S21*(F21/1000) -> 371450
B22: БС-22157 | C22: БурСервис | D22: EZ MUL NTR (Экстрамул-2000) - 190 кг мет | E22: 270323 | F22: 8550 | G22: 45 | H22: Пурпе | I22: отгружено | J22: 45021 | K22: Ман Н160 АН 159 | Q22: 8550 | R22: + | S22: 115000 | T22: =S22*(F22/1000) -> 983250
B23: БС-22157 | C23: БурСервис | D23: EZ MUL NTR (Экстрамул-2000) - 190 кг мет | E23: 280323 | F23: 3420 | G23: 18 | H23: Пурпе | I23: отгружено | J23: 45021 | K23: Ман Н160 АН 159 | Q23: 3420 | R23: + | S23: 115000 | T23: =S23*(F23/1000) -> 393300
B24: Спец№129 | C24: Акрос | D24: MEX GL-LUBE (СС Голд) - 200 кг п/эт | E24: 030423 | F24: 2400 | G24: 12 | H24: Мегион | I24: отгружено | J24: 45021 | K24: Мерседес К487 НН 186 | L24: 8 917 490 05 48 | M24: Потеряхин Игорь | Q24: 2400 | R24: + | S24: 110000 | T24: =S24*(F24/1000) -> 264000
B25: Спец№129 | C25: Акрос | D25: MEX GL-LUBE (СС Голд) - 200 кг п/эт | E25: 030423/1 | F25: 8000 | G25: 40 | H25: Мегион | I25: отгружено | J25: 45021 | K25: Мерседес К487 НН 186 | Q25: 8000 | R25: + | S25: 110000 | T25: =S25*(F25/1000) -> 880000
B26: Спец№129 | C26: Акрос | D26: MEX GL-LUBE (СС Голд) - 200 кг п/эт | E26: 040423 | F26: 7200 | G26: 36 | H26: Мегион | I26: отгружено | J26: 45021 | K26: Мерседес К487 НН 186 | Q26: 7200 | R26: + | S26: 110000 | T26: =S26*(F26/1000) -> 792000
B27: БС-22157 | C27: БурСервис | D27: EZ MUL NTR (Экстрамул-2000) - 190 кг мет | E27: 280323 | F27: 3610 | G27: 19 | H27: Пурпе | I27: отгружено | J27: 45021 | K27: Даф О403 МА 159 | L27: 8 952 649 69 31 | M27: Пикулев Алексей | Q27: 3610 | S27: 115000 | T27: =S27*(F27/1000) -> 415150
B28: БС-22157 | C28: БурСервис | D28: EZ MUL NTR (Экстрамул-2000) - 190 кг мет | E28: 310323 | F28: 9310 | G28: 49 | H28: Пурпе | I28: отгружено | J28: 45021 | K28: Даф О403 МА 159 | Q28: 9310 | S28: 115000 | T28: =S28*(F28/1000) -> 1070650
B29: БС-22157 | C29: БурСервис | D29: EZ MUL NTR (Экстрамул-2000) - 190 кг мет | E29: 010423 | F29: 2280 | G29: 12 | H29: Пурпе | I29: отгружено | J29: 45021 | K29: Даф О403 МА 159 | Q29: 2280 | S29: 115000 | T29: =S29*(F29/1000) -> 262200
B30: БС-22157 | C30: БурСервис | D30: POLYAC PLUS R (BDF-911) бум 22,68 кг | E30: 160323 | F30: 1587.6 | G30: 70 | H30: Пурпе | I30: отгружено | J30: 45021 | K30: Даф О403 МА 159 | P30: 1587.6 | S30: 245000 | T30: =S30*(F30/1000) -> 388962
B31: Спец№56 | C31: СБМ | D31: СБМЛУБ ПЛЮС (СС Платинум) - 180 кг мет | E31: 240323 | F31: 13680 | G31: 76 | H31: Пыть-Ях | I31: отгружено | J31: 45022 | K31: Ман Н281 ТУ 196 | L31: 8 922 031 13 21 | M31: Банных Андрей | Q31: 13680 | R31: + | S31: 230000 | T31: =S31*(F31/1000) -> 3146400
B32: Спец№54 | C32: СБМ | D32: СБМСУЛЬФ | E32: 310323 | F32: 3000 | G32: 120 | H32: Пыть-Ях | I32: отгружено | J32: 45022 | K32: Ман Н281 ТУ 196 | L32: 8 922 031 13 21 | M32: Банных Андрей | O32: 3000 | R32: + | S32: 41000 | T32: =S32*(F32/1000) -> 123000
B33: Спец№57 | C33: СБМ | D33: СБМОЙЛБЛОК (Ст РУО) | E33: 240323 | F33: 20000 | G33: 1000 | H33: Пыть-Ях | I33: отгружено | J33: 45022 | K33: Даф Н095 ОС 31 | L33: 8 909 209 58 76 | M33: Ильковский Владимир | P33: 20000 | S33: 73000 | T33: =S33*(F33/1000) -> 1460000
B34: БС-23963 | C34: БурСервис | D34: BaraFLC | E34: 270323 | F34: 11113.2 | G34: 490 | H34: самовывоз | I34: отгружено | J34: 45022 | K34: Вольво Е346 СК 196 | L34: 8 912 661 75 00 | M34: Абакумов Виктор | O34: 11113.2 | S34: 49500 | T34: =S34*(F34/1000) -> 550103.4
B35: БС-22157 | C35: БурСервис | D35: EZ MUL NTR (Экстрамул-2000) - 190 кг мет | E35: 010423 | F35: 6080 | G35: 32 | H35: самовывоз | I35: отгружено | J35: 45022 | K35: Вольво Е346 СК 196 | Q35: 6080 | S35: 115000 | T35: =S35*(F35/1000) -> 699200
B36: Спец№16 | C36: Энергоресурс | D36: Стабилайт II п/проп 25 кг | E36: 145 | F36: 20000 | G36: 800 | H36: самовывоз | I36: отгружено | J36: 45026 | K36: Вольво М958 МВ 29 | M36: Тараканов Артём | O36: 20000 | S36: 45000 | T36: =F36/1000*S36 -> 900000
B37: Спец№57 | C37: СБМ | D37: СБМОЙЛБЛОК (Ст РУО) | E37: 230323 | F37: 20000 | G37: 1000 | H37: Пыть-Ях | I37: отгружено | J37: 45026 | K37: Скания К511 СС 18 | L37: 8 912 854 86 62 | M37: Кочуров Александр | P37: 20000 | R37: + | S37: 73000 | T37: =S37*(F37/1000) -> 1460000
B38: 42243 | C38: ТКШ | D38: Реасолт | E38: 240323 | F38: 15890 | G38: 700 | H38: Пыть-Ях | I38: отгружено | J38: 45026 | K38: Вольво М552 КК 29 | L38: 8 911 567 52 25 | M38: Любимков Алексей | O38: 15890 | R38: + | S38: 41400 | T38: =S38*(F38/1000) -> 657846
B39: 42243 | C39: ТКШ | D39: Реасолт | E39: 251222 | F39: 3972.5 | G39: 175 | H39: Пыть-Ях | I39: отгружено | J39: 45026 | K39: Вольво М552 КК 29 | O39: 3972.5 | R39: + | S39: 41400 | T39: =S39*(F39/1000) -> 164461.5
B40: БС-17333 | C40: БурСервис | D40: BaraFLC | E40: 030423 | F40: 19845 | G40: 875 | H40: Пыть-Ях | I40: отгружено | J40: 45026 | K40: Скания О070 КР 159 | L40: 8 922 345 55 28 | M40: Тихонов Андрей | O40: 19845 | R40: + | S40: 49500 | T40: =S40*(F40/1000) -> 982327.5
B41: Спец№13 | C41: ЭкоФлуидз | D41: Сульфированный асфальт | E41: 070423 | F41: 20000 | G41: 800 | H41: Самара | I41: отгружено | J41: 45027 | K41: Вольво А067 РВ 73 | L41: 8 927 818 94 21 | M41: Гашнев Валерий | O41: 20000 | R41: + | S41: 41000 | T41: =S41*(F41/1000) -> 820000
B42: 42244 | C42: ТКШ | D42: Реасолт | E42: 250323 | F42: 19862.5 | G42: 875 | H42: Нягань | I42: отгружено | J42: 45027 | K42: Скания С371 ВЕ 102 | L42: 8 917 772 48 85 | M42: Тимирбаев Владислав | O42: 19862.5 | S42: 41400 | T42: =S42*(F42/1000) -> 822307.5
B43: ИСК17886-14 | C43: ПетроИнжиниринг | D43: EWO MUL (Экстрамул-2000) - 190 кг п/эт | E43: 300323 | F43: 8740 | G43: 46 | H43: Коротчаево | I43: отгружено | J43: 45027 | K43: Скания М173 ВА 159 | L43: 8 982 491 69 16 | M43: Вяткин Александр | Q43: 8740 | S43: 165000 | T43: =F43/1000*S43 -> 1442100
B44: ИСК17886-14 | C44: ПетроИнжиниринг | D44: EWO MUL (Экстрамул-2000) - 190 кг п/эт | E44: 310323 | F44: 7980 | G44: 42 | H44: Коротчаево | I44: отгружено | J44: 45027 | K44: Скания М173 ВА 159 | Q44: 7980 | S44: 165000 | T44: =F44/1000*S44 -> 1316700
B45: Спец№57 | C45: СБМ | D45: СБМОЙЛБЛОК (Ст РУО) | E45: 250323 | F45: 20000 | G45: 1000 | H45: Пыть-Ях | I45: отгружено | J45: 45028 | K45: Даф М547 НЕ 29 | L45: 8 921 670 06 06 | M45: Хрущ Александр | P45: 20000 | R45: + | S45: 73000 | T45: =S45*(F45/1000) -> 1460000
B46: Спец№9 | C46: ERIELL | D46: ТЕРРАПАН | E46: 070323 | F46: 20000 | G46: 800 | H46: самовывоз | I46: отгружено | J46: 45028 | K46: Ман Р246 УХ05 | L46: 8 903 477 40 48 | M46: Магамедов Хасанбек | P46: 20000 | S46: 242000 | T46: =S46*(F46/1000) -> 4840000
B47: Спец№7 | C47: ERIELL | D47: BLACKTROL ж - 200 кг мет | E47: 040123 | F47: 200 | G47: 1 | H47: самовывоз | I47: отгружено | J47: 45028 | K47: Вольво Н929 ЕА 05 | L47: 8 906 444 46 97 | M47: Султанов Гасанбек | Q47: 200 | S47: 85000 | T47: =S47*(F47/1000) -> 17000
B48: Спец№7 | C48: ERIELL | D48: BLACKTROL ж - 200 кг мет | E48: 130123 | F48: 8600 | G48: 43 | H48: самовывоз | I48: отгружено | J48: 45028 | K48: Вольво Н929 ЕА 05 | Q48: 8600 | S48: 85000 | T48: =S48*(F48/1000) -> 731000
B49: Спец№7 | C49: ERIELL | D49: BLACKTROL ж - 200 кг мет | E49: 140123 | F49: 6200 | G49: 31 | H49: самовывоз | I49: отгружено | J49: 45028 | K49: Вольво Н929 ЕА 05 | Q49: 6200 | S49: 85000 | T49: =S49*(F49/1000) -> 527000
B50: Спец№7 | C50: ERIELL | D50: BLACKTROL ж - 200 кг мет | E50: 150123 | F50: 200 | G50: 1 | H50: самовывоз | I50: отгружено | J50: 45028 | K50: Вольво Н929 ЕА 05 | Q50: 200 | S50: 85000 | T50: =S50*(F50/1000) -> 17000
B51: Спец№7 | C51: ERIELL | D51: BLACKTROL ж - 200 кг мет | E51: 250222 | F51: 2400 | G51: 12 | H51: самовывоз | I51: отгружено | J51: 45028 | K51: Вольво Н929 ЕА 05 | Q51: 2400 | S51: 85000 | T51: =S51*(F51/1000) -> 204000
B52: Спец№7 | C52: ERIELL | D52: BLACKTROL ж - 200 кг мет | E52: 150123 | F52: 8000 | G52: 40 | H52: самовывоз | I52: отгружено | J52: 45028 | K52: Рено Р082 ОТ 05 | L52: 8 918 710 33 44 | M52: Закарьяев Магомед | Q52: 8000 | S52: 85000 | T52: =S52*(F52/1000) -> 680000
B53: Спец№7 | C53: ERIELL | D53: BLACKTROL ж - 200 кг мет | E53: 280223 | F53: 6000 | G53: 30 | H53: самовывоз | I53: отгружено | J53: 45028 | K53: Рено Р082 ОТ 05 | Q53: 6000 | S53: 85000 | T53: =S53*(F53/1000) -> 510000
B54: Спец№7 | C54: ERIELL | D54: BLACKTROL ж - 200 кг мет | E54: 280323 | F54: 3600 | G54: 18 | H54: самовывоз | I54: отгружено | J54: 45028 | K54: Рено Р082 ОТ 05 | Q54: 3600 | S54: 85000 | T54: =S54*(F54/1000) -> 306000
B55: БС-24254 | C55: БурСервис | D55: EZ-MUD DP (Поликап) бум 25 кг | E55: 060423/1 | F55: 10000 | G55: 400 | H55: Москва | I55: отгружено | J55: 45029 | K55: Ман Н353 ЕР 196 | L55: 8 966 714 07 82 | M55: Краснощёков Роман | P55: 10000 | S55: 275000 | T55: =S55*(F55/1000) -> 2750000
B56: MRS600693A | C56: ТКШ | D56: Реасолт | E56: 310323 | F56: 19862.5 | G56: 875 | H56: Сургут | I56: отгружено | J56: 45030 | K56: Даф О922 КМ 29 | L56: 8 911 685 32 02 | M56: Журавлёв Николай | O56: 19862.5 | S56: 41400 | T56: =S56*(F56/1000) -> 822307.5
B57: 42243 | C57: ТКШ | D57: Реасолт | E57: 300323 | F57: 19862.5 | G57: 875 | H57: Пыть-Ях | I57: отгружено | J57: 45030 | K57: Даф М791 УВ 29 | L57: 8 911 550 10 26 | M57: Блинов Александр | O57: 19862.5 | R57: + | S57: 41400 | T57: =S57*(F57/1000) -> 822307.5
B58: Спец№8 | C58: СтаркОйл | D58: ТЕРРАПАН ж - 200 кг мет | E58: 120423 | F58: 6400 | G58: 32 | H58: самовывоз | I58: отгружено | J58: 45030 | K58: Камаз С594 ОТ 152 | M58: Кривоногов Алексей | Q58: 6400 | S58: 110000 | T58: =S58*(F58/1000) -> 704000
B59: Спец№8 | C59: ERIELL | D59: LG-DRILL | E59: 191222 | F59: 20000 | G59: 800 | H59: самовывоз | I59: отгружено | J59: 45033 | K59: Даф М306 ВМ 29 | L59: 8 921 246 86 14 | M59: Лудков Павел | O59: 20000 | S59: 44480 | T59: =S59*(F59/1000) -> 889600
B60: Спец№54 | C60: СХТ | D60: АДВАНТА п 14 кг | E60: 110423 | F60: 5670 | G60: 405 | H60: Казань | I60: отгружено | J60: 45034 | K60: Ситрак О521 ВХ 159 | L60: 8 922 339 53 04 | M60: Галкин Игорь | P60: 5670 | R60: + | S60: 240000 | T60: =S60*(F60/1000) -> 1360800
B61: Спец№54 | C61: СХТ | D61: РЕОМОД п 18 кг | E61: 130423 | F61: 14202 | G61: 789 | H61: Казань | I61: отгружено | J61: 45034 | K61: Ситрак О521 ВХ 159 | P61: 14202 | R61: + | S61: 210000 | T61: =S61*(F61/1000) -> 2982420
B62: ИСК17866-25 | C62: ПетроИнжиниринг | D62: EWO MUL (Экстрамул-2000) - 190 кг п/эт | E62: 120423 | F62: 8360 | G62: 44 | H62: Нефтеюганск | I62: отгружено | J62: 45034 | K62: Мерседес А922 СУ 196 | M62: Шляпников Александр | Q62: 8360 | S62: 165000 | T62: =F62/1000*S62 -> 1379400
B63: ИСК17866-25 | C63: ПетроИнжиниринг | D63: EWO MUL (Экстрамул-2000) - 190 кг п/эт | E63: 130423 | F63: 8360 | G63: 44 | H63: Нефтеюганск | I63: отгружено | J63: 45034 | K63: Мерседес А922 СУ 196 | Q63: 8360 | S63: 165000 | T63: =F63/1000*S63 -> 1379400
B64: ИСК17866-25 | C64: ПетроИнжиниринг | D64: EWO MUL2 - 200 кг п/эт | E64: 070423 | F64: 11200 | G64: 56 | H64: Нефтеюганск | I64: отгружено | J64: 45034 | K64: Ивеко А148 КК 156 | L64: 8 922 820 70 01 | M64: Зинченко Андрей | Q64: 11200 | R64: + | S64: 170000 | T64: =F64/1000*S64 -> 1904000
B65: ИСК17866-25 | C65: ПетроИнжиниринг | D65: EWO MUL2 - 200 кг п/эт | E65: 090423 | F65: 6400 | G65: 32 | H65: Нефтеюганск | I65: отгружено | J65: 45034 | K65: Ивеко А148 КК 156 | Q65: 6400 | R65: + | S65: 170000 | T65: =F65/1000*S65 -> 1088000
B66: 42243 | C66: ТКШ | D66: Реасолт | E66: 010423 | F66: 19862.5 | G66: 875 | H66: Пыть-Ях | I66: отгружено | J66: 45035 | K66: Вольво С931 ЕМ 51 | L66: 8 921 297 46 13 | M66: Киреев Сергей | O66: 19862.5 | R66: + | S66: 41400 | T66: =S66*(F66/1000) -> 822307.5
B67: Спец№8 | C67: ERIELL | D67: LG-DRILL | E67: 090323 | F67: 20000 | G67: 800 | H67: самовывоз | I67: отгружено | J67: 45035 | K67: Камаз М413 УМ | L67: 8 911 325 81 98 | M67: Короткий Руслан | O67: 20000 | S67: 44480 | T67: =S67*(F67/1000) -> 889600
B68: ИСК17886-14 | C68: ПетроИнжиниринг | D68: EWO MUL2 - 200 кг п/эт | E68: 050423 | F68: 14400 | G68: 72 | H68: Коротчаево | I68: отгружено | J68: 45035 | K68: Мерседес В404 МУ 73 | L68: 8 927 982 06 81 | M68: Хамзин Ряшит | Q68: 14400 | R68: + | S68: 170000 | T68: =F68/1000*S68 -> 2448000
B69: ИСК17886-14 | C69: ПетроИнжиниринг | D69: EWO MUL2 - 200 кг п/эт | E69: 070423 | F69: 3200 | G69: 16 | H69: Коротчаево | I69: отгружено | J69: 45035 | K69: Мерседес В404 МУ 73 | Q69: 3200 | R69: + | S69: 170000 | T69: =F69/1000*S69 -> 544000
B70: Спец№54 | C70: Полицелл | D70: Оптитрол Пор | E70: 170423 | F70: 7000 | G70: 350 | H70: самовывоз | I70: отгружено | J70: 45036 | K70: JAC М858 ВА 716 | L70: 89228004674 | M70: Остроушко Олег | P70: 7000 | S70: 79000 | T70: =F70/1000*S70 -> 553000
B71: Спец№3 | C71: ПармГинс | D71: РЕОМОД п 18 кг | E71: 180423 | F71: 1512 | G71: 84 | H71: Фролово | I71: отгружено | J71: 45036 | K71: Камаз Т764 ЕХ 76 | L71: 8 910 822 70 37 | M71: Андрианов Алексей | P71: 1512 | R71: + | S71: 280000 | T71: =S71*(F71/1000) -> 423360
B72: Спец№3 | C72: ПармГинс | D72: АДВАНТА п 14 кг | E72: 190423 | F72: 112 | G72: 8 | H72: Фролово | I72: отгружено | J72: 45036 | K72: Камаз Т764 ЕХ 76 | P72: 112 | R72: + | S72: 240000 | T72: =S72*(F72/1000) -> 26880
B73: Спец№54 | C73: СБМ | D73: СБМСУЛЬФ | E73: 040423 | F73: 20000 | G73: 800 | H73: Пыть-Ях | I73: отгружено | J73: 45037 | K73: Даф О893 КР 159 | L73: 8 912 888 44 83 | M73: Зеленин Дмитрий | O73: 20000 | R73: + | S73: 41000 | T73: =S73*(F73/1000) -> 820000
A74: вагон | B74: БС-19633 | C74: БурСервис | D74: EZ-MUD DP (Поликап) бум 25 кг | E74: 060423 | F74: 7500 | G74: 300 | H74: Пурпе | I74: отгружено | J74: 45040 | N74: 29479599 | P74: 7500 | S74: 275000 | T74: =S74*(F74/1000) -> 2062500
A75: вагон | B75: БС-22157 | C75: БурСервис | D75: BaraFLC | E75: 080423 | F75: 19845 | G75: 875 | H75: Пурпе | I75: отгружено | J75: 45040 | N75: 29479599 | O75: 19845 | S75: 49500 | T75: =S75*(F75/1000) -> 982327.5
A76: вагон | B76: БС-22157 | C76: БурСервис | D76: BaraFLC | E76: 090423 | F76: 19845 | G76: 875 | H76: Пурпе | I76: отгружено | J76: 45040 | N76: 29479599 | O76: 19845 | S76: 49500 | T76: =S76*(F76/1000) -> 982327.5
A77: вагон | B77: БС-22157 | C77: БурСервис | D77: BaraFLC | E77: 110423 | F77: 4762.8 | G77: 210 | H77: Пурпе | I77: отгружено | J77: 45040 | N77: 29479599 | O77: 4762.8 | S77: 49500 | T77: =S77*(F77/1000) -> 235758.6
B78: Спец№6 | C78: ИнтеграцияНефтесервис | D78: Стабилайт II марк 25 кг | E78: 170423 | F78: 12000 | G78: 480 | H78: НовыйУренгой | I78: отгружено | J78: 45040 | K78: Ивеко Р977 ЕР | L78: 8 919 466 08 28 | M78: Болотов Дмитрий | O78: 12000 | R78: + | S78: 47000 | T78: =S78*(F78/1000) -> 564000
B79: Спец№03/22 | C79: САФ-Сервис | D79: ЭКСТРАМУЛ-2000 - 190 кг п/эт | E79: 290323 | F79: 5320 | G79: 28 | H79: Пермь | I79: отгружено | J79: 45040 | K79: Скания М173 ВА 159 | L79: 8 982 491 69 16 | M79: Вяткин Александр | Q79: 5320 | S79: 129700 | T79: =S79*(F79/1000) -> 690004
B80: Спец№03/22 | C80: САФ-Сервис | D80: ЭКСТРАМУЛ-2000 - 190 кг п/эт | E80: 300323 | F80: 8360 | G80: 44 | H80: Пермь | I80: отгружено | J80: 45040 | K80: Скания М173 ВА 159 | Q80: 8360 | S80: 129700 | T80: =S80*(F80/1000) -> 1084292
B81: Спец№03/22 | C81: САФ-Сервис | D81: ЭКСТРАМУЛ-2000 - 190 кг п/эт | E81: 130423 | F81: 3040 | G81: 16 | H81: Пермь | I81: отгружено | J81: 45040 | K81: Скания М173 ВА 159 | Q81: 3040 | S81: 129700 | T81: =S81*(F81/1000) -> 394288
B82: БС-21268 | C82: БурСервис | D82: BUR-RMOD L (Реомод ж) - 190 кг п/эт | E82: 210423 | F82: 9120 | G82: 48 | H82: Пурпе | I82: отгружено | J82: 45040 | K82: Ситрак М457 АХ 35 | L82: 8 921 538 19 90 | M82: Курочкин Андрей | Q82: 9120 | R82: + | S82: 299900 | T82: =S82*(F82/1000) -> 2735088
B83: БС-21268 | C83: БурСервис | D83: BUR-RMOD L (Реомод ж) - 190 кг п/эт | E83: 230423 | F83: 6080 | G83: 32 | H83: Пурпе | I83: отгружено | J83: 45040 | K83: Ситрак М457 АХ 35 | Q83: 6080 | R83: + | S83: 299900 | T83: =S83*(F83/1000) -> 1823392
B84: БС-22157 | C84: БурСервис | D84: POLYAC PLUS R (BDF-911) бум 22,68 кг | E84: 160323 | F84: 1587.6 | G84: 70 | H84: Пурпе | I84: отгружено | J84: 45040 | K84: Ситрак М457 АХ 35 | P84: 1587.6 | R84: + | S84: 245000 | T84: =S84*(F84/1000) -> 388962
B85: Спец№54 | C85: СХТ | D85: АДВАНТА п 14 кг | E85: 110423 | F85: 532 | G85: 38 | H85: Казань | I85: отгружено | J85: 45040 | K85: Вольво Р504 КС 116 | L85: 8 922 831 19 17 | M85: Топоров Александр | P85: 532 | S85: 240000 | T85: =S85*(F85/1000) -> 127680
B86: Спец№54 | C86: СХТ | D86: РЕОМОД п 18 кг | E86: 130423 | F86: 1800 | G86: 100 | H86: Казань | I86: отгружено | J86: 45040 | K86: Вольво Р504 КС 116 | P86: 1800 | S86: 210000 | T86: =S86*(F86/1000) -> 378000
B87: Спец№30 | C87: МКСервис | D87: Реагент В - 50 кг п/эт | E87: 260323 | F87: 7400 | G87: 148 | H87: Сорочинск | I87: отгружено | J87: 45040 | K87: Вольво Р504 КС 116 | L87: 8 922 831 19 17 | M87: Топоров Александр | Q87: 7400 | S87: 65000 | T87: =S87*(F87/1000) -> 481000
B88: Спец№30 | C88: МКСервис | D88: Реагент В - 50 кг п/эт | E88: 130423 | F88: 2600 | G88: 52 | H88: Сорочинск | I88: отгружено | J88: 45040 | K88: Вольво Р504 КС 116 | Q88: 2600 | S88: 65000 | T88: =S88*(F88/1000) -> 169000
B89: Спец№1К | C89: ОМАС | D89: Сульфированный асфальт | E89: 01/2023 | F89: 20000 | G89: 800 | H89: Нижневартовск | I89: отгружено | J89: 45041 | K89: Вольво О025 СМ 29 | L89: 8 911 670 46 63 | M89: Самойлов Вячеслав | O89: 20000 | R89: + | S89: 42000 | T89: =S89*(F89/1000) -> 840000
B90: Спец№6 | C90: Алнэко | D90: РЕОМОД п 18 кг | E90: 170423 | F90: 10008 | G90: 556 | H90: самовывоз | I90: отгружено | J90: 45041 | K90: Камаз М075 ВР 196 | L90: 8 932 609 00 13 | M90: Баязитов Вячеслав | P90: 10008 | S90: 280000 | T90: =S90*(F90/1000) -> 2802240
B91: БС-20181 | C91: БурСервис | D91: CLAY GRABBER - 25 кг канистра | E91: 150323 | F91: 3000 | G91: 120 | H91: Пурпе | I91: отгружено | J91: 45041 | K91: Скания С853 ХТ 750 | L91: 8 919 456 18 05 | M91: Ошев Александр | Q91: 3000 | R91: + | S91: 250000 | T91: =S91*(F91/1000) -> 750000
B92: БС-22157 | C92: БурСервис | D92: POLYAC PLUS R (BDF-911) бум 22,68 кг | E92: 160323 | F92: 7938 | G92: 350 | H92: Пурпе | I92: отгружено | J92: 45041 | K92: Скания С853 ХТ 750 | L92: 8 919 456 18 05 | M92: Ошев Александр | P92: 7938 | R92: + | S92: 245000 | T92: =S92*(F92/1000) -> 1944810
B93: БС-22157 | C93: БурСервис | D93: EZ MUL NTR (Экстрамул-2000) - 190 кг мет | E93: 010423/1 | F93: 5320 | G93: 28 | H93: Пурпе | I93: отгружено | J93: 45041 | K93: Скания С853 ХТ 750 | Q93: 5320 | R93: + | S93: 115000 | T93: =S93*(F93/1000) -> 611800
B94: БС-22157 | C94: БурСервис | D94: EZ MUL NTR (Экстрамул-2000) - 190 кг мет | E94: 010423/1 | F94: 3040 | G94: 16 | H94: Пурпе | I94: отгружено | J94: 45041 | K94: Скания О980 ЕМ 159 | L94: 8 912 982 26 19 | M94: Хазов Андрей | Q94: 3040 | S94: 115000 | T94: =S94*(F94/1000) -> 349600
