Workbook

Sheet декабрь 2024
B1: ОТГРУЗКИ ПРОДУКЦИИ | C1: 45627
A2: заметки | B2: НОМЕР ЗАКАЗА | C2: КЛИЕНТ | D2: ПРОДУКТ | E2: ПАРТИЯ | F2: КОЛИЧЕСТВО | H2: ПУНКТ НАЗНАЧЕНИЯ | I2: СТАТУС | J2: ДАТА ОТГРУЗКИ | K2: АВТОДОСТАВКА | N2: ЖД ДОСТАВКА | O2: ИТОГО ОТГРУЖЕНО | R2: АКТЫ
F3: КГ | G3: мешков/бочек | K3: № АВТО | L3: ТЕЛ. ВОДИТЕЛЯ | M3: ВОДИТЕЛЬ | N3: № КОНТЕЙНЕРА | O3: ЧП | P3: ИНАЯ | Q3: Жидкий | S3: Цена со склада за 1 тонну | T3: Итого
A5: авто(Агро) | B5: Спец№34 | C5: Буринтех | D5: СУЛЬФОБИТ - бум 25,0 кг | E5: 261124 | F5: 20000 | G5: 800 | H5: Пыть-Ях | I5: отгружено | J5: 45631 | K5: Даф К 358 ВО 53 | L5: 89116036602 | M5: Баринов Владимир | O5: 20000 | R5: + | S5: 41500 | T5: =S5*(F5/1000) -> 830000
A6: авто(Бакин) | B6: спец№38 | C6: ИНКО-Сервис | D6: Сульф асф - бум 25,0 кг | E6: 20241202 | F6: 9000 | G6: 360 | H6: Волгоград | I6: отгружено | J6: 45632 | K6: Вольво С 931 ЕМ 51 | L6: 89212974613 | M6: Киреев Сергей | O6: 9000 | R6: + | S6: 41000 | T6: =S6*(F6/1000) -> 369000
A7: авто(Бакин) | B7: спец№15 | C7: СПС | D7: МАКС-ФЛЕКС - 200 кг мет | E7: 041224 | F7: 10400 | G7: 52 | H7: Волжский | I7: отгружено | J7: 45632 | K7: Вольво С 931 ЕМ 51 | L7: 89212974613 | M7: Киреев Сергей | Q7: 10400 | R7: + | S7: 197000 | T7: =S7*(F7/1000) -> 2048800
A8: автоАриал+Ванюхин) | B8: Спец№15 | C8: КазПетроДриллинг | D8: СУПЕРСЛАЙДЕР ГОЛД - 200 кг п/эт | E8: 051224 | F8: 3200 | G8: 16 | H8: Клото-Пушкино | I8: отгружено | J8: 45632 | K8: Газель У 491 ВС 76 | L8: 89676763153 | M8: Никитин Игорь | Q8: 3200 | R8: + | S8: 130000 | T8: =S8*(F8/1000) -> 416000
A9: автоАриал+Ванюхин) | B9: Ариал+Ванюхин | C9: КазПетроДриллинг | D9: СУПЕРСЛАЙДЕР ГОЛД - 200 кг п/эт | E9: 051224 | H9: Пушкино-Атырау | I9: отгружено | J9: 45635 | K9: Mercedes-Benz О119 КУ 790 | L9: 79608340879/87476119403 | M9: Дегтярев Андрей | O9: 0 | P9: 0 | Q9: 0 | R9: + | T9: =S9*(F9/1000) -> 0
A10: авто(ГК Урал) | B10: Спец№25 | C10: ЭКО ФЛУИДЗ | D10: Сульф асф - бум 25,0 кг | E10: 050424 | F10: 18000 | G10: 720 | H10: Нижневартовсск | I10: отгружено | J10: 45632 | K10: РЕНО Р 085 ЕХ 154 | L10: 89132514085 | M10: Баянов Николай | O10: 18000 | R10: + | S10: 43500 | T10: =S10*(F10/1000) -> 783000
A11: авто(ГК Урал) | B11: Спец№25 | C11: ЭКО ФЛУИДЗ | D11: СУПЕРСЛАЙДЕР ГОЛД - 200 кг п/эт | E11: 180424 | F11: 2400 | G11: 12 | H11: Нижневартовсск | I11: отгружено | J11: 45632 | K11: РЕНО Р 085 ЕХ 154 | L11: 89132514085 | M11: Баянов Николай | Q11: 2400 | R11: + | S11: 105000 | T11: =S11*(F11/1000) -> 252000
A12: авто(ГК Урал) | B12: Спец№37 (3-5) | C12: Химпром | D12: ТЕРРАПАН - бум 25,0 кг | E12: 329/10 | F12: 5000 | G12: 200 | H12: Краснокамск | I12: отгружено | J12: 45632 | K12: Камаз Н 212 ТВ 35 | L12: 89115193078 | M12: Добрынин Александр | N12: 5824,5825,5966,5967,5968 | P12: 5000 | R12: + | S12: 250000 | T12: =S12*(F12/1000) -> 1250000
A13: авто(ГК Урал) | B13: Спец№37 (3-5) | C13: Химпром | D13: ТЕРРАПАН - бум 25,0 кг | E13: 329/11 | F13: 5000 | G13: 200 | H13: Краснокамск | I13: отгружено | J13: 45632 | K13: Камаз Н 212 ТВ 35 | L13: 89115193078 | M13: Добрынин Александр | N13: 5969,5970,5971,5972,5973 | P13: 5000 | R13: + | S13: 250000 | T13: =S13*(F13/1000) -> 1250000
A14: авто(ГК Урал) | B14: Спец№37 (3-5) | C14: Химпром | D14: ТЕРРАПАН - бум 25,0 кг | E14: 329/12 | F14: 5000 | G14: 200 | H14: Краснокамск | I14: отгружено | J14: 45632 | K14: Камаз Н 212 ТВ 35 | L14: 89115193078 | M14: Добрынин Александр | N14: 5974,5975,5976,5977,5978 | P14: 5000 | R14: + | S14: 250000 | T14: =S14*(F14/1000) -> 1250000
A15: авто(ГК Урал) | B15: Спец№37 (3-5) | C15: Химпром | D15: ТЕРРАПАН - бум 25,0 кг | E15: 329/13 | F15: 1000 | G15: 40 | H15: Краснокамск | I15: отгружено | J15: 45632 | K15: Камаз Н 212 ТВ 35 | L15: 89115193078 | M15: Добрынин Александр | N15: 5979 | P15: 1000 | R15: + | S15: 250000 | T15: =S15*(F15/1000) -> 250000
A16: авто(ГК Урал) | B16: Спец№37 (3-5) | C16: Химпром | D16: ТЕРРАПАН - бум 25,0 кг | E16: 329/25 | F16: 1000 | G16: 40 | H16: Краснокамск | I16: отгружено | J16: 45632 | K16: Камаз Н 212 ТВ 35 | L16: 89115193078 | M16: Добрынин Александр | N16: 5693 | P16: 1000 | R16: + | S16: 250000 | T16: =S16*(F16/1000) -> 250000
A17: авто(ГК Урал) | B17: Спец№37 (3-5) | C17: Химпром | D17: ТЕРРАПАН - бум 25,0 кг | E17: 329/26 | F17: 2000 | G17: 80 | H17: Краснокамск | I17: отгружено | J17: 45632 | K17: Камаз Н 212 ТВ 35 | L17: 89115193078 | M17: Добрынин Александр | N17: 5711, 5712 | P17: 2000 | R17: + | S17: 250000 | T17: =S17*(F17/1000) -> 500000
A18: авто(ГК Урал) | B18: Спец№37 (3-5) | C18: Химпром | D18: ТЕРРАПАН - бум 25,0 кг | E18: 329/27 | F18: 1000 | G18: 40 | H18: Краснокамск | I18: отгружено | J18: 45632 | K18: Камаз Н 212 ТВ 35 | L18: 89115193078 | M18: Добрынин Александр | N18: 5798 | P18: 1000 | R18: + | S18: 250000 | T18: =S18*(F18/1000) -> 250000
A19: авто(КЛОТО) | B19: Спец№57К | C19: Омас | D19: Сульф асф - п/проп обезл 25,0 кг | E19: 04/2024 | F19: 20000 | G19: 800 | H19: Бузулук | I19: отгружено | J19: 45632 | K19: Mercedes-Benz О 515 ОУ 29 | L19: 8 953 939 90 73 | M19: Борисов Дмитрий | O19: 20000 | R19: + | S19: 43500 | T19: =S19*(F19/1000) -> 870000
A20: конт (самовывоз) | B20: БС-082211(1-3) | C20: БурСервис | D20: BURFLC - бум 25,0 кг | E20: 141124 | F20: 17500 | G20: 700 | H20: Пурпе | I20: отгружено | J20: 45635 | K20: МАН К 733 ТТ 29 | L20: 89815516137 | M20: Чернаков Константин | N20: TKRU3124118 | O20: 17500 | R20: + | S20: 48500 | T20: =S20*(F20/1000) -> 848750
A21: конт (самовывоз) | B21: БС-082211(2-3) | C21: БурСервис | D21: BURFLC - бум 25,0 кг | E21: 161124 | F21: 17500 | G21: 700 | H21: Пурпе | I21: отгружено | J21: 45635 | K21: МАН К 733 ТТ 29 | L21: 89815516137 | M21: Чернаков Константин | N21: TKRU3050910 | O21: 17500 | R21: + | S21: 48500 | T21: =S21*(F21/1000) -> 848750
A22: конт (самовывоз) | B22: БС-082211(3-3) | C22: БурСервис | D22: BURFLC - бум 25,0 кг | E22: 171124 | F22: 17500 | G22: 700 | H22: Пурпе | I22: отгружено | J22: 45635 | K22: Камаз Е 999 СА 29 | L22: 89115583359 | M22: Вайгант Сергей | N22: TKRU3077340 | O22: 17500 | R22: + | S22: 48500 | T22: =S22*(F22/1000) -> 848750
A23: авто(ГК Урал) | B23: Спец№60К | C23: Омас | D23: Сульф асф - п/проп обезл 25,0 кг | E23: 110424 | F23: 20000 | G23: 800 | H23: НЖВ | I23: отгружено | J23: 45635 | K23: Daf М 467 НУ 18 | L23: 89828269847 | M23: Хохряков Сергей | O23: 20000 | R23: + | S23: 43500 | T23: =S23*(F23/1000) -> 870000
A24: авто(Ариал) | B24: Спец№59К | C24: Омас | D24: Сульф асф - п/проп обезл 25,0 кг | E24: 110424 | F24: 14000 | G24: 560 | H24: НЖВ | I24: отгружено | J24: 45636 | K24: FAW О 884 РС 29 | L24: 89021984502 | M24: Бутвин Николай | O24: 14000 | R24: + | S24: 43500 | T24: =S24*(F24/1000) -> 609000
A25: авто(Ариал) | B25: Спец№59К | C25: Омас | D25: СУПЕРСЛАЙДЕР ГОЛД - 200 кг п/эт | E25: 190424 | F25: 5600 | G25: 28 | H25: НЖВ | I25: отгружено | J25: 45636 | K25: FAW О 884 РС 29 | L25: 89021984502 | M25: Бутвин Николай | Q25: 5600 | R25: + | S25: 105000 | T25: =S25*(F25/1000) -> 588000
A26: авто(Агро) | B26: Спец№37 (4-5) | C26: Химпром | D26: ТЕРРАПАН - бум 25,0 кг | E26: 329/13 | F26: 4000 | G26: 160 | H26: Краснокамск | I26: отгружено | J26: 45637 | K26: Шакман Р 313 ВО 154 | L26: 89227142749 | M26: Трубецкой Юрий | N26: 5980,5981,5982,5983 | P26: 4000 | R26: + | S26: 250000 | T26: =S26*(F26/1000) -> 1000000
A27: авто(Агро) | B27: Спец№37 (4-5) | C27: Химпром | D27: ТЕРРАПАН - бум 25,0 кг | E27: 329/14 | F27: 5000 | G27: 200 | H27: Краснокамск | I27: отгружено | J27: 45637 | K27: Шакман Р 313 ВО 154 | L27: 89227142749 | M27: Трубецкой Юрий | N27: 6004,6005,6006,6007,6008 | P27: 5000 | R27: + | S27: 250000 | T27: =S27*(F27/1000) -> 1250000
A28: авто(Агро) | B28: Спец№37 (4-5) | C28: Химпром | D28: ТЕРРАПАН - бум 25,0 кг | E28: 329/15 | F28: 5000 | G28: 200 | H28: Краснокамск | I28: отгружено | J28: 45637 | K28: Шакман Р 313 ВО 154 | L28: 89227142749 | M28: Трубецкой Юрий | N28: 6023,6024,6025,6026,6027 | P28: 5000 | R28: + | S28: 250000 | T28: =S28*(F28/1000) -> 1250000
A29: авто(Агро) | B29: Спец№37 (4-5) | C29: Химпром | D29: ТЕРРАПАН - бум 25,0 кг | E29: 329/16 | F29: 5000 | G29: 200 | H29: Краснокамск | I29: отгружено | J29: 45637 | K29: Шакман Р 313 ВО 154 | L29: 89227142749 | M29: Трубецкой Юрий | N29: 6066,6067,6068,6069,6070 | P29: 5000 | R29: + | S29: 250000 | T29: =S29*(F29/1000) -> 1250000
A30: авто(Агро) | B30: Спец№37 (4-5) | C30: Химпром | D30: ТЕРРАПАН - бум 25,0 кг | E30: 329/17 | F30: 1000 | G30: 40 | H30: Краснокамск | I30: отгружено | J30: 45637 | K30: Шакман Р 313 ВО 154 | L30: 89227142749 | M30: Трубецкой Юрий | N30: 6071 | P30: 1000 | R30: + | S30: 250000 | T30: =S30*(F30/1000) -> 250000
A31: авто(Бакин) | B31: БС-084812(1-2) | C31: БурСервис | D31: BURFLC - бум 25,0 кг | E31: 071224 | F31: 20125 | G31: 805 | H31: Пыть-Ях | I31: отгружено | J31: 45637 | K31: Вольво О 856 УЕ 29 | L31: 89600155752 | M31: Вахтомин Иван | O31: 20125 | R31: + | S31: 48500 | T31: =S31*(F31/1000) -> 976062.5
A32: авто(ГК Урал) | B32: спец№39 | C32: ИНКО-Сервис | D32: ЭКСТРАМУЛ-2000 - 200 кг п/эт | E32: 20241212 | F32: 7200 | G32: 36 | H32: Волгоград | I32: отгружено | J32: 45639 | K32: Вольво О 360 НО 29 | L32: 89214995787 | M32: Попов Вадим | Q32: 7200 | R32: + | S32: 125500 | T32: =S32*(F32/1000) -> 903600
A33: авто(ГК Урал) | B33: спец№16 | C33: СПС | D33: МАКС-ФЛЕКС - 200 кг мет | E33: 041224 | F33: 10400 | G33: 52 | H33: Волжский | I33: отгружено | J33: 45639 | K33: Вольво О 360 НО 29 | L33: 89214995787 | M33: Попов Вадим | Q33: 10400 | R33: + | S33: 197000 | T33: =S33*(F33/1000) -> 2048800
A34: авто | B34: Спец№37 (5-5) | C34: Химпром | D34: ТЕРРАПАН - бум 25,0 кг | E34: 329/17 | F34: 4000 | G34: 160 | H34: Краснокамск | I34: отгружено | J34: 45639 | K34: Скания М 753 РТ 116 | L34: 89225027401 | M34: Емшанов Тимофей | N34: 6072,6073,6074,6075 | P34: 4000 | R34: + | S34: 250000 | T34: =S34*(F34/1000) -> 1000000
A35: авто | B35: Спец№37 (5-5) | C35: Химпром | D35: ТЕРРАПАН - бум 25,0 кг | E35: 329/18 | F35: 5000 | G35: 200 | H35: Краснокамск | I35: отгружено | J35: 45639 | K35: Скания М 753 РТ 116 | L35: 89225027401 | M35: Емшанов Тимофей | N35: 6091,6092,6093,6094,6095 | P35: 5000 | R35: + | S35: 250000 | T35: =S35*(F35/1000) -> 1250000
A36: авто | B36: Спец№37 (5-5) | C36: Химпром | D36: ТЕРРАПАН - бум 25,0 кг | E36: 329/19 | F36: 5000 | G36: 200 | H36: Краснокамск | I36: отгружено | J36: 45639 | K36: Скания М 753 РТ 116 | L36: 89225027401 | M36: Емшанов Тимофей | N36: 6111,6112,6113,6114,6115 | P36: 5000 | R36: + | S36: 250000 | T36: =S36*(F36/1000) -> 1250000
A37: авто | B37: Спец№37 (5-5) | C37: Химпром | D37: ТЕРРАПАН - бум 25,0 кг | E37: 329/20 | F37: 5000 | G37: 200 | H37: Краснокамск | I37: отгружено | J37: 45639 | K37: Скания М 753 РТ 116 | L37: 89225027401 | M37: Емшанов Тимофей | N37: 6126,6127,6128,6129,6130 | P37: 5000 | R37: + | S37: 250000 | T37: =S37*(F37/1000) -> 1250000
A38: авто | B38: Спец№37 (5-5) | C38: Химпром | D38: ТЕРРАПАН - бум 25,0 кг | E38: 329/23 | F38: 1000 | G38: 40 | H38: Краснокамск | I38: отгружено | J38: 45639 | K38: Скания М 753 РТ 116 | L38: 89225027401 | M38: Емшанов Тимофей | N38: 5679 | P38: 1000 | R38: + | S38: 250000 | T38: =S38*(F38/1000) -> 250000
A39: авто(ГК Урал) | B39: БС-087056 | C39: БурСервис | D39: BURFLC - бум 25,0 кг | E39: 241024 | F39: 14875 | G39: 595 | H39: Пыть-Ях | I39: отгружено | J39: 45642 | K39: Daf К 298 МО 45 | L39: 89512771429 | M39: Кутовой Юрий | O39: 14875 | R39: + | S39: 48500 | T39: =S39*(F39/1000) -> 721437.5
A40: авто(ГК Урал) | B40: БС-084595 | C40: БурСервис | D40: TORQ TRIM II PLUS (СС Голд) - 185 кг п/эт | E40: 241024 | F40: 4440 | G40: 24 | H40: Пыть-Ях | I40: отгружено | J40: 45642 | K40: Daf К 298 МО 46 | L40: 89512771429 | M40: Кутовой Юрий | Q40: 4440 | R40: + | S40: 125000 | T40: =S40*(F40/1000) -> 555000
A41: авто(ГК Урал) | B41: Спец№4 | C41: Барус | D41: Стабилайт II - бум 25,0 кг | E41: 091224 | F41: 15000 | G41: 600 | H41: Челябинск | I41: отгружено | J41: 45642 | K41: Ивеко У 848 ЕВ 174 | L41: 89068680005 | M41: Пьячев Владимир | O41: 15000 | R41: + | S41: 45000 | T41: =S41*(F41/1000) -> 675000
A42: авто(ГК Урал) | B42: Спец№58К | C42: Омас | D42: ТЕРРАПАН - бум 25,0 кг | E42: 06/2024 | F42: 20000 | G42: 800 | H42: Нижневартовск | I42: отгружено | J42: 45643 | K42: ВОЛЬВО О 025 СМ 29 | L42: 89116704663 | M42: Самойлов Вячеслав | O42: 20000 | R42: + | S42: 250000 | T42: =S42*(F42/1000) -> 5000000
A43: авто(Ариал) | B43: Спец№62К | C43: Омас | D43: Сульф асф - п/проп обезл 25,0 кг | E43: 04/2024 | F43: 14000 | G43: 560 | H43: Пыть-Ях | I43: отгружено | J43: 45643 | K43: МАН М 517 ОА 29 | L43: 89009189331 | M43: Загвоздин Алексей | O43: 14000 | R43: + | S43: 43500 | T43: =S43*(F43/1000) -> 609000
A44: авто(Ариал) | B44: Спец№62К | C44: Омас | D44: ТЕРРАПАН - бум 25,0 кг | E44: 06/2024 | F44: 6000 | G44: 240 | H44: Пыть-Ях | I44: отгружено | J44: 45643 | K44: МАН М 517 ОА 29 | L44: 89009189331 | M44: Загвоздин Алексей | P44: 6000 | R44: + | S44: 250000 | T44: =S44*(F44/1000) -> 1500000
A45: авто(самовывоз) | B45: Спец№32 | C45: Энергоресурс | D45: BLACKTROL ж - 200 кг п/эт | E45: 041224 | F45: 8800 | G45: 44 | H45: Самовывоз | I45: отгружено | J45: 45643 | K45: ИВЕКО О 666 ТР 44 | L45: 89109282933 | M45: Смирнов Игорь | Q45: 8800 | R45: + | S45: 89900 | T45: =S45*(F45/1000) -> 791120
A46: авто(самовывоз) | B46: Спец№32 | C46: Энергоресурс | D46: BLACKTROL ж - 200 кг п/эт | E46: 051224 | F46: 8800 | G46: 44 | H46: Самовывоз | I46: отгружено | J46: 45643 | K46: ИВЕКО О 666 ТР 44 | L46: 89109282933 | M46: Смирнов Игорь | Q46: 8800 | R46: + | S46: 89900 | T46: =S46*(F46/1000) -> 791120
A47: конт (самовывоз) | B47: БС-079976(1-2) | C47: БурСервис | D47: BaraFLC - бум 25,0 кг | E47: 221124 | F47: 17500 | G47: 700 | H47: Пурпе | I47: отгружено | J47: 45644 | K47: МАЗ М 326 ОХ 29 | L47: 89116806638 | M47: Орлов Павел | N47: TKRU3015499 | O47: 17500 | R47: + | S47: 48500 | T47: =S47*(F47/1000) -> 848750
A48: конт (самовывоз) | B48: БС-084886 | C48: БурСервис | D48: DRIL-N-SLIDE (СС Платинум) - 175 кг п/эт | E48: 091224 | F48: 14000 | G48: 80 | H48: Пурпе | I48: отгружено | J48: 45644 | K48: Камаз Е 999 СА 29 | L48: 89115583359 | M48: Вайгант Сергей | N48: TKRU3007744 | Q48: 14000 | R48: + | S48: 250000 | T48: =S48*(F48/1000) -> 3500000
A49: авто(Арсэн) | B49: Спец№16 | C49: МАД СЕРВИС | D49: BLACKTROL ж - 200 кг п/эт | E49: 110324 | F49: 4800 | G49: 24 | H49: Самара | I49: отгружено | J49: 45646 | K49: ДАФ О 504 УО 44 | L49: 89101958609 | M49: Тарасов Илья | Q49: 4800 | R49: + | S49: 89000 | T49: =S49*(F49/1000) -> 427200
A50: авто(Арсэн) | B50: Спец№16 | C50: МАД СЕРВИС | D50: Сульф асф - бум 25,0 кг | E50: 050424 | F50: 15000 | G50: 600 | H50: Самара | I50: отгружено | J50: 45646 | K50: ДАФ О 504 УО 44 | L50: 89101958609 | M50: Тарасов Илья | O50: 15000 | R50: + | S50: 43500 | T50: =S50*(F50/1000) -> 652500
A51: авто | B51: Спец№24 | C51: МКО | D51: BLACKTROL ж - 200 кг п/эт | E51: 111224 | F51: 8800 | G51: 44 | H51: Самовывоз | I51: отгружено | J51: 45646 | K51: ДАФ Х 719 ЕК 196 | L51: 89122266766 | M51: Малков Сергей | Q51: 8800 | R51: + | S51: 95000 | T51: =S51*(F51/1000) -> 836000
A52: авто | B52: Спец№24 | C52: МКО | D52: BLACKTROL ж - 200 кг п/эт | E52: 121224 | F52: 8800 | G52: 44 | H52: Самовывоз | I52: отгружено | J52: 45646 | K52: ДАФ Х 719 ЕК 196 | L52: 89122266766 | M52: Малков Сергей | Q52: 8800 | R52: + | S52: 95000 | T52: =S52*(F52/1000) -> 836000
A53: авто(Дом Камня) | B53: Спец№17 | C53: МАД СЕРВИС | D53: Сульф асф - п/проп обезл 25,0 кг | E53: 110424 | F53: 20000 | G53: 800 | H53: Самара | I53: отгружено | J53: 45646 | K53: SITRAK У 262 АТ 152 | L53: 89290425603 | M53: Шемякин Анатолий | O53: 20000 | R53: + | S53: 43500 | T53: =S53*(F53/1000) -> 870000
A54: авто (Агро) | B54: Спец№35(1-2) | C54: Буринтех | D54: СУЛЬФОБИТ - бум 25,0 кг | E54: 141224 | F54: 20000 | G54: 800 | H54: Пыть-Ях | I54: отгружено | J54: 45649 | K54: DAF Р 575 МС 45 | L54: 89080026590 | M54: Голосков Алексей | O54: 20000 | R54: + | S54: 41500 | T54: =S54*(F54/1000) -> 830000
A55: авто(Агро) | B55: Спец№61К | C55: Омас | D55: Сульф асф - п/проп обезл 25,0 кг | E55: 04/2024 | F55: 10000 | G55: 400 | H55: Бузулук | I55: отгружено | J55: 45649 | K55: DAF В 426 МХ 45 | L55: 89125754867 | M55: Анфалов Сергей | O55: 10000 | R55: + | S55: 43500 | T55: =S55*(F55/1000) -> 435000
A56: авто(Агро) | B56: Спец№15 | C56: МАД СЕРВИС | D56: Сульф асф - бум 25,0 кг | E56: 050424 | F56: 10000 | G56: 400 | H56: Самара | I56: отгружено | J56: 45649 | K56: DAF В 426 МХ 45 | L56: 89125754867 | M56: Анфалов Сергей | O56: 10000 | R56: + | S56: 43500 | T56: =S56*(F56/1000) -> 435000
A57: авто(самовывоз) | B57: БС-087597 | C57: БурСервис | D57: BURTONE R - бум 25,0 кг | E57: 231224 | F57: 19250 | G57: 770 | H57: Холмск | I57: отгружено | J57: 45649 | K57: MERCEDES Н 264 КХ 716 | L57: 89870535153 | M57: Закиев Назим | P57: 19250 | R57: + | S57: 59000 | T57: =S57*(F57/1000) -> 1135750
A58: авто (ГК Урал) | B58: Спец№35(2-2) | C58: Буринтех | D58: СУЛЬФОБИТ - бум 25,0 кг | E58: 161224 | F58: 20000 | G58: 800 | H58: Пыть-Ях | I58: отгружено | J58: 45650 | K58: DAF Е 074 МЕ 45 | L58: 89048812556 | M58: Матаев Петр | O58: 20000 | R58: + | S58: 41500 | T58: =S58*(F58/1000) -> 830000
A59: авто(самовывоз) | B59: БС-087597 | C59: БурСервис | D59: BURTONE R - бум 25,0 кг | E59: 251224 | F59: 19250 | G59: 770 | H59: Холмск | I59: отгружено | J59: 45651 | K59: MERCEDES Н 552 ТА 716 | L59: 89069866360 | M59: Кульков Валерий | P59: 19250 | R59: + | S59: 59000 | T59: =S59*(F59/1000) -> 1135750
A60: авто(Арбат) | B60: Спец№16 | C60: ХимБурСервис | D60: ТЕРРАПАН - бум 25,0 кг | E60: 171224 | F60: 5000 | G60: 200 | H60: НЖВ | I60: отгружено | J60: 45651 | K60: SHACMAN К 914 ОВ 702 | L60: 89273316842 | M60: КАРИМОВ АЙРАТ | P60: 5000 | R60: + | S60: 248000 | T60: =S60*(F60/1000) -> 1240000
A61: авто(Арбат) | B61: Спец№18 | C61: МАД СЕРВИС | D61: СУПЕРСЛАЙДЕР ГОЛД - 200 кг п/эт | E61: 180424 | F61: 6400 | G61: 32 | H61: НЖВ | I61: отгружено | J61: 45651 | K61: SHACMAN К 914 ОВ 702 | L61: 89273316842 | M61: КАРИМОВ АЙРАТ | Q61: 6400 | R61: + | S61: 105000 | T61: =S61*(F61/1000) -> 672000
A62: авто(Арбат) | B62: Спец№63К | C62: Омас | D62: СУПЕРСЛАЙДЕР ГОЛД - 200 кг п/эт | E62: 180424 | F62: 7200 | G62: 36 | H62: НЖВ | I62: отгружено | J62: 45651 | K62: SHACMAN К 914 ОВ 702 | L62: 89273316842 | M62: КАРИМОВ АЙРАТ | Q62: 7200 | R62: + | S62: 105000 | T62: =S62*(F62/1000) -> 756000
A63: авто(Ванюхин) | B63: Спец№16 | C63: КазПетроДриллинг | D63: Стабилайт II - бум 25,0 кг | E63: 101224 | F63: 20000 | G63: 800 | H63: Жанаозен | I63: отгружено | J63: 45652 | K63: Вольво Т 681 МР 67 | L63: 89608185086/87777918885 | M63: Ащегулов Семен | O63: 20000 | R63: + | S63: 45000 | T63: =S63*(F63/1000) -> 900000
A64: кнт | B64: Спец.24112 | C64: Петроинжиниринг | D64: Petro ASF - бум 25,0 кг | E64: 221224 | F64: 17500 | G64: 700 | H64: Усинск | I64: отгружено | J64: 45652 | M64: Татарский Николай | N64: TKRU3282962 | O64: 17500 | R64: + | S64: 35000 | T64: =S64*(F64/1000) -> 612500
A65: авто(ГК Урал) | B65: Спец№145(1-2) | C65: Акрос | D65: Drilling Lube (СС РУО) - 200 кг п/эт | E65: 241224 | F65: 17600 | G65: 88 | H65: Мурманск | I65: отгружено | J65: 45653 | K65: ВОЛЬВО Н 864 КА 198 | L65: 89697258551 | M65: Голиков Николай | Q65: 17600 | R65: + | S65: 369000 | T65: =S65*(F65/1000) -> 6494400
A66: авто(ГК Урал) | B66: Спец№145(2-2) | C66: Акрос | D66: Drilling Lube (СС РУО) - 200 кг п/эт | E66: 261224 | F66: 17600 | G66: 88 | H66: Мурманск | I66: отгружено | J66: 45653 | K66: СКАНИЯ К 538 КТ 147 | L66: 89315798142 | M66: Котеля Виталий | Q66: 17600 | R66: + | S66: 369000 | T66: =S66*(F66/1000) -> 6494400
A67: авто(ГК Урал) | B67: БС-084812(2-2) | C67: БурСервис | D67: BURFLC - бум 25,0 кг | E67: 171224 | F67: 20125 | G67: 805 | H67: Пыть-Ях | I67: отгружено | J67: 45654 | K67: DAF К 298 МО 46 | L67: 89512771429 | M67: Кутовой Юрий | O67: 20125 | R67: + | S67: 48500 | T67: =S67*(F67/1000) -> 976062.5
A68: Итого заказов на: | B68: =SUM(F5:F67)/1000 -> 663.565 | C68: т | T68: =SUM(T5:T67) -> 70670502
A69: Итого отгружено: | B69: =B70+B71+B72 -> 663.565 | C69: т | F69: образцы заказаны
A70: из них ЧП: | B70: =SUM(O5:O67)/1000 -> 407.625 | C70: т | F70: завел в отчет по отгрузкам
A71: из них ИНАЯ: | B71: =SUM(P5:P67)/1000 -> 109.5 | C71: т | F71: отправил ПК
A72: из них на жидкий: | B72: =SUM(Q5:Q67)/1000 -> 146.44 | C72: т | F72: Надо заполнить
A73: Осталось отгрузить | B73: =B68-B69 -> 0 | C73: т

Sheet ноябрь 2024
B1: ОТГРУЗКИ ПРОДУКЦИИ | C1: 45597
A2: заметки | B2: НОМЕР ЗАКАЗА | C2: КЛИЕНТ | D2: ПРОДУКТ | E2: ПАРТИЯ | F2: КОЛИЧЕСТВО | H2: ПУНКТ НАЗНАЧЕНИЯ | I2: СТАТУС | J2: ДАТА ОТГРУЗКИ | K2: АВТОДОСТАВКА | N2: ЖД ДОСТАВКА | O2: ИТОГО ОТГРУЖЕНО | R2: АКТЫ
F3: КГ | G3: мешков/бочек | K3: № АВТО | L3: ТЕЛ. ВОДИТЕЛЯ | M3: ВОДИТЕЛЬ | N3: № КОНТЕЙНЕРА | O3: ЧП | P3: ИНАЯ | Q3: Жидкий | S3: Цена со склада за 1 тонну | T3: Итого
A5: авто (Ванюхин) | B5: Спец№2 | C5: ОМАС | D5: КЛА-ФРИ - 200 кг п/эт | E5: 111024 | F5: 8800 | G5: 44 | H5: Кульсары | I5: отгружено | J5: 45597 | K5: Вольво Т 681 МР 67 | L5: 89811049534/87478866036 | M5: Бушков Александр | Q5: 8800 | R5: + | S5: 164000 | T5: =S5*(F5/1000) -> 1443200
A6: авто (Ванюхин) | B6: Спец№2 | C6: ОМАС | D6: Сульф асф - п/проп обезл 25,0 кг | E6: 04/2024 | F6: 11000 | G6: 440 | H6: Кульсары | I6: отгружено | J6: 45597 | K6: Вольво Т 681 МР 67 | L6: 89811049534/87478866036 | M6: Бушков Александр | O6: 11000 | R6: + | S6: 43500 | T6: =S6*(F6/1000) -> 478500
A7: конт (самовывоз) | B7: БС-079835 | C7: БурСервис | D7: BURFLC - бум 25,0 кг | E7: 231024 | F7: 17500 | G7: 700 | H7: Пурпе | I7: отгружено | J7: 45602 | K7: МАЗ М 326 ОХ 29 | L7: 89116806638 | M7: Орлов Павел | N7: RZDU0682975 | O7: 17500 | R7: + | S7: 48500 | T7: =S7*(F7/1000) -> 848750
A8: авто(Бакин) | B8: БС-080924(1-2) | C8: БурСервис | D8: BURFLC - бум 25,0 кг | E8: 011124 | F8: 20125 | G8: 805 | H8: Пыть-Ях | I8: отгружено | J8: 45603 | K8: Вольво С 931 ЕМ 51 | L8: 89212974613 | M8: Киреев Сергей | O8: 20125 | R8: + | S8: 48500 | T8: =S8*(F8/1000) -> 976062.5
A9: самовывоз | B9: счет №351 | C9: ООО СГЭС | D9: РЕОМОД п - бум 18,0 кг | E9: 20241004 | F9: 54 | G9: 3 | H9: ПЭК | I9: отгружено | J9: 45603 | K9: Накл. 299950446972 | P9: 54 | R9: + | S9: 210000 | T9: =S9*(F9/1000) -> 11340
A10: конт (Клото) | B10: БС-080783(1-3) | C10: БурСервис | D10: BURFLC - бум 25,0 кг | E10: 291024 | F10: 17500 | G10: 700 | H10: Нягань | I10: отгружено | J10: 45604 | K10: Камаз Е 999 СА 29 | M10: Вайгант Сергей | N10: RZDU0698544 | O10: 17500 | R10: + | S10: 48500 | T10: =S10*(F10/1000) -> 848750
A11: конт (Клото) | B11: БС-080783(2-3) | C11: БурСервис | D11: BURFLC - бум 25,0 кг | E11: 301024 | F11: 17500 | G11: 700 | H11: Нягань | I11: отгружено | J11: 45604 | K11: МАЗ М 326 ОХ 29 | M11: Орлов Павел | N11: ТКRU3174628 | O11: 17500 | R11: + | S11: 48500 | T11: =S11*(F11/1000) -> 848750
A12: конт (Клото) | B12: БС-080783(3-3) | C12: БурСервис | D12: BURFLC - бум 25,0 кг | E12: 311024 | F12: 17500 | G12: 700 | H12: Нягань | I12: отгружено | J12: 45604 | K12: Камаз Е 999 СА 29 | M12: Вайгант Сергей | N12: GQRU3132561 | O12: 17500 | R12: + | S12: 48500 | T12: =S12*(F12/1000) -> 848750
A13: авто(Ариал) | B13: БС-080924(2-2) | C13: БурСервис | D13: BURFLC - бум 25,0 кг | E13: 021124 | F13: 20125 | G13: 805 | H13: Пыть-Ях | I13: отгружено | J13: 45604 | K13: ДАФ А 032 НА 45 | L13: 89195697888 | M13: Шмаков Александр | O13: 20125 | R13: + | S13: 48500 | T13: =S13*(F13/1000) -> 976062.5
A14: авто(Агро) | B14: Счет 383 | C14: СНК | D14: СУПЕРСЛАЙДЕР ГОЛД - 200 кг п/эт | E14: 131124 | F14: 1600 | G14: 8 | H14: Буденновск | I14: отгружено | J14: 45610 | K14: Газ Т 557 КВ 136 | L14: 89304133318 | M14: Коляда Анатолий | Q14: 1600 | R14: + | S14: 130000 | T14: =S14*(F14/1000) -> 208000
A15: авто (самовывоз) | B15: Спец№24 | C15: МКО | D15: BLACKTROL ж - 200 кг п/эт | E15: 050924 | F15: 1600 | G15: 8 | H15: Самовывоз | I15: отгружено | J15: 45614 | K15: SHACMAN Е 904 РО 156 | L15: 89228819733 | M15: Сандак Сергей | Q15: 1600 | R15: + | S15: 95000 | T15: =S15*(F15/1000) -> 152000
A16: авто (самовывоз) | B16: Спец№24 | C16: МКО | D16: BLACKTROL ж - 200 кг п/эт | E16: 260824 | F16: 16000 | G16: 80 | H16: Самовывоз | I16: отгружено | J16: 45614 | K16: SHACMAN Е 904 РО 156 | L16: 89228819733 | M16: Сандак Сергей | Q16: 16000 | R16: + | S16: 95000 | T16: =S16*(F16/1000) -> 1520000
A17: авто (самовывоз) | B17: Спец 5 | C17: BioEnergy | D17: ЭКСТРАМУЛ-2000 - 190 кг мет | E17: 061124 | F17: 15200 | G17: 80 | H17: Самовывоз | I17: отгружено | J17: 45615 | K17: SCANIA М 870 КУ 198 | M17: Осокин Дмитрий Владимирович | Q17: 15200 | R17: + | S17: 125000 | T17: =S17*(F17/1000) -> 1900000
A18: авто | B18: Спец№14(3-5) | C18: КазПетроДриллинг | D18: Оптитрол Ж - 200 кг п/эт | E18: 290824 | F18: 3200 | G18: 16 | H18: Жанаозен | I18: отгружено | J18: 45616 | K18: DAF Р 783 ОР 790 | L18: 89963427701/87772313238 | M18: Шестопалов Александр | Q18: 3200 | R18: + | S18: 69000 | T18: =S18*(F18/1000) -> 220800
A19: авто | B19: Спец№14(3-5) | C19: КазПетроДриллинг | D19: Оптитрол Ж - 200 кг п/эт | E19: 310824 | F19: 7000 | G19: 35 | H19: Жанаозен | I19: отгружено | J19: 45616 | K19: DAF Р 783 ОР 790 | L19: 89963427701/87772313238 | M19: Шестопалов Александр | Q19: 7000 | R19: + | S19: 69000 | T19: =S19*(F19/1000) -> 483000
A20: авто | B20: Спец№14(3-5) | C20: КазПетроДриллинг | D20: Оптитрол Ж - 200 кг п/эт | E20: 010924 | F20: 7200 | G20: 36 | H20: Жанаозен | I20: отгружено | J20: 45616 | K20: DAF Р 783 ОР 790 | L20: 89963427701/87772313238 | M20: Шестопалов Александр | Q20: 7200 | R20: + | S20: 69000 | T20: =S20*(F20/1000) -> 496800
A21: авто | B21: Спец№14(3-5) | C21: КазПетроДриллинг | D21: Оптитрол Ж - 200 кг п/эт | E21: 020924 | F21: 200 | G21: 1 | H21: Жанаозен | I21: отгружено | J21: 45616 | K21: DAF Р 783 ОР 790 | L21: 89963427701/87772313238 | M21: Шестопалов Александр | Q21: 200 | R21: + | S21: 69000 | T21: =S21*(F21/1000) -> 13800
A22: авто | B22: Спец№14(4-5) | C22: КазПетроДриллинг | D22: Оптитрол Ж - 200 кг п/эт | E22: 290824 | F22: 3200 | G22: 16 | H22: Жанаозен | I22: отгружено | J22: 45618 | K22: Вольво Т 681 МР 67 | L22: 89608185086/87777918885 | M22: Ащегулов Семен | Q22: 3200 | R22: + | S22: 69000 | T22: =S22*(F22/1000) -> 220800
A23: авто | B23: Спец№14(4-5) | C23: КазПетроДриллинг | D23: Оптитрол Ж - 200 кг п/эт | E23: 020924 | F23: 6600 | G23: 33 | H23: Жанаозен | I23: отгружено | J23: 45618 | K23: Вольво Т 681 МР 67 | L23: 89608185086/87777918885 | M23: Ащегулов Семен 89608185086/87777918885 Вольво Т 681 МР 67 | Q23: 6600 | R23: + | S23: 69000 | T23: =S23*(F23/1000) -> 455400
A24: авто | B24: Спец№14(4-5) | C24: КазПетроДриллинг | D24: Оптитрол Ж - 200 кг п/эт | E24: 030924 | F24: 7000 | G24: 35 | H24: Жанаозен | I24: отгружено | J24: 45618 | K24: Вольво Т 681 МР 67 | L24: 89608185086/87777918885 | M24: Ащегулов Семен | Q24: 7000 | R24: + | S24: 69000 | T24: =S24*(F24/1000) -> 483000
A25: авто | B25: Спец№14(4-5) | C25: КазПетроДриллинг | D25: Оптитрол Ж - 200 кг п/эт | E25: 040924 | F25: 600 | G25: 3 | H25: Жанаозен | I25: отгружено | J25: 45618 | K25: Вольво Т 681 МР 67 | L25: 89608185086/87777918885 | M25: Ащегулов Семен | Q25: 600 | R25: + | S25: 69000 | T25: =S25*(F25/1000) -> 41400
A26: авто | B26: Спец№14(4-5) | C26: КазПетроДриллинг | D26: Оптитрол Ж - 200 кг п/эт | E26: 050924 | F26: 200 | G26: 1 | H26: Жанаозен | I26: отгружено | J26: 45618 | K26: Вольво Т 681 МР 67 | L26: 89608185086/87777918885 | M26: Ащегулов Семен | Q26: 200 | R26: + | S26: 69000 | T26: =S26*(F26/1000) -> 13800
A27: авто(Гандвик) | B27: Спец№24 | C27: ЭКО ФЛУИДЗ | D27: Сульф асф - бум 25,0 кг | E27: 050424 | F27: 20000 | G27: 800 | H27: Самара | I27: отгружено | J27: 45621 | K27: VOLVO О 917 МХ 29 | L27: 89115675225 | M27: Любимков Алексей | O27: 20000 | R27: + | S27: 43500 | T27: =S27*(F27/1000) -> 870000
A28: авто (самовывоз) | B28: Спец№24 | C28: МКО | D28: BLACKTROL ж - 200 кг п/эт | E28: 040924 | F28: 8800 | G28: 44 | H28: Самовывоз | I28: отгружено | J28: 45621 | K28: Вольво К 120 НК 196 | L28: 89126356925 | M28: Заяц Анатолий | Q28: 8800 | R28: + | S28: 95000 | T28: =S28*(F28/1000) -> 836000
A29: авто (самовывоз) | B29: Спец№24 | C29: МКО | D29: BLACKTROL ж - 200 кг п/эт | E29: 060924 | F29: 8800 | G29: 44 | H29: Самовывоз | I29: отгружено | J29: 45621 | K29: Вольво К 120 НК 196 | L29: 89126356925 | M29: Заяц Анатолий | Q29: 8800 | R29: + | S29: 95000 | T29: =S29*(F29/1000) -> 836000
A30: авто(Агро) | B30: Спец№55К | C30: Омас | D30: ДЖИ-ДРИЛЛ - 200 кг п/эт | E30: 151124 | F30: 8000 | G30: 40 | H30: Бузулук | I30: отгружено | J30: 45623 | K30: Мерседес Е 987 ХН 174 | L30: 89194045061/89514348410 | M30: Шкуратов Дмитрий | Q30: 8000 | R30: + | S30: 99000 | T30: =S30*(F30/1000) -> 792000
A31: авто(Агро) | B31: Спец№55К | C31: Омас | D31: Сульф асф - п/проп обезл 25,0 кг | E31: 04/2024 | F31: 10000 | G31: 400 | H31: Бузулук | I31: отгружено | J31: 45623 | K31: Мерседес Е 987 ХН 174 | L31: 89194045061/89514348410 8-919-404-50-61, 8-951-434-84-10 | M31: Шкуратов Дмитрий | O31: 10000 | R31: + | S31: 43500 | T31: =S31*(F31/1000) -> 435000
A32: авто (Ариал) | B32: Спец№34 | C32: Буринтех | D32: СУЛЬФОБИТ - бум 25,0 кг | E32: 231124 | F32: 18000 | G32: 720 | H32: Пыть-Ях | I32: огружено | J32: 45623 | K32: МАН М 353 ОА 29 | L32: 89021980813 | M32: Талашев Александр | O32: 18000 | R32: + | S32: 41500 | T32: =S32*(F32/1000) -> 747000
A33: авто (Ариал) | B33: Спец№34 | C33: Буринтех | D33: СУЛЬФОБИТ - бум 25,0 кг | E33: 261124 | F33: 2000 | G33: 80 | H33: Пыть-Ях | I33: огружено | J33: 45623 | K33: МАН М 353 ОА 29 | L33: 89021980813 | M33: Талашев Александр | O33: 2000 | R33: + | S33: 41500 | T33: =S33*(F33/1000) -> 83000
A34: авто | B34: Спец№14(5-5) | C34: КазПетроДриллинг | D34: Оптитрол Ж - 200 кг п/эт | E34: 040924 | F34: 6400 | G34: 32 | H34: Жанаозен | I34: отгружено | J34: 45623 | K34: DAF У 594 ВА 790 | L34: 89674825560/87052627456 | M34: Черненков Юрий | Q34: 6400 | R34: + | S34: 69000 | T34: =S34*(F34/1000) -> 441600
A35: авто | B35: Спец№14(5-5) | C35: КазПетроДриллинг | D35: Оптитрол Ж - 200 кг п/эт | E35: 050924 | F35: 7000 | G35: 35 | H35: Жанаозен | I35: отгружено | J35: 45623 | K35: DAF У 594 ВА 790 | L35: 89674825560/87052627456 | M35: Черненков Юрий | Q35: 7000 | R35: + | S35: 69000 | T35: =S35*(F35/1000) -> 483000
A36: авто | B36: Спец№14(5-5) | C36: КазПетроДриллинг | D36: Оптитрол Ж - 200 кг п/эт | E36: 060924 | F36: 200 | G36: 1 | H36: Жанаозен | I36: отгружено | J36: 45623 | K36: DAF У 594 ВА 790 | L36: 89674825560/87052627456 | M36: Черненков Юрий | Q36: 200 | R36: + | S36: 69000 | T36: =S36*(F36/1000) -> 13800
A37: авто | B37: Спец№14(5-5) | C37: КазПетроДриллинг | D37: Оптитрол Ж - 200 кг п/эт | E37: 080924 | F37: 4000 | G37: 20 | H37: Жанаозен | I37: отгружено | J37: 45623 | K37: DAF У 594 ВА 790 | L37: 89674825560/87052627456 | M37: Черненков Юрий | Q37: 4000 | R37: + | S37: 69000 | T37: =S37*(F37/1000) -> 276000
A38: авто(Агро) | B38: Спец№54К | C38: Омас | D38: Сульф асф - п/проп обезл 25,0 кг | E38: 110424 | F38: 10000 | G38: 400 | H38: Нижневартовск | I38: огружено | J38: 45623 | K38: Мерседес Н 324 ЕН 774 | L38: 89124779266 | M38: Меньшенин Владимир | O38: 10000 | R38: + | S38: 43500 | T38: =S38*(F38/1000) -> 435000
A39: авто(Агро) | B39: Спец№54К | C39: Омас | D39: Сульф асф - п/проп марк 25,0 кг | E39: 110424 | F39: 10000 | G39: 400 | H39: Нижневартовск | I39: огружено | J39: 45623 | K39: Мерседес Н 324 ЕН 774 | L39: 89124779266 | M39: Меньшенин Владимир | O39: 10000 | R39: + | S39: 43500 | T39: =S39*(F39/1000) -> 435000
A40: авто(Клото) | B40: Спец№56К | C40: Омас | D40: Сульф асф - п/проп обезл 25,0 кг | E40: 110424 | F40: 20000 | G40: 800 | H40: Уфа | I40: огружено | J40: 45625 | K40: Mercedes-Benz О 515 ОУ 29 | L40: 8 953 939 90 73 | M40: Борисов Дмитрий | O40: 20000 | R40: + | S40: 43500 | T40: =S40*(F40/1000) -> 870000
A41: авто | B41: Спец№37 (1-5) | C41: Химпром | D41: ТЕРРАПАН - бум 25,0 кг | E41: 329/1 | F41: 5000 | G41: 200 | H41: Краснокамск | I41: отгружено | J41: 45625 | K41: Ситрак К175УЕ-33 | L41: 8(906)674-99-74 | M41: Золотой Денис Викторович | N41: полностью | P41: =F41 -> 5000 | R41: + | S41: 250000 | T41: =S41*(F41/1000) -> 1250000
A42: авто | B42: Спец№37 (1-5) | C42: Химпром | D42: ТЕРРАПАН - бум 25,0 кг | E42: 329/2 | F42: 4000 | G42: 160 | H42: Краснокамск | I42: отгружено | J42: 45625 | K42: Ситрак К175УЕ-33 | L42: 8(906)674-99-74 | M42: Золотой Денис Викторович | N42: 5674, 5675, 5676, 5678 | P42: =F42 -> 4000 | R42: + | S42: 250000 | T42: =S42*(F42/1000) -> 1000000
A43: авто | B43: Спец№37 (1-5) | C43: Химпром | D43: ТЕРРАПАН - бум 25,0 кг | E43: 329/3 | F43: 2000 | G43: 80 | H43: Краснокамск | I43: отгружено | J43: 45625 | K43: Ситрак К175УЕ-33 | L43: 8(906)674-99-74 | M43: Золотой Денис Викторович | N43: 5680, 5683 | P43: =F43 -> 2000 | R43: + | S43: 250000 | T43: =S43*(F43/1000) -> 500000
A44: авто | B44: Спец№37 (1-5) | C44: Химпром | D44: ТЕРРАПАН - бум 25,0 кг | E44: 329/4 | F44: 5000 | G44: 200 | H44: Краснокамск | I44: отгружено | J44: 45625 | K44: Ситрак К175УЕ-33 | L44: 8(906)674-99-74 | M44: Золотой Денис Викторович | N44: полностью | P44: =F44 -> 5000 | R44: + | S44: 250000 | T44: =S44*(F44/1000) -> 1250000
A45: авто | B45: Спец№37 (2-5) | C45: Химпром | D45: ТЕРРАПАН - бум 25,0 кг | E45: 329/5 | F45: 4000 | G45: 160 | H45: Краснокамск | I45: отгружено | J45: 45625 | K45: Ситрак К175УЕ-33 | L45: 8(906)674-99-74 | M45: Золотой Денис Викторович | N45: 5689, 5690, 5691,5692 | P45: =F45 -> 4000 | R45: + | S45: 250000 | T45: =S45*(F45/1000) -> 1000000
A46: авто | B46: Спец№37 (2-5) | C46: Химпром | D46: ТЕРРАПАН - бум 25,0 кг | E46: 329/22 | F46: 1000 | G46: 40 | H46: Краснокамск | I46: отгружено | J46: 45625 | K46: Донгфенг, О997РХ159 | L46: 79197167768 | M46: Козлов Сергей Владимирович | N46: 5677 | P46: =F46 -> 1000 | R46: + | S46: 250000 | T46: =S46*(F46/1000) -> 250000
A47: авто | B47: Спец№37 (2-5) | C47: Химпром | D47: ТЕРРАПАН - бум 25,0 кг | E47: 329/6 | F47: 3000 | G47: 120 | H47: Краснокамск | I47: отгружено | J47: 45625 | K47: Донгфенг, О997РХ159 | L47: 79197167768 | M47: Козлов Сергей Владимирович | N47: 5909, 5710, 5713 | P47: =F47 -> 3000 | R47: + | S47: 250000 | T47: =S47*(F47/1000) -> 750000
A48: авто | B48: Спец№37 (2-5) | C48: Химпром | D48: ТЕРРАПАН - бум 25,0 кг | E48: 329/7 | F48: 4000 | G48: 160 | H48: Краснокамск | I48: отгружено | J48: 45625 | K48: Донгфенг, О997РХ159 | L48: 79197167768 | M48: Козлов Сергей Владимирович | N48: 5714,5715,5716,5797 | P48: =F48 -> 4000 | R48: + | S48: 250000 | T48: =S48*(F48/1000) -> 1000000
A49: авто | B49: Спец№37 (2-5) | C49: Химпром | D49: ТЕРРАПАН - бум 25,0 кг | E49: 329/8 | F49: 5000 | G49: 200 | H49: Краснокамск | I49: отгружено | J49: 45625 | K49: Донгфенг, О997РХ159 | L49: 79197167768 | M49: Козлов Сергей Владимирович | N49: 5799,5800,5801,5802,5818 | P49: =F49 -> 5000 | R49: + | S49: 250000 | T49: =S49*(F49/1000) -> 1250000
A50: авто | B50: Спец№37 (2-5) | C50: Химпром | D50: ТЕРРАПАН - бум 25,0 кг | E50: 329/23 | F50: 2000 | G50: 80 | H50: Краснокамск | I50: отгружено | J50: 45625 | K50: Донгфенг, О997РХ159 | L50: 79197167768 | M50: Козлов Сергей Владимирович | N50: 5681, 5682 | P50: =F50 -> 2000 | R50: + | S50: 250000 | T50: =S50*(F50/1000) -> 500000
A51: авто | B51: Спец№37 (2-5) | C51: Химпром | D51: ТЕРРАПАН - бум 25,0 кг | E51: 329/9 | F51: 5000 | G51: 200 | H51: Краснокамск | I51: отгружено | J51: 45625 | K51: Донгфенг, О997РХ159 | L51: 79197167768 | M51: Козлов Сергей Владимирович | N51: 5819, 5820, 5821, 5822, 5823 | P51: =F51 -> 5000 | R51: + | S51: 250000 | T51: =S51*(F51/1000) -> 1250000
A52: Итого заказов на: | B52: =SUM(F5:F51)/1000 -> 372.904 | C52: т | T52: =SUM(T5:T51) -> 31042365
A53: Итого отгружено: | B53: =B54+B55+B56 -> 372.904 | C53: т | F53: образцы заказаны
A54: из них ЧП: | B54: =SUM(O5:O51)/1000 -> 211.25 | C54: т | F54: завел в отчет по отгрузкам
A55: из них ИНАЯ: | B55: =SUM(P5:P51)/1000 -> 40.054 | C55: т | F55: отправил ПК
A56: из них на жидкий: | B56: =SUM(Q5:Q51)/1000 -> 121.6 | C56: т | F56: Надо заполнить
A57: Осталось отгрузить | B57: =B52-B53 -> 0 | C57: т

Sheet октябрь 2024
B1: ОТГРУЗКИ ПРОДУКЦИИ | C1: 45566
A2: заметки | B2: НОМЕР ЗАКАЗА | C2: КЛИЕНТ | D2: ПРОДУКТ | E2: ПАРТИЯ | F2: КОЛИЧЕСТВО | H2: ПУНКТ НАЗНАЧЕНИЯ | I2: СТАТУС | J2: ДАТА ОТГРУЗКИ | K2: АВТОДОСТАВКА | N2: ЖД ДОСТАВКА | O2: ИТОГО ОТГРУЖЕНО | R2: АКТЫ
F3: КГ | G3: мешков/бочек | K3: № АВТО | L3: ТЕЛ. ВОДИТЕЛЯ | M3: ВОДИТЕЛЬ | N3: № КОНТЕЙНЕРА | O3: ЧП | P3: ИНАЯ | Q3: Жидкий | S3: Цена со склада за 1 тонну | T3: Итого
A5: авто | B5: Спец№12 | C5: ERIELL | D5: LG-DRILL - п/проп 25,0 кг | E5: 280324 | F5: 20000 | G5: 800 | H5: Карши | I5: отгружен | J5: 45566 | K5: VOLVO Т351АО 154 | L5: 8-983-603-12-30 | M5: Романов Василий | O5: 20000 | R5: + | S5: 38000 | T5: =S5*(F5/1000) -> 760000
A6: авто | B6: Спец№12 | C6: ERIELL | D6: LG-DRILL - п/проп 25,0 кг | E6: 120824 | F6: 20000 | G6: 800 | H6: Карши | I6: отгружен | J6: 45566 | K6: SHACMAN У084 ЕМ 31 | L6: 89515616862 | M6: Шеншин Андрей | O6: 20000 | R6: + | S6: 38000 | T6: =S6*(F6/1000) -> 760000
A7: авто (АрхГрузЛогистика) | B7: БС-78420 | C7: БурСервис | D7: TORQ TRIM II PLUS (СС Голд) - 185 кг п/эт | E7: 260924 | F7: 8140 | G7: 44 | H7: Губкинский | I7: отгружен | J7: 45566 | K7: ВОЛЬВО С 931 ЕМ 51 | L7: 8-921-297-46-13 | M7: КИРЕЕВ СЕРГЕЙ ВЛАДИМИРОВИЧ | Q7: 8140 | R7: + | S7: 125000 | T7: =S7*(F7/1000) -> 1017500
A8: авто (АрхГрузЛогистика) | B8: БС-78420 | C8: БурСервис | D8: TORQ TRIM II PLUS (СС Голд) - 185 кг п/эт | E8: 270924 | F8: 8140 | G8: 44 | H8: Губкинский | I8: отгружен | J8: 45566 | K8: ВОЛЬВО С 931 ЕМ 51 | L8: 8-921-297-46-13 | M8: КИРЕЕВ СЕРГЕЙ ВЛАДИМИРОВИЧ | Q8: 8140 | R8: + | S8: 125000 | T8: =S8*(F8/1000) -> 1017500
A9: конт (самовывоз) | B9: БС- 76299(1-2) | C9: БурСервис | D9: BURFLC - бум 25,0 кг | E9: 090924 | F9: 17500 | G9: 700 | H9: Нягань | I9: отгружен | J9: 45566 | N9: TKRU3561289 | O9: 17500 | R9: + | S9: 48500 | T9: =S9*(F9/1000) -> 848750
A10: конт (самовывоз) | B10: БС- 76299(2-2) | C10: БурСервис | D10: BURFLC - бум 25,0 кг | E10: 100924 | F10: 17500 | G10: 700 | H10: Нягань | I10: отгружен | J10: 45566 | N10: TKRU3352170 | O10: 17500 | R10: + | S10: 48500 | T10: =S10*(F10/1000) -> 848750
A11: конт (самовывоз) | B11: БС-77383 | C11: БурСервис | D11: OPTIBUR (Оптитрол ж) - 200 п/эт | E11: 190924 | F11: 13600 | G11: 68 | H11: Пурпе | I11: отгружен | J11: 45568 | N11: TKRU3444180 | Q11: 13600 | R11: + | S11: 77400 | T11: =S11*(F11/1000) -> 1052640
A12: конт (самовывоз) | B12: БС-77383 | C12: БурСервис | D12: OPTIBUR (Оптитрол ж) - 200 п/эт | E12: 150924 | F12: 400 | G12: 2 | H12: Пурпе | I12: отгружен | J12: 45568 | N12: TKRU3444180 | Q12: 400 | R12: + | S12: 77400 | T12: =S12*(F12/1000) -> 30960
A13: конт (самовывоз) | B13: БС-77383 | C13: БурСервис | D13: OPTIBUR (Оптитрол ж) - 200 п/эт | E13: 160924 | F13: 800 | G13: 4 | H13: Пурпе | I13: отгружен | J13: 45568 | N13: TKRU3444180 | Q13: 800 | R13: + | S13: 77400 | T13: =S13*(F13/1000) -> 61920
A14: конт (самовывоз) | B14: БС-77383 | C14: БурСервис | D14: OPTIBUR (Оптитрол ж) - 200 п/эт | E14: 170924 | F14: 1000 | G14: 5 | H14: Пурпе | I14: отгружен | J14: 45568 | N14: TKRU3444180 | Q14: 1000 | R14: + | S14: 77400 | T14: =S14*(F14/1000) -> 77400
A15: конт (самовывоз) | B15: БС-77383 | C15: БурСервис | D15: OPTIBUR (Оптитрол ж) - 200 п/эт | E15: 180924 | F15: 200 | G15: 1 | H15: Пурпе | I15: отгружен | J15: 45568 | N15: TKRU3444180 | Q15: 200 | R15: + | S15: 77400 | T15: =S15*(F15/1000) -> 15480
A16: конт (самовывоз) | B16: БС-77383 | C16: БурСервис | D16: DRIL-N-SLIDE (СС Платинум) - 175 кг п/эт | E16: 240924 | F16: 7000 | G16: 40 | H16: Пурпе | I16: отгружен | J16: 45568 | N16: TKRU3096823 | Q16: 7000 | R16: + | S16: 250000 | T16: =S16*(F16/1000) -> 1750000
A17: конт (самовывоз) | B17: БС-77383 | C17: БурСервис | D17: DRIL-N-SLIDE (СС Платинум) - 175 кг п/эт | E17: 250924 | F17: 7000 | G17: 40 | H17: Пурпе | I17: отгружен | J17: 45568 | N17: TKRU3096823 | Q17: 7000 | R17: + | S17: 250000 | T17: =S17*(F17/1000) -> 1750000
A18: авто (Ариал) | B18: Спец№23 | C18: ЭКО ФЛУИДЗ | D18: Сульф асф - п/проп марк 25,0 кг | E18: 050424 | F18: 13000 | G18: 520 | H18: Нижневартовск | I18: отгружен | J18: 45569 | K18: FAW O884РС29 | L18: 89021984502 | M18: Бутвин Николай Александрович | O18: 13000 | R18: + | S18: 43500 | T18: =S18*(F18/1000) -> 565500
A19: авто (Ариал) | B19: Спец№23 | C19: ЭКО ФЛУИДЗ | D19: СУПЕРСЛАЙДЕР ГОЛД - 200 кг п/эт | E19: 180424 | F19: 6400 | G19: 32 | H19: Нижневартовск | I19: отгружен | J19: 45569 | K19: FAW O884РС29 | L19: 89021984502 | M19: Бутвин Николай Александрович | Q19: 6400 | R19: + | S19: 105000 | T19: =S19*(F19/1000) -> 672000
A20: авто(Ариал) | B20: Спец№36 (1/4) | C20: Химпром | D20: ТЕРРАПАН - бум 25,0 кг | E20: 011024 | F20: 20000 | G20: 800 | H20: Краснокамск | I20: отгружен | J20: 45569 | K20: МАН М353ОА/29 | L20: 8(902)1980813 | M20: Талашев Николай Александрович | P20: 20000 | R20: + | S20: 250000 | T20: =S20*(F20/1000) -> 5000000
A21: авто (Арсэн) | B21: БС-76527 | C21: БурСервис | D21: BURFLC - бум 25,0 кг | E21: 110924 | F21: 20000 | G21: 800 | H21: Пыть-Ях | I21: отгружен | J21: 45572 | K21: DAF О226ЕУ 72 | L21: 79829883775 | M21: Киршин Петр Олегович | O21: 20000 | R21: + | S21: 48500 | T21: =S21*(F21/1000) -> 970000
A22: авто (Арсэн) | B22: БС-76527 | C22: БурСервис | D22: BURFLC - бум 25,0 кг | E22: 260924 | F22: 20000 | G22: 800 | H22: Пыть-Ях | I22: отгружен | J22: 45572 | K22: FAW Т 319 ЕР 196 | L22: 7 902 878-79-67 | M22: Соловьев Владимир Викторович | O22: 20000 | R22: + | S22: 48500 | T22: =S22*(F22/1000) -> 970000
A23: авто | B23: Спец№11 | C23: ERIELL | D23: ТЕРРАПАН - бум 25,0 кг | E23: 041024 | F23: 20000 | G23: 800 | H23: Карши | I23: отгружен | J23: 45574 | K23: Volvo М696УХ29 | L23: 79991688231 | M23: Дружинин Александр | P23: 20000 | R23: + | S23: 245000 | T23: =S23*(F23/1000) -> 4900000
A24: авто (АГРО-ТРАНС) | B24: спец№35 | C24: ИНКО-Сервис | D24: ЭКСТРАМУЛ-2000 - 200 кг п/эт | E24: 20241004 | F24: 12000 | G24: 60 | H24: Волгоград | I24: отгружен | J24: 45574 | K24: DAF Р575МС 45 | L24: 8-908-002-65-90 | M24: Голосков Алексей Анатольевич | Q24: 12000 | R24: + | S24: 123000 | T24: =S24*(F24/1000) -> 1476000
A25: авто (АГРО-ТРАНС) | B25: спец№35 | C25: ИНКО-Сервис | D25: РЕОМОД п - бум 18,0 кг | E25: 20241003 | F25: 2160 | G25: 120 | H25: Волгоград | I25: отгружен | J25: 45574 | K25: DAF Р575МС 45 | L25: 8-908-002-65-90 | M25: Голосков Алексей Анатольевич | P25: 2160 | R25: + | S25: 210000 | T25: =S25*(F25/1000) -> 453600
A26: авто (АГРО-ТРАНС) | B26: спец№35 | C26: ИНКО-Сервис | D26: ВЕЛЛТРИТ - 200 кг п/эт | E26: 20241002 | F26: 3200 | G26: 16 | H26: Волгоград | I26: отгружен | J26: 45574 | K26: DAF Р575МС 45 | L26: 8-908-002-65-90 | M26: Голосков Алексей Анатольевич | Q26: 3200 | R26: + | S26: 165000 | T26: =S26*(F26/1000) -> 528000
A27: авто (АГРО-ТРАНС) | B27: Спец№36 (2/4) | C27: Химпром | D27: ТЕРРАПАН - бум 25,0 кг | E27: 071024 | F27: 20000 | G27: 800 | H27: Краснокамск | I27: отгружен | J27: 45576 | K27: SANY E332ВК156 | L27: 89058150959 | M27: Свечников Павел Александрович | P27: 20000 | R27: + | S27: 250000 | T27: =S27*(F27/1000) -> 5000000
A28: авто (ГК УРАЛ) | B28: БС-078277 (1/3) | C28: БурСервис | D28: BURFLC - бум 25,0 кг | E28: 230924 | F28: =G28*25 -> 17500 | G28: 700 | H28: Пыть Ях | I28: отгружен | J28: 45576 | K28: DAF К 298 МО 45 | L28: 7 (919) 569 - 78 - 88 | M28: Шмаков Александр Николаевич | O28: 17500 | R28: + | S28: 48500 | T28: =S28*(F28/1000) -> 848750
A29: авто (ГК УРАЛ) | B29: БС-078277 (1/3) | C29: БурСервис | D29: BURFLC - бум 25,0 кг | E29: 071024 | F29: =G29*25 -> 2625 | G29: 105 | H29: Пыть Ях | I29: отгружен | J29: 45576 | K29: К 298 МО 45 | L29: 7 (919) 569 - 78 - 88 | M29: Шмаков Александр Николаевич | O29: 2625 | R29: + | S29: 48500 | T29: =S29*(F29/1000) -> 127312.5
A30: авто (АГРО-ТРАНС) | B30: Спец№36 (3/4) | C30: Химпром | D30: ТЕРРАПАН - бум 25,0 кг | E30: 081024 | F30: 20000 | G30: 800 | H30: Краснокамск | I30: отгружен | J30: 45580 | K30: ДАФ С 277 МО 45 | L30: 89195886579 89954480239 | M30: Колупаев Дмитрий Андреевич | P30: 20000 | R30: + | S30: 250000 | T30: =S30*(F30/1000) -> 5000000
A31: конт (самовывоз) | B31: БС-078981 | C31: БурСервис | D31: BURFLC - бум 25,0 кг | E31: 071024 | F31: =G31*25 -> 17500 | G31: 700 | H31: Нягань | I31: отгружен | J31: 45580 | M31: Чернаков Константин | N31: TKRU3212116 | O31: 17500 | R31: + | S31: 48500 | T31: =S31*(F31/1000) -> 848750
A32: авто (АРИАЛ-ТРАНС) | B32: Спец№36 (4/4) | C32: Химпром | D32: ТЕРРАПАН - бум 25,0 кг | E32: 101024 | F32: 20000 | G32: 800 | H32: Краснокамск | I32: отгружен | J32: 45581 | K32: FAW О 884 РС 29 | L32: 89021984502 | M32: Бутвин Николай | P32: 20000 | R32: + | S32: 250000 | T32: =S32*(F32/1000) -> 5000000
A33: авто самовывоз | B33: БС- 67534 (20/74) | C33: БурСервис | D33: RADIAGREEN RA - 950 кг еврокуб | E33: OE40513S01 | F33: =G33*950 -> 15200 | G33: 16 | H33: Холмск | I33: отгружен | J33: 45581 | K33: Вольво М 562 УВ 29 | L33: 89009148991 | M33: Ифтодий Николай | Q33: 15200 | R33: + | S33: 713900 | T33: =S33*(F33/1000) -> 10851280
A34: авто самовывоз | B34: БС- 67534 (20/74) | C34: БурСервис | D34: RADIAGREEN RA - 950 кг еврокуб | E34: OE20627010 | F34: =G34*950 -> 1900 | G34: 2 | H34: Холмск | I34: отгружен | J34: 45581 | K34: Вольво М 562 УВ 29 | L34: 89009148991 | M34: Ифтодий Николай | Q34: 1900 | R34: + | S34: 713900 | T34: =S34*(F34/1000) -> 1356410
A35: авто самовывоз | B35: БС- 67534 (20/74) | C35: БурСервис | D35: RADIAGREEN RA - 950 кг еврокуб | E35: ЕО40904007 | F35: =G35*950 -> 1900 | G35: 2 | H35: Холмск | I35: отгружен | J35: 45581 | K35: Вольво М 562 УВ 29 | L35: 89009148991 | M35: Ифтодий Николай | Q35: 1900 | R35: + | S35: 713900 | T35: =S35*(F35/1000) -> 1356410
A36: самовывоз | B36: БС- 67534 (34/74) | C36: БурСервис | D36: RADIAGREEN RA - 950 кг еврокуб | E36: ЕО40904007 | F36: =G36*950 -> 13300 | G36: 14 | H36: Холмск | I36: отгружен | J36: 45582 | K36: Вольво С 931 ЕМ 51 | L36: 89212974613 | M36: Киреев Сергей | Q36: 13300 | R36: + | S36: 713900 | T36: =S36*(F36/1000) -> 9494870
A37: самовывоз | B37: БС- 69716 | C37: БурСервис | D37: RADIAGREEN RA - 950 кг еврокуб | E37: ЕО40904007 | F37: =G37*950 -> 6650 | G37: 7 | H37: Холмск | I37: отгружен | J37: 45582 | K37: Вольво С 931 ЕМ 51 | L37: 89212974613 | M37: Киреев Сергей | Q37: 6650 | R37: + | S37: 713900 | T37: =S37*(F37/1000) -> 4747435
A38: авто (АГРО) | B38: спец№36 | C38: ИНКО-Сервис | D38: ЭКСТРАМУЛ-2000 - 200 кг п/эт | E38: 20241004 | F38: 13600 | G38: 68 | H38: Волгоград | I38: отгружен | J38: 45582 | K38: DAF Н 964 ТО 68 | L38: 89158742477 | M38: Теляев Николай | Q38: 13600 | R38: + | S38: 125500 | T38: =S38*(F38/1000) -> 1706800
A39: авто (АГРО) | B39: спец№36 | C39: ИНКО-Сервис | D39: ВЕЛЛТРИТ - 200 кг п/эт | E39: 20241002 | F39: 4000 | G39: 20 | H39: Волгоград | I39: отгружен | J39: 45582 | K39: DAF Н 964 ТО 68 | L39: 89158742477 | M39: Теляев Николай | Q39: 4000 | R39: + | S39: 167500 | T39: =S39*(F39/1000) -> 670000
A40: авто (АГРО) | B40: Спец№53К | C40: ОМАС | D40: Сульф асф - п/проп марк 25,0 кг | E40: 110424 | F40: 20000 | G40: 800 | H40: Нижневартовск | I40: отгружен | J40: 45583 | K40: ДАФ Е 074 МЕ 45 | L40: 89048812556 | M40: Матаев Петр | O40: 20000 | R40: + | S40: 43500 | T40: =S40*(F40/1000) -> 870000
A41: авто (АРИАЛ) | B41: БС-078277 (2/3) | C41: БурСервис | D41: BURFLC - бум 25,0 кг | E41: 151024 | F41: =G41*25 -> 20125 | G41: 805 | H41: Пыть Ях | I41: отгружен | J41: 45583 | K41: МАН М 353 ОА 29 | L41: 89021980813 | M41: Талашев Николай | O41: 20125 | R41: + | S41: 48500 | T41: =S41*(F41/1000) -> 976062.5
A42: авто(БАКИН) | B42: БС-078277 (3/3) | C42: БурСервис | D42: BURFLC - бум 25,0 кг | E42: 161024 | F42: =G42*25 -> 20125 | G42: 805 | H42: Пыть Ях | I42: отгружен | J42: 45586 | K42: Вольво О 856 УЕ 29 | L42: 89600155752 | M42: Вахтомин Иван | O42: 20125 | R42: + | S42: 48500 | T42: =S42*(F42/1000) -> 976062.5
A43: самовывоз | B43: БС- 67534 | C43: БурСервис | D43: RADIAGREEN RA - 950 кг еврокуб | E43: ЕО40904007 | F43: =G43*950 -> 19000 | G43: 20 | H43: Холмск | I43: отгружен | J43: 45587 | K43: РЕНО В 231 ЕЕ 60 | L43: 89116997693 | M43: Мартынов Валерий | Q43: 19000 | R43: + | S43: 713900 | T43: =S43*(F43/1000) -> 13564100
A44: самовывоз | B44: БС- 67534 | C44: БурСервис | D44: RADIAGREEN RA - 950 кг еврокуб | E44: ЕО40904007 | F44: =G44*950 -> 19000 | G44: 20 | H44: Холмск | I44: отгружен | J44: 45587 | K44: Вольво О 360 НО 29 | L44: 89539337789 | M44: Кутейников Сергей | Q44: 19000 | R44: + | S44: 713900 | T44: =S44*(F44/1000) -> 13564100
A45: конт (самовывоз) | B45: БС-079795 | C45: БурСервис | D45: BaraFLC(0) - бум 22,7 кг | E45: 171024 | F45: 15876 | G45: 700 | H45: Усинск | I45: отгружен | J45: 45588 | M45: Вайгант Сергей | N45: TKRU3062510 | O45: 15876 | R45: + | S45: 48500 | T45: =S45*(F45/1000) -> 769986
A46: конт (самовывоз) | B46: БС-079795 | C46: БурСервис | D46: BURFLC - бум 25,0 кг | E46: 181024 | F46: 17500 | G46: 700 | H46: Усинск | I46: отгружен | J46: 45588 | M46: Вайгант Сергей | N46: RZDU0601398 | O46: 17500 | R46: + | S46: 48500 | T46: =S46*(F46/1000) -> 848750
A47: конт (самовывоз) | B47: БС-079835 | C47: БурСервис | D47: DRIL-N-SLIDE (СС Платинум) - 175 кг п/эт | E47: 161024 | F47: =G47*175 -> 7000 | G47: 40 | H47: Пурпе | I47: отгружен | J47: 45589 | M47: Орлов Павел | N47: RZDU0275270 | Q47: 7000 | R47: + | S47: 250000 | T47: =S47*(F47/1000) -> 1750000
A48: конт (самовывоз) | B48: БС-079835 | C48: БурСервис | D48: DRIL-N-SLIDE (СС Платинум) - 175 кг п/эт | E48: 171024 | F48: =G48*175 -> 7000 | G48: 40 | H48: Пурпе | I48: отгружен | J48: 45589 | M48: Орлов Павел | N48: RZDU0275270 | Q48: 7000 | R48: + | S48: 250000 | T48: =S48*(F48/1000) -> 1750000
A49: конт (самовывоз) | B49: БС-079835 (1/2) | C49: БурСервис | D49: OPTIBUR (Оптитрол ж) - 200 п/эт | E49: 150924 | F49: =G49*200 -> 3200 | G49: 16 | H49: Пурпе | I49: отгружен | J49: 45589 | M49: Орлов Павел | N49: TKRU3213977 | Q49: 3200 | R49: + | S49: 77400 | T49: =S49*(F49/1000) -> 247680
A50: конт (самовывоз) | B50: БС-079835 (1/2) | C50: БурСервис | D50: OPTIBUR (Оптитрол ж) - 200 п/эт | E50: 160924 | F50: =G50*200 -> 6400 | G50: 32 | H50: Пурпе | I50: отгружен | J50: 45589 | M50: Орлов Павел | N50: TKRU3213977 | Q50: 6400 | R50: + | S50: 77400 | T50: =S50*(F50/1000) -> 495360
A51: конт (самовывоз) | B51: БС-079835 (1/2) | C51: БурСервис | D51: OPTIBUR (Оптитрол ж) - 200 п/эт | E51: 180924 | F51: =G51*200 -> 6400 | G51: 32 | H51: Пурпе | I51: отгружен | J51: 45589 | M51: Орлов Павел | N51: TKRU3213977 | Q51: 6400 | R51: + | S51: 77400 | T51: =S51*(F51/1000) -> 495360
A52: авто (Бакин) | B52: БС-079321 (1/2) | C52: БурСервис | D52: BURFLC - бум 25,0 кг | E52: 211024 | F52: 20125 | G52: 805 | H52: Пыть Ях | I52: отгружен | J52: 45590 | K52: Вольво О618СМ29 | L52: 89115713730 | M52: Фокин Дмитрий | O52: 20125 | R52: + | S52: 48500 | T52: =S52*(F52/1000) -> 976062.5
A53: авто(Арсэн) | B53: спец№37 | C53: ИНКО-Сервис | D53: Сульф асф - бум 25,0 кг | E53: 20241022 | F53: 20000 | G53: 800 | H53: Новосемейкино | I53: отгружен | J53: 45590 | K53: Скания О250СУ44 | L53: 89159071069 | M53: Смирнов Александр | O53: 20000 | R53: + | S53: 41000 | T53: =S53*(F53/1000) -> 820000
A54: конт (самовывоз) | B54: БС-079835 (2/2) | C54: БурСервис | D54: OPTIBUR (Оптитрол ж) - 200 п/эт | E54: 080924 | F54: =G54*200 -> 2400 | G54: 12 | H54: Пурпе | I54: отгружен | J54: 45590 | L54: 89115583359 | M54: Вайгант Сергей | N54: RZDU0721963 | Q54: 2400 | R54: + | S54: 77400 | T54: =S54*(F54/1000) -> 185760
A55: конт (самовывоз) | B55: БС-079835 (2/2) | C55: БурСервис | D55: OPTIBUR (Оптитрол ж) - 200 п/эт | E55: 200924 | F55: =G55*200 -> 7000 | G55: 35 | H55: Пурпе | I55: отгружен | J55: 45590 | L55: 89115583359 | M55: Вайгант Сергей | N55: RZDU0721963 | Q55: 7000 | R55: + | S55: 77400 | T55: =S55*(F55/1000) -> 541800
A56: конт (самовывоз) | B56: БС-079835 (2/2) | C56: БурСервис | D56: OPTIBUR (Оптитрол ж) - 200 п/эт | E56: 230924 | F56: =G56*200 -> 6600 | G56: 33 | H56: Пурпе | I56: отгружен | J56: 45590 | L56: 89115583359 | M56: Вайгант Сергей | N56: RZDU0721963 | Q56: 6600 | R56: + | S56: 77400 | T56: =S56*(F56/1000) -> 510840
A57: конт (самовывоз) | B57: БС-79979 | C57: БурСервис | D57: TORQ TRIM II PLUS (СС Голд) - 185 кг п/эт | E57: 280924 | F57: =G57*185 -> 8325 | G57: 45 | H57: Пурпе | I57: отгружен | J57: 45590 | L57: 89115583359 | M57: Вайгант Сергей | N57: RZDU0726203 | Q57: 8325 | R57: + | S57: 125000 | T57: =S57*(F57/1000) -> 1040625
A58: конт (самовывоз) | B58: БС-79979 | C58: БурСервис | D58: TORQ TRIM II PLUS (СС Голд) - 185 кг п/эт | E58: 290924 | F58: =G58*185 -> 6475 | G58: 35 | H58: Пурпе | I58: отгружен | J58: 45590 | L58: 89115583359 | M58: Вайгант Сергей | N58: RZDU0726203 | Q58: 6475 | R58: + | S58: 125000 | T58: =S58*(F58/1000) -> 809375
A59: авто (Агро) | B59: Спец№15 | C59: ХимБурСервис | D59: BLACKTROL ж - 200 кг п/эт | E59: 020924 | F59: 8600 | G59: 43 | H59: Бугульма | I59: отгружен | J59: 45593 | K59: Донфенг Т542ТС196 | L59: 89222980008 | M59: Аюпов Ильдар | Q59: 8600 | R59: + | S59: 88000 | T59: =S59*(F59/1000) -> 756800
A60: авто (Агро) | B60: Спец№15 | C60: ХимБурСервис | D60: BLACKTROL ж - 200 кг п/эт | E60: 050924 | F60: 8000 | G60: 40 | H60: Бугульма | I60: отгружен | J60: 45593 | K60: Донфенг Т542ТС196 | L60: 89222980008 | M60: Аюпов Ильдар | Q60: 8000 | R60: + | S60: 88000 | T60: =S60*(F60/1000) -> 704000
A61: авто (Агро) | B61: Спец№15 | C61: ХимБурСервис | D61: BLACKTROL ж - 200 кг п/эт | E61: 220624 | F61: 800 | G61: 4 | H61: Бугульма | I61: отгружен | J61: 45593 | K61: Донфенг Т542ТС196 | L61: 89222980008 | M61: Аюпов Ильдар | Q61: 800 | R61: + | S61: 88000 | T61: =S61*(F61/1000) -> 70400
A62: авто (Агро) | B62: Спец№15 | C62: ХимБурСервис | D62: BLACKTROL ж - 200 кг п/эт | E62: 040924 | F62: 200 | G62: 1 | H62: Бугульма | I62: отгружен | J62: 45593 | K62: Донфенг Т542ТС196 | L62: 89222980008 | M62: Аюпов Ильдар | Q62: 200 | R62: + | S62: 88000 | T62: =S62*(F62/1000) -> 17600
A63: авто (Ариал) | B63: БС-079321 (2/2) | C63: БурСервис | D63: BURFLC - бум 25,0 кг | E63: 221024 | F63: 20125 | G63: 805 | H63: Пыть Ях | I63: отгружен | J63: 45593 | K63: МАН М517ОА29 | L63: 89009189331 | M63: Загвоздин Алексей | O63: 20125 | R63: + | S63: 48500 | T63: =S63*(F63/1000) -> 976062.5
A64: авто (самовывоз) | B64: Спец.№1 | C64: АВК | D64: Сода кальцинированная | F64: 20000 | G64: 800 | H64: Архангельск | I64: отгружен | J64: 45594 | K64: Скания г/н н356хт29 | L64: 8-953-930-46-55 | M64: Щипунов Александр Валентинович | P64: 20000 | R64: + | S64: 32500 | T64: =S64*(F64/1000) -> 650000
A65: авто (Рич Трак) | B65: Спец№2 | C65: ОМАС | D65: КЛА-ФРИ - 200 кг мет | E65: 111024 | F65: 17600 | G65: 88 | H65: Кульсары | I65: отгружен | J65: 45595 | K65: DAF 282 AEI 07 | L65: 89306846846/87760720220 | M65: Дикин Олег | Q65: 17600 | R65: + | S65: 164000 | T65: =S65*(F65/1000) -> 2886400
A66: Итого заказов на: | B66: =SUM(F5:F65)/1000 -> 700.091 | C66: т | T66: =SUM(T5:T65) -> 1.197872e+08
A67: Итого отгружено: | B67: =B68+B69+B70 -> 700.091 | C67: т | F67: образцы заказаны
A68: из них ЧП: | B68: =SUM(O5:O65)/1000 -> 319.501 | C68: т | F68: завел в отчет по отгрузкам
A69: из них ИНАЯ: | B69: =SUM(P5:P65)/1000 -> 122.16 | C69: т | F69: отправил ПК
A70: из них на жидкий: | B70: =SUM(Q5:Q65)/1000 -> 258.43 | C70: т | F70: Надо заполнить
A71: Осталось отгрузить | B71: =B66-B67 -> 0 | C71: т

Sheet сентябрь 2024
B1: ОТГРУЗКИ ПРОДУКЦИИ | C1: 45536
A2: заметки | B2: НОМЕР ЗАКАЗА | C2: КЛИЕНТ | D2: ПРОДУКТ | E2: ПАРТИЯ | F2: КОЛИЧЕСТВО | H2: ПУНКТ НАЗНАЧЕНИЯ | I2: СТАТУС | J2: ДАТА ОТГРУЗКИ | K2: АВТОДОСТАВКА | N2: ЖД ДОСТАВКА | O2: ИТОГО ОТГРУЖЕНО | R2: АКТЫ
F3: КГ | G3: мешков/бочек | K3: № АВТО | L3: ТЕЛ. ВОДИТЕЛЯ | M3: ВОДИТЕЛЬ | N3: № КОНТЕЙНЕРА | O3: ЧП | P3: ИНАЯ | Q3: Жидкий | S3: Цена со склада за 1 тонну | T3: Итого
A4: авто(ГК Урал) | B4: БС-75446(2-8) | C4: БурСервис | D4: BURFLC - бум 25,0 кг | E4: 260824 | F4: 750 | G4: 30 | H4: Красноярск | I4: отгружено | J4: 45537 | K4: Ситрак Р 309 ТТ 18 | L4: 89501664888 | M4: Тверитин Сергей | O4: 750 | R4: + | S4: 48500 | T4: =S4*(F4/1000) -> 36375
A5: авто(ГК Урал) | B5: БС-75446(2-8) | C5: БурСервис | D5: BURFLC - бум 25,0 кг | E5: 270824 | F5: 18250 | G5: 730 | H5: Красноярск | I5: отгружено | J5: 45537 | K5: Ситрак Р 309 ТТ 18 | L5: 89501664888 | M5: Тверитин Сергей | O5: 18250 | R5: + | S5: 48500 | T5: =S5*(F5/1000) -> 885125
A6: авто(ГК Урал) | B6: БС-75446(2-8) | C6: БурСервис | D6: BURFLC - бум 25,0 кг | E6: 310824 | F6: 1000 | G6: 40 | H6: Красноярск | I6: отгружено | J6: 45537 | K6: Ситрак Р 309 ТТ 18 89501664888 Тверитин Сергей | L6: 89501664888 | M6: Тверитин Сергей | O6: 1000 | R6: + | S6: 48500 | T6: =S6*(F6/1000) -> 48500
A7: авто(Арсэн) | B7: БС-75446(3-8) | C7: БурСервис | D7: BURFLC - бум 25,0 кг | E7: 290824 | F7: 20000 | G7: 800 | H7: Красноярск | I7: отгружено | J7: 45538 | K7: Камаз М 995 АС 550 | L7: 89532610749 | M7: Аксёнов Павел | O7: 20000 | R7: + | S7: 48500 | T7: =S7*(F7/1000) -> 970000
A8: авто(Арсэн) | B8: БС-75446(3-8) | C8: БурСервис | D8: BURFLC - бум 25,0 кг | E8: 310824 | F8: 1000 | G8: 40 | H8: Красноярск | I8: отгружено | J8: 45538 | K8: Камаз М 995 АС 550 | L8: 89532610749 | M8: Аксёнов Павел | O8: 1000 | R8: + | S8: 48500 | T8: =S8*(F8/1000) -> 48500
A9: авто(Рич Трак) | B9: БС-75446(4-8) | C9: БурСервис | D9: BURFLC - бум 25,0 кг | E9: 300824 | F9: 20000 | G9: 800 | H9: Красноярск | I9: отгружено | J9: 45538 | K9: SANY О 070 РК 29 | L9: 89116843391 | M9: Суровцев Сергей | O9: 20000 | R9: + | S9: 48500 | T9: =S9*(F9/1000) -> 970000
A10: авто(самовывоз) | B10: Счет №305 | C10: МОРСКИЕ ПЛАТФОРМЫ | D10: Оптитрол Ж - 200 кг мет | E10: 260824 | F10: 800 | G10: 4 | H10: Самовывоз | I10: отгружено | J10: 45538 | K10: Газ Некст О 455 СТ 29 | L10: 89116873984 | M10: Гуревич Александр | Q10: 800 | R10: + | S10: 80000 | T10: =S10*(F10/1000) -> 64000
A11: авто(самовывоз) | B11: Счет №305 | C11: МОРСКИЕ ПЛАТФОРМЫ | D11: BLACKTROL ж - 200 кг мет | E11: 260824 | F11: 800 | G11: 4 | H11: Самовывоз | I11: отгружено | J11: 45538 | K11: Газ Некст О 455 СТ 29 | L11: 89116873984 | M11: Гуревич Александр | Q11: 800 | R11: + | S11: 90000 | T11: =S11*(F11/1000) -> 72000
A12: авто(Бакин) | B12: БС-75446(5-8) | C12: БурСервис | D12: BURFLC - бум 25,0 кг | E12: 310824 | F12: 20000 | G12: 800 | H12: Красноярск | I12: отгружено | J12: 45539 | K12: Вольво О 856 УЕ 29 | L12: 89600155752 | M12: Вахтомин Иван | O12: 20000 | R12: + | S12: 48500 | T12: =S12*(F12/1000) -> 970000
A13: авто(ГК Урал) | B13: БС-75446(6-8) | C13: БурСервис | D13: BURFLC - бум 25,0 кг | E13: 020924 | F13: 20000 | G13: 800 | H13: Красноярск | I13: отгружено | J13: 45539 | K13: DAF Р 575 МС 45 | L13: 89080026590 | M13: Голосков Алексей | O13: 20000 | R13: + | S13: 48500 | T13: =S13*(F13/1000) -> 970000
A14: авто(Арсэн) | B14: Спец№144(6-6) | C14: Акрос | D14: Drilling Lube (СС РУО) - 200 кг п/эт | E14: 300824 | F14: 8400 | G14: 42 | H14: Мурманск | I14: отгружено | J14: 45539 | K14: MAN Р 461 СЕ 198 | L14: 89168805065 | M14: Балдуев Александр | Q14: 8400 | R14: + | S14: 369000 | T14: =S14*(F14/1000) -> 3099600
A15: авто(Арсэн) | B15: Спец№144(6-6) | C15: Акрос | D15: Drilling Lube (СС РУО) - 200 кг п/эт | E15: 310824 | F15: 9200 | G15: 46 | H15: Мурманск | I15: отгружено | J15: 45539 | K15: MAN Р 461 СЕ 198 | L15: 89168805065 | M15: Балдуев Александр | Q15: 9200 | R15: + | S15: 369000 | T15: =S15*(F15/1000) -> 3394800
A16: авто(Арсэн) | B16: БС-75446(7-8) | C16: БурСервис | D16: BURFLC - бум 25,0 кг | E16: 030924 | F16: 20000 | G16: 800 | H16: Красноярск | I16: отгружено | J16: 45540 | K16: Scania Н 099 АО 159 | L16: 89082542474 | M16: Вус Сергей | O16: 20000 | R16: + | S16: 48500 | T16: =S16*(F16/1000) -> 970000
A17: авто(Борисов) | B17: Спец№23 обмен | C17: Буринтех | D17: МАКС-ФЛЕКС - 200 кг п/эт | E17: 15082024 | F17: 20000 | G17: 100 | H17: Пурпе | I17: отгружено | J17: 45541 | K17: Mercedes О 515 ОУ 29 | L17: 89539399073 | M17: Борисов Дмитрий | Q17: 20000 | R17: +
A18: конт | B18: Спец№32 | C18: Буринтех | D18: СУЛЬФОБИТ - бум 25,0 кг | E18: 090824 | F18: 17500 | G18: 700 | H18: Пыть-Ях | I18: отгружено | J18: 45541 | N18: TKRU3300602 | O18: 17500 | R18: + | S18: 41000 | T18: =S18*(F18/1000) -> 717500
A19: конт | B19: Спец№32 | C19: Буринтех | D19: СУЛЬФОБИТ - бум 25,0 кг | E19: 080824 | F19: 17500 | G19: 700 | H19: Пыть-Ях | I19: отгружено | J19: 45541 | N19: TKRU3546535 | O19: 17500 | R19: + | S19: 41000 | T19: =S19*(F19/1000) -> 717500
A20: конт (самовывоз) | B20: БС-69083 (2/2) | C20: БурСервис | D20: BURFLC - бум 25,0 кг | E20: 180724 | F20: 17500 | G20: 700 | H20: Пурпе | I20: отгружено | J20: 45541 | N20: TKRU3546330 | O20: 17500 | R20: + | S20: 49500 | T20: =S20*(F20/1000) -> 866250
A21: конт (самовывоз) | B21: БС-71962 | C21: БурСервис | D21: BURFLC - бум 25,0 кг | E21: 210824 | F21: 17500 | G21: 700 | H21: Пурпе | I21: отгружено | J21: 45541 | N21: GQRU3478220 | O21: 17500 | R21: + | S21: 48500 | T21: =S21*(F21/1000) -> 848750
A22: авто(Бакин) | B22: БС-75446(8-8) | C22: БурСервис | D22: BURFLC - бум 25,0 кг | E22: 040924 | F22: 18000 | G22: 720 | H22: Красноярск | I22: отгружено | J22: 45541 | K22: Вольво С 931 ЕМ 51 | L22: 89212974613 | M22: Киреев Сергей | O22: 18000 | R22: + | S22: 48500 | T22: =S22*(F22/1000) -> 873000
A23: авто (самовывоз) | B23: БС- 69717 | C23: БурСервис | D23: RADIAGREEN RA - 175 кг мет | E23: OE20608R01 | F23: 2450 | G23: 14 | H23: Холмск | I23: отгружено | J23: 45541 | K23: ГАЗ М 577 CX 790 | L23: 89162274936 | M23: Аверин Александр | Q23: 2450 | R23: + | S23: 598000 | T23: =S23*(F23/1000) -> 1465100
A24: авто | B24: Спец№14(2-5) | C24: КазПетроДриллинг | D24: Оптитрол Ж - 200 кг п/эт | E24: 090424 | F24: 7200 | G24: 36 | H24: Жанаозен | I24: отгружено | J24: 45544 | K24: DAF Е 375 АМ 198 | L24: 89270908660/87779998937 | M24: Каражан Арман | Q24: 7200 | R24: + | S24: 69000 | T24: =S24*(F24/1000) -> 496800
A25: авто | B25: Спец№14(2-5) | C25: КазПетроДриллинг | D25: Оптитрол Ж - 200 кг п/эт | E25: 200824 | F25: 6400 | G25: 32 | H25: Жанаозен | I25: отгружено | J25: 45544 | K25: DAF Е 375 АМ 198 | L25: 89270908660/87779998937 | M25: Каражан Арман | Q25: 6400 | R25: + | S25: 69000 | T25: =S25*(F25/1000) -> 441600
A26: авто | B26: Спец№14(2-5) | C26: КазПетроДриллинг | D26: Оптитрол Ж - 200 кг п/эт | E26: 280824 | F26: 2800 | G26: 14 | H26: Жанаозен | I26: отгружено | J26: 45544 | K26: DAF Е 375 АМ 198 | L26: 89270908660/87779998937 | M26: Каражан Арман | Q26: 2800 | R26: + | S26: 69000 | T26: =S26*(F26/1000) -> 193200
A27: авто | B27: Спец№14(2-5) | C27: КазПетроДриллинг | D27: Оптитрол Ж - 200 кг п/эт | E27: 290824 | F27: 600 | G27: 3 | H27: Жанаозен | I27: отгружено | J27: 45544 | K27: DAF Е 375 АМ 198 | L27: 89270908660/87779998937 | M27: Каражан Арман | Q27: 600 | R27: + | S27: 69000 | T27: =S27*(F27/1000) -> 41400
A28: авто | B28: Спец№14(2-5) | C28: КазПетроДриллинг | D28: Оптитрол Ж - 200 кг п/эт | E28: 310824 | F28: 600 | G28: 3 | H28: Жанаозен | I28: отгружено | J28: 45544 | K28: DAF Е 375 АМ 198 | L28: 89270908660/8779998937 | M28: Каражан Арман | Q28: 600 | R28: + | S28: 69000 | T28: =S28*(F28/1000) -> 41400
A29: авто (Самовывоз) | B29: Счет №327 | C29: Алмазгеобур | D29: СУПЕРСЛАЙДЕР ГОЛД - 20 кг канистра | E29: 0056430824 | F29: 60 | G29: 3 | H29: Самовывоз | I29: отгружено | J29: 45544 | K29: Возовоз | L29: № наклад. 240745049 | Q29: 60 | R29: + | S29: 105250 | T29: =S29*(F29/1000) -> 6315
A30: авто(Агро) | B30: Спец№21 | C30: ЭКО ФЛУИДЗ | D30: Сульф асф - п/проп марк 25,0 кг | E30: 050424 | F30: 20000 | G30: 800 | H30: Самара | I30: отгружено | J30: 45544 | K30: FOTON К 157 АА 550 | L30: 89173626420 | M30: Гордеев Евгений | O30: 20000 | R30: + | S30: 40700 | T30: =S30*(F30/1000) -> 814000
A31: авто(Гандвик) | B31: спец№34 | C31: ИНКО-Сервис | D31: ЭКСТРАМУЛ-2000 - 200 кг п/эт | E31: 20240814 | F31: 17600 | G31: 88 | H31: Волгоград | I31: отгружено | J31: 45545 | K31: Вольво О 618 СМ 29 | L31: 89212414996 | M31: Бакин Александр | Q31: 17600 | R31: + | S31: 123000 | T31: =S31*(F31/1000) -> 2164800
A32: конт (самовывоз) | B32: БС-71813(1-2) | C32: БурСервис | D32: TORQ TRIM II PLUS (СС Голд) - 185 кг п/эт | E32: 090924 | F32: 7400 | G32: 40 | H32: Пурпе | I32: отгружено | J32: 45547 | N32: TKRU3220657 | Q32: 7400 | R32: + | S32: 125000 | T32: =S32*(F32/1000) -> 925000
A33: конт (самовывоз) | B33: БС-71813(1-2) | C33: БурСервис | D33: TORQ TRIM II PLUS (СС Голд) - 185 кг п/эт | E33: 100924 | F33: 7400 | G33: 40 | H33: Пурпе | I33: отгружено | J33: 45547 | N33: TKRU3220657 | Q33: 7400 | R33: + | S33: 125000 | T33: =S33*(F33/1000) -> 925000
A34: конт (самовывоз) | B34: БС-74413 | C34: БурСервис | D34: BURFLC - бум 25,0 кг | E34: 240824 | F34: 17500 | G34: 700 | H34: Пурпе | I34: отгружено | J34: 45547 | N34: TKRU3421944 | O34: 17500 | R34: + | S34: 48500 | T34: =S34*(F34/1000) -> 848750
A35: конт (самовывоз) | B35: БС-71922 (1-2) | C35: БурСервис | D35: BURFLC - бум 25,0 кг | E35: 060924 | F35: 17500 | G35: 700 | H35: Нягань | I35: отгружено | J35: 45548 | N35: TKRU3541488 | O35: 17500 | R35: + | S35: 48500 | T35: =S35*(F35/1000) -> 848750
A36: конт (самовывоз) | B36: БС-71922 (2-2) | C36: БурСервис | D36: BURFLC - бум 25,0 кг | E36: 070924 | F36: 17500 | G36: 700 | H36: Нягань | I36: отгружено | J36: 45548 | N36: TKRU3340760 | O36: 17500 | R36: + | S36: 48500 | T36: =S36*(F36/1000) -> 848750
A37: авто(Агро) | B37: Спец№22 | C37: ЭКО ФЛУИДЗ | D37: Сульф асф - п/проп марк 25,0 кг | E37: 050424 | F37: 17000 | G37: 680 | H37: Самара | I37: отгружено | J37: 45552 | K37: МАН К 741 АО 763 | L37: 89803786861 | M37: Рангаев Алексей | O37: 17000 | R37: + | S37: 40700 | T37: =S37*(F37/1000) -> 691900
A38: авто(Агро) | B38: Спец№22 | C38: ЭКО ФЛУИДЗ | D38: СУПЕРСЛАЙДЕР ГОЛД - 200 кг п/эт | E38: 290424 | F38: 2400 | G38: 12 | H38: Самара | I38: отгружено | J38: 45552 | K38: МАН К 741 АО 763 | L38: 89803786861 | M38: Рангаев Алексей | Q38: 2400 | R38: + | S38: 99800 | T38: =S38*(F38/1000) -> 239520
A39: авто(Агро) | B39: Спец№34 | C39: Химпром | D39: ТЕРРАПАН - бум 25,0 кг | E39: 160924 | F39: 20000 | G39: 800 | H39: Краснокамск | I39: отгружено | J39: 45553 | K39: Камаз О 970 УК 47 | L39: 89872508769 | M39: Захаров Виталий | P39: 20000 | R39: + | S39: 247000 | T39: =S39*(F39/1000) -> 4940000
A40: авто (Ариал) | B40: Спец№50К | C40: ОМАС | D40: Сульф асф - п/проп обезл 25,0 кг | E40: 04/2024 | F40: 20000 | G40: 800 | H40: Пыть-Ях | I40: отгружено | J40: 45554 | K40: МАН М 353 ОА 29 | L40: 89021980813 | M40: Талашев Николай | O40: 20000 | R40: + | S40: 40700 | T40: =S40*(F40/1000) -> 814000
A41: конт (самовывоз) | B41: БС-71813 | C41: БурСервис | D41: BURFLC - бум 25,0 кг | E41: 050924 | F41: 17500 | G41: 700 | H41: Пурпе | I41: отгружено | J41: 45554 | N41: TKRU3247004 | O41: 17500 | R41: + | S41: 48500 | T41: =S41*(F41/1000) -> 848750
A42: конт (самовывоз) | B42: БС-71813(2-2) | C42: БурСервис | D42: TORQ TRIM II PLUS (СС Голд) - 185 кг п/эт | E42: 110924 | F42: 7400 | G42: 40 | H42: Пурпе | I42: отгружено | J42: 45554 | N42: TKRU3208538 | Q42: 7400 | R42: + | S42: 125000 | T42: =S42*(F42/1000) -> 925000
A43: конт (самовывоз) | B43: БС-71813(2-2) | C43: БурСервис | D43: TORQ TRIM II PLUS (СС Голд) - 185 кг п/эт | E43: 120924 | F43: 7400 | G43: 40 | H43: Пурпе | I43: отгружено | J43: 45554 | N43: TKRU3208538 | Q43: 7400 | R43: + | S43: 125000 | T43: =S43*(F43/1000) -> 925000
A44: конт (самовывоз) | B44: БС-71813(1-2) | C44: БурСервис | D44: OPTIBUR (Оптитрол ж) - 200 п/эт | E44: 140824 | F44: 6400 | G44: 32 | H44: Пурпе | I44: отгружено | J44: 45555 | N44: TKRU3216960 | Q44: 6400 | R44: + | S44: 77400 | T44: =S44*(F44/1000) -> 495360
A45: конт (самовывоз) | B45: БС-71813(1-2) | C45: БурСервис | D45: OPTIBUR (Оптитрол ж) - 200 п/эт | E45: 090924 | F45: 7200 | G45: 36 | H45: Пурпе | I45: отгружено | J45: 45555 | N45: TKRU3216960 | Q45: 7200 | R45: + | S45: 77400 | T45: =S45*(F45/1000) -> 557280
A46: конт (самовывоз) | B46: БС-71813(1-2) | C46: БурСервис | D46: OPTIBUR (Оптитрол ж) - 200 п/эт | E46: 130924 | F46: 2400 | G46: 12 | H46: Пурпе | I46: отгружено | J46: 45555 | N46: TKRU3216960 | Q46: 2400 | R46: + | S46: 77400 | T46: =S46*(F46/1000) -> 185760
A47: конт (самовывоз) | B47: БС-71813(2-2) | C47: БурСервис | D47: OPTIBUR (Оптитрол ж) - 200 п/эт | E47: 130924 | F47: 4800 | G47: 24 | H47: Пурпе | I47: отгружено | J47: 45555 | N47: TKRU3395402 | Q47: 4800 | R47: + | S47: 77400 | T47: =S47*(F47/1000) -> 371520
A48: конт (самовывоз) | B48: БС-71813(2-2) | C48: БурСервис | D48: OPTIBUR (Оптитрол ж) - 200 п/эт | E48: 140924 | F48: 7800 | G48: 39 | H48: Пурпе | I48: отгружено | J48: 45555 | N48: TKRU3395402 | Q48: 7800 | R48: + | S48: 77400 | T48: =S48*(F48/1000) -> 603720
A49: конт (самовывоз) | B49: БС-71813(2-2) | C49: БурСервис | D49: OPTIBUR (Оптитрол ж) - 200 п/эт | E49: 150924 | F49: 3400 | G49: 17 | H49: Пурпе | I49: отгружено | J49: 45555 | N49: TKRU3395402 | Q49: 3400 | R49: + | S49: 77400 | T49: =S49*(F49/1000) -> 263160
A50: авто(Легион) | B50: Спец№48К | C50: ОМАС | D50: Сульф асф - п/проп марк 25,0 кг | E50: 110424 | F50: 20000 | G50: 800 | H50: Нижневартовск | I50: отгружено | J50: 45558 | K50: Скания О 265 ВО 159 | L50: 89960826975 | M50: Бекленев Александр | O50: 20000 | R50: + | S50: 40700 | T50: =S50*(F50/1000) -> 814000
A51: авто(Легион) | B51: Спец№51К | C51: ОМАС | D51: Сульф асф - п/проп обезл 25,0 кг | E51: 04/2024 | F51: 20000 | G51: 800 | H51: Пыть-Ях | I51: отгружено | J51: 45558 | K51: Скания М 503 СМ 159 | L51: 89197101726 | M51: Ракшин Андрей | O51: 20000 | R51: + | S51: 40700 | T51: =S51*(F51/1000) -> 814000
A52: авто | B52: Спец№52К | C52: ОМАС | D52: СУПЕРСЛАЙДЕР ГОЛД - 200 кг п/эт | E52: 180424 | F52: 17600 | G52: 88 | H52: Нижневартовск | I52: отгружено | J52: 45559 | K52: MERCEDES С 094 УХ 72 | L52: 89129953889 | M52: Новоселов Виктор | Q52: 17600 | R52: + | S52: 99800 | T52: =S52*(F52/1000) -> 1756480
A53: авто | B53: спец №49К | C53: ОМАС | D53: ТЕРРАПАН - бум 25,0 кг | E53: 020823 | F53: 20000 | G53: 800 | H53: Нижневартовск | I53: отгружено | J53: 45560 | K53: Рено Н 721 ХС 174 | L53: 89227248562 | M53: Власов Сергей | P53: 20000 | R53: + | S53: 250000 | T53: =S53*(F53/1000) -> 5000000
A54: авто() | B54: Спец№35 | C54: Химпром | D54: ТЕРРАПАН - бум 25,0 кг | E54: 160924 | F54: 20000 | G54: 800 | H54: Краснокамск | I54: отгружено | J54: 45561 | K54: Скания Р 984 АН 59 | L54: 89028023091 | M54: Савинов Денис | P54: 20000 | R54: + | S54: 250000 | T54: =S54*(F54/1000) -> 5000000
A55: Самовывоз | B55: Спец№31 | C55: Энергоресурс | D55: BLACKTROL ж - 200 кг п/эт | E55: 100424 | F55: 8000 | G55: 40 | H55: Самовывоз | I55: отгружено | J55: 45561 | K55: Вольво Х 854 УЕ 174 | L55: 89226314214 | M55: Коркин Сергей | Q55: 8000 | R55: + | S55: 89900 | T55: =S55*(F55/1000) -> 719200
A56: Самовывоз | B56: Спец№31 | C56: Энергоресурс | D56: BLACKTROL ж - 200 кг п/эт | E56: 110424 | F56: 8000 | G56: 40 | H56: Самовывоз | I56: отгружено | J56: 45561 | K56: Вольво Х 854 УЕ 174 | L56: 89226314214 | M56: Коркин Сергей | Q56: 8000 | R56: + | S56: 89900 | T56: =S56*(F56/1000) -> 719200
A57: Самовывоз | B57: Спец№31 | C57: Энергоресурс | D57: BLACKTROL ж - 200 кг п/эт | E57: 220624 | F57: 800 | G57: 4 | H57: Самовывоз | I57: отгружено | J57: 45561 | K57: Вольво Х 854 УЕ 174 | L57: 89226314214 | M57: Коркин Сергей | Q57: 800 | R57: + | S57: 89900 | T57: =S57*(F57/1000) -> 71920
A58: Самовывоз | B58: Спец№31 | C58: Энергоресурс | D58: СУПЕРСЛАЙДЕР РУО - 200 кг п/эт | E58: 260924 | F58: 800 | G58: 4 | H58: Самовывоз | I58: отгружено | J58: 45561 | K58: Вольво Х 854 УЕ 174 | L58: 89226314214 | M58: Коркин Сергей | Q58: 800 | R58: + | S58: 370000 | T58: =S58*(F58/1000) -> 296000
A59: Самовывоз | B59: Спец№14 | C59: СпецПетроСервис | D59: МАКС-ФЛЕКС - 200 кг мет | E59: 290924 | F59: 2400 | G59: 12 | H59: Самововоз | I59: отгружено | J59: 45565 | K59: Газ В141ТВ73 | L59: 79176302074 | M59: Позверов Евгений | Q59: 2400 | R59: + | S59: 196000 | T59: =S59*(F59/1000) -> 470400
A60: самовывоз | B60: БС- 67837 | C60: БурСервис | D60: RADIAGREEN RA - 950 кг еврокуб | E60: OE40513S01 | F60: 7600 | G60: 8 | H60: Холмск | I60: ИЛ отправлен | J60: 45565 | K60: FAW О 199 ОЕ 29 | L60: 79539376802 | M60: Кузьмин Николай | Q60: 7600 | R60: + | S60: 713900 | T60: =S60*(F60/1000) -> 5425640
A61: самовывоз | B61: БС- 67837 | C61: БурСервис | D61: RADIAGREEN RA - 950 кг еврокуб | E61: OE40513S02 | F61: 11400 | G61: 12 | H61: Холмск | I61: ИЛ отправлен | J61: 45565 | K61: FAW О 199 ОЕ 30 | L61: 79539376802 | M61: Кузьмин Николай | Q61: 11400 | R61: + | S61: 713900 | T61: =S61*(F61/1000) -> 8138460
A62: конт (самовывоз) | B62: БС- 76482 | C62: БурСервис | D62: BURFLC - бум 25,0 кг | E62: 190924 | F62: 17500 | G62: 700 | H62: Нягань | I62: отгружено | J62: 45565 | N62: TKRU3445756 | O62: 17500 | R62: + | S62: 48500 | T62: =S62*(F62/1000) -> 848750
A63: конт (самовывоз) | B63: БС- 75527 | C63: БурСервис | D63: BURFLC - бум 25,0 кг | E63: 080924 | F63: 17500 | G63: 700 | H63: Нягань | I63: отгружено | J63: 45565 | N63: TKRU3454402 | O63: 17500 | R63: + | S63: 48500 | T63: =S63*(F63/1000) -> 848750
A64: Итого заказов на: | B64: =SUM(F4:F63)/1000 -> 668.51 | C64: т | T64: =SUM(T4:T63) -> 69366535
A65: Итого отгружено: | B65: =B66+B67+B68 -> 668.51 | C65: т | F65: образцы заказаны
A66: из них ЧП: | B66: =SUM(O4:O63)/1000 -> 411 | C66: т | F66: завел в отчет по отгрузкам
A67: из них ИНАЯ: | B67: =SUM(P4:P63)/1000 -> 60 | C67: т | F67: отправил ПК
A68: из них на жидкий: | B68: =SUM(Q4:Q63)/1000 -> 197.51 | C68: т | F68: Надо заполнить
A69: Осталось отгрузить | B69: =B64-B65 -> 0 | C69: т

Sheet август 2024
B1: ОТГРУЗКИ ПРОДУКЦИИ | C1: 45505
A2: заметки | B2: НОМЕР ЗАКАЗА | C2: КЛИЕНТ | D2: ПРОДУКТ | E2: ПАРТИЯ | F2: КОЛИЧЕСТВО | H2: ПУНКТ НАЗНАЧЕНИЯ | I2: СТАТУС | J2: ДАТА ОТГРУЗКИ | K2: АВТОДОСТАВКА | N2: ЖД ДОСТАВКА | O2: ИТОГО ОТГРУЖЕНО | R2: АКТЫ
F3: КГ | G3: мешков/бочек | K3: № АВТО | L3: ТЕЛ. ВОДИТЕЛЯ | M3: ВОДИТЕЛЬ | N3: № КОНТЕЙНЕРА | O3: ЧП | P3: ИНАЯ | Q3: Жидкий | S3: Цена со склада за 1 тонну | T3: Итого
A4: вагон | B4: Спец№21 | C4: МКО | D4: Atren SL - бум 25,0 кг | E4: 240524 | F4: 32000 | G4: 1280 | H4: Нижневартовск | I4: отгружено | J4: 45506 | N4: 29002094 20 | O4: 32000 | R4: + | S4: 37200 | T4: =S4*(F4/1000) -> 1190400
A5: вагон | B5: Спец№21 | C5: МКО | D5: Atren SL - бум 25,0 кг | E5: 300524 | F5: 32000 | G5: 1280 | H5: Нижневартовск | I5: отгружено | J5: 45506 | N5: 29002094 20 | O5: 32000 | R5: + | S5: 37200 | T5: =S5*(F5/1000) -> 1190400
A6: авто (самовывоз) | B6: БС-69322 | C6: БурСервис | D6: BURFLC - бум 25,0 кг | E6: 200724 | F6: 17500 | G6: 700 | H6: Нягань | I6: отгружено | J6: 45506 | K6: МАН С 340 ХК 102 | L6: 89174866053 | M6: Петропавловский Олег | O6: 17500 | R6: + | S6: 49500 | T6: =S6*(F6/1000) -> 866250
A7: авто (самовывоз) | B7: БС-69322 | C7: БурСервис | D7: BURFLC - бум 25,0 кг | E7: 190724 | F7: 2500 | G7: 100 | H7: Нягань | I7: отгружено | J7: 45506 | K7: МАН С 340 ХК 103 | L7: 89174866053 | M7: Петропавловский Олег | O7: 2500 | R7: + | S7: 49500 | T7: =S7*(F7/1000) -> 123750
A8: конт (самовывоз) | B8: БС-68110 (14-18) | C8: БурСервис | D8: BURFLC - бум 25,0 кг | E8: 220724 | F8: 17500 | G8: 700 | H8: Пыть-Ях | I8: отгружено | J8: 45509 | N8: TKRU3194460 | O8: 17500 | R8: + | S8: 49500 | T8: =S8*(F8/1000) -> 866250
A9: конт (самовывоз) | B9: БС-68110 (15-18) | C9: БурСервис | D9: BURFLC - бум 25,0 кг | E9: 250724 | F9: 17500 | G9: 700 | H9: Пыть-Ях | I9: отгружено | J9: 45509 | N9: TKRU3418339 | O9: 17500 | R9: + | S9: 49500 | T9: =S9*(F9/1000) -> 866250
A10: конт (самовывоз) | B10: БС-68110 (16-18) | C10: БурСервис | D10: BURFLC - бум 25,0 кг | E10: 260724 | F10: 17500 | G10: 700 | H10: Пыть-Ях | I10: отгружено | J10: 45509 | N10: TKRU3320050 | O10: 17500 | R10: + | S10: 49500 | T10: =S10*(F10/1000) -> 866250
A11: конт (самовывоз) | B11: БС-68110 (17-18) | C11: БурСервис | D11: BURFLC - бум 25,0 кг | E11: 270724 | F11: 17500 | G11: 700 | H11: Пыть-Ях | I11: отгружено | J11: 45509 | N11: TKRU3220240 | O11: 17500 | R11: + | S11: 49500 | T11: =S11*(F11/1000) -> 866250
A12: авто(Ванюхин) | B12: Спец№13 | C12: КазПетроДриллинг | D12: Стабилайт II - п/проп марк 25,0 кг | E12: 070424 | F12: 20000 | G12: 800 | H12: Жанаозен | I12: отгружено | J12: 45509 | K12: DAF Р 783 ОР 790 | L12: 89963427701/87772313238 | M12: Шестопалов Александр | O12: 20000 | R12: + | S12: 45000 | T12: =S12*(F12/1000) -> 900000
A13: авто (Бакин) | B13: Спец№144(1-6) | C13: Акрос | D13: Drilling Lube (СС РУО) - 200 кг п/эт | E13: 290724 | F13: 8400 | G13: 42 | H13: Мурманск | I13: отгружено | J13: 45509 | K13: Вольво С 931 ЕМ 51 | L13: 89212974613 | M13: Киреев Сергей | Q13: 8400 | R13: + | S13: 369000 | T13: =S13*(F13/1000) -> 3099600
A14: авто (Бакин) | B14: Спец№144(1-6) | C14: Акрос | D14: Drilling Lube (СС РУО) - 200 кг п/эт | E14: 020824 | F14: 9200 | G14: 46 | H14: Мурманск | I14: отгружено | J14: 45509 | K14: Вольво С 931 ЕМ 52 | L14: 89212974613 | M14: Киреев Сергей | Q14: 9200 | R14: + | S14: 369000 | T14: =S14*(F14/1000) -> 3394800
A15: авто(Рич Трак) | B15: Спец№12 | C15: КазПетроДриллинг | D15: Оптитрол Ж - 200 кг п/эт | E15: 280524 | F15: 6800 | G15: 34 | H15: Жанаозен | I15: отгружено | J15: 45510 | K15: МАН 012 AAC 06 | L15: 87013440101 | M15: Маханов Манарбек | Q15: 6800 | R15: + | S15: 69000 | T15: =S15*(F15/1000) -> 469200
A16: авто(Рич Трак) | B16: Спец№12 | C16: КазПетроДриллинг | D16: Оптитрол Ж - 200 кг п/эт | E16: 290524 | F16: 6800 | G16: 34 | H16: Жанаозен | I16: отгружено | J16: 45510 | K16: МАН 012 AAC 06 | L16: 87013440101 | M16: Маханов Манарбек | Q16: 6800 | R16: + | S16: 69000 | T16: =S16*(F16/1000) -> 469200
A17: авто(Рич Трак) | B17: Спец№12 | C17: КазПетроДриллинг | D17: Оптитрол Ж - 200 кг п/эт | E17: 300524 | F17: 4000 | G17: 20 | H17: Жанаозен | I17: отгружено | J17: 45510 | K17: МАН 012 AAC 06 | L17: 87013440101 | M17: Маханов Манарбек | Q17: 4000 | R17: + | S17: 69000 | T17: =S17*(F17/1000) -> 276000
A18: авто(Рич Трак) | B18: Спец№1 | C18: ОМАС | D18: КЛА-ФРИ - 200 кг п/эт | E18: 05/2024 | F18: 12800 | G18: 64 | H18: Кызылорда | I18: отгружено | J18: 45510 | K18: Mersedes 723 AAH 06 | L18: 89966200600 | M18: Аманкосулы Ербол | Q18: 12800 | R18: + | S18: 145000 | T18: =S18*(F18/1000) -> 1856000
A19: авто(Рич Трак) | B19: Спец№1 | C19: ОМАС | D19: Сульф асф - п/проп обезл 25,0 кг | E19: 04/2024 | F19: 6000 | G19: 240 | H19: Кызылорда | I19: отгружено | J19: 45510 | K19: Mersedes 723 AAH 06 | L19: 89966200600 | M19: Аманкосулы Ербол | O19: 6000 | R19: + | S19: 40700 | T19: =S19*(F19/1000) -> 244200
A20: конт (самовывоз) | B20: БС- 62175 | C20: БурСервис | D20: RADIAGREEN RA - 175 кг мет | E20: OE20608R01 | F20: 6300 | G20: 36 | H20: Холмск | I20: отгружено | J20: 45510 | K20: Мерседес В 525 ТО 716 | L20: 89600390497 | M20: Сиделёв Игорь | Q20: 6300 | R20: + | S20: 713900 | T20: =S20*(F20/1000) -> 4497570
A21: конт (самовывоз) | B21: БС- 62175 | C21: БурСервис | D21: RADIAGREEN RA - 175 кг мет | E21: OE20608R01 | F21: 7700 | G21: 44 | H21: Холмск | I21: отгружено | J21: 45510 | K21: Мерседес В 525 ТО 716 | L21: 89600390497 | M21: Сиделёв Игорь | Q21: 7700 | R21: + | S21: 713900 | T21: =S21*(F21/1000) -> 5497030
A22: авто(Агро) | B22: Спец№144(2-6) | C22: Акрос | D22: Drilling Lube (СС РУО) - 200 кг п/эт | E22: 050824 | F22: 8400 | G22: 42 | H22: Мурманск | I22: отгружено | J22: 45511 | K22: Ситрак Р 850 АУ 159 | L22: 89120590604 | M22: Петров Вячеслав | Q22: 8400 | R22: + | S22: 369000 | T22: =S22*(F22/1000) -> 3099600
A23: авто(Агро) | B23: Спец№144(2-6) | C23: Акрос | D23: Drilling Lube (СС РУО) - 200 кг п/эт | E23: 050824/1 | F23: 8600 | G23: 43 | H23: Мурманск | I23: отгружено | J23: 45511 | K23: Ситрак Р 850 АУ 159 | L23: 89120590604 | M23: Петров Вячеслав | Q23: 8600 | R23: + | S23: 369000 | T23: =S23*(F23/1000) -> 3173400
A24: авто(Агро) | B24: Спец№144(2-6) | C24: Акрос | D24: Drilling Lube (СС РУО) - 200 кг п/эт | E24: 060824 | F24: 600 | G24: 3 | H24: Мурманск | I24: отгружено | J24: 45511 | K24: Ситрак Р 850 АУ 159 | L24: 89120590604 | M24: Петров Вячеслав | Q24: 600 | R24: + | S24: 369000 | T24: =S24*(F24/1000) -> 221400
A25: авто(Гандвик) | B25: Спец№11 | C25: СБМ | D25: СБМОЙЛРЕО В (Реомод ж) - 180 кг п/эт | E25: 260724 | F25: 7920 | G25: 44 | H25: Пыть-Ях | I25: отгружено | J25: 45511 | K25: VOLVO М 773 ОВ 29 | L25: 89116853272 | M25: Гужихин Сергей | Q25: 7920 | R25: + | S25: 359000 | T25: =S25*(F25/1000) -> 2843280
A26: авто(Гандвик) | B26: Спец№11 | C26: СБМ | D26: СБМОЙЛРЕО В (Реомод ж) - 180 кг п/эт | E26: 310724 | F26: 7920 | G26: 44 | H26: Пыть-Ях | I26: отгружено | J26: 45511 | K26: VOLVO М 773 ОВ 29 | L26: 89116853272 | M26: Гужихин Сергей | Q26: 7920 | R26: + | S26: 359000 | T26: =S26*(F26/1000) -> 2843280
A27: конт (самовывоз) | B27: БС-69649(1-5) | C27: БурСервис | D27: OPTIBUR (Оптитрол ж) - 200 п/эт | E27: 160724/1 | F27: 7000 | G27: 35 | H27: Пурпе | I27: отгружено | J27: 45512 | N27: TKRU3243328 | Q27: 7000 | R27: + | S27: 79000 | T27: =S27*(F27/1000) -> 553000
A28: конт (самовывоз) | B28: БС-69649(1-5) | C28: БурСервис | D28: OPTIBUR (Оптитрол ж) - 200 п/эт | E28: 160724 | F28: 200 | G28: 1 | H28: Пурпе | I28: отгружено | J28: 45512 | N28: TKRU3243328 | Q28: 200 | R28: + | S28: 79000 | T28: =S28*(F28/1000) -> 15800
A29: конт (самовывоз) | B29: БС-69649(1-5) | C29: БурСервис | D29: OPTIBUR (Оптитрол ж) - 200 п/эт | E29: 170724 | F29: 6800 | G29: 34 | H29: Пурпе | I29: отгружено | J29: 45512 | N29: TKRU3243328 | Q29: 6800 | R29: + | S29: 79000 | T29: =S29*(F29/1000) -> 537200
A30: конт (самовывоз) | B30: БС-69649(1-5) | C30: БурСервис | D30: OPTIBUR (Оптитрол ж) - 200 п/эт | E30: 180724 | F30: 2000 | G30: 10 | H30: Пурпе | I30: отгружено | J30: 45512 | N30: TKRU3243328 | Q30: 2000 | R30: + | S30: 79000 | T30: =S30*(F30/1000) -> 158000
A31: конт (самовывоз) | B31: БС-69649(2-5) | C31: БурСервис | D31: OPTIBUR (Оптитрол ж) - 200 п/эт | E31: 180724 | F31: 4800 | G31: 24 | H31: Пурпе | I31: отгружено | J31: 45512 | N31: GQRU3253922 | Q31: 4800 | R31: + | S31: 79000 | T31: =S31*(F31/1000) -> 379200
A32: конт (самовывоз) | B32: БС-69649(2-5) | C32: БурСервис | D32: OPTIBUR (Оптитрол ж) - 200 п/эт | E32: 240724 | F32: 7200 | G32: 36 | H32: Пурпе | I32: отгружено | J32: 45512 | N32: GQRU3253922 | Q32: 7200 | R32: + | S32: 79000 | T32: =S32*(F32/1000) -> 568800
A33: конт (самовывоз) | B33: БС-69649(2-5) | C33: БурСервис | D33: OPTIBUR (Оптитрол ж) - 200 п/эт | E33: 250724 | F33: 4000 | G33: 20 | H33: Пурпе | I33: отгружено | J33: 45512 | N33: GQRU3253922 | Q33: 4000 | R33: + | S33: 79000 | T33: =S33*(F33/1000) -> 316000
A34: авто(самовывоз) | B34: Спец№3 | C34: Алмазгеобур | D34: СУПЕРСЛАЙДЕР ГОЛД - 25 кг канистра | E34: 0046430624 | F34: 11400 | G34: 456 | H34: Самовывоз | I34: отгружено | J34: 45512 | K34: Скания Х 461 ОН 76 | L34: 89051342997 | M34: Львов Андрей Львович | Q34: 11400 | R34: + | S34: 105250 | T34: =S34*(F34/1000) -> 1199850
A35: авто(самовывоз) | B35: Счет№266 и №272 | C35: Алмазгеобур | D35: СУПЕРСЛАЙДЕР ГОЛД - 25 кг канистра | E35: 0046430624 | F35: 1400 | G35: 56 | H35: Самовывоз | I35: отгружено | J35: 45512 | K35: Скания Х 461 ОН 76 | L35: 89051342997 | M35: Львов Андрей Львович | Q35: 1400 | R35: + | S35: 105250 | T35: =S35*(F35/1000) -> 147350
A36: авто(самовывоз) | C36: Алмазгеобур | D36: СУПЕРСЛАЙДЕР ГОЛД - 25 кг канистра | E36: ЗАМЕНА БРАКА | F36: 25 | G36: 1 | H36: Самовывоз | I36: отгружено | J36: 45512 | K36: Скания Х 461 ОН 76 | L36: 89051342997 | M36: Львов Андрей Львович | Q36: 25 | R36: + | T36: =S36*(F36/1000) -> 0
A37: авто(Агро) | B37: Спец№144(3-6) | C37: Акрос | D37: Drilling Lube (СС РУО) - 200 кг п/эт | E37: 060824 | F37: 8000 | G37: 40 | H37: Мурманск | I37: отгружено | J37: 45513 | K37: Камаз О 421 СР 777 | L37: 89815019839 | M37: Сизов Александр | Q37: 8000 | R37: + | S37: 369000 | T37: =S37*(F37/1000) -> 2952000
A38: авто(Агро) | B38: Спец№144(3-6) | C38: Акрос | D38: Drilling Lube (СС РУО) - 200 кг п/эт | E38: 070824 | F38: 9600 | G38: 48 | H38: Мурманск | I38: отгружено | J38: 45513 | K38: Камаз О 421 СР 777 | L38: 89815019839 | M38: Сизов Александр | Q38: 9600 | R38: + | S38: 369000 | T38: =S38*(F38/1000) -> 3542400
A39: авто(Гандвик) | B39: Спец№20 | C39: ЭКО ФЛУИДЗ | D39: Сульф асф - п/проп марк 25,0 кг | E39: 050424 | F39: 20000 | G39: 800 | H39: Самара | I39: отгружено | J39: 45513 | K39: DAF О 922 КМ 29 | L39: 89116853202 | M39: Журавлёв Николай | O39: 20000 | R39: + | S39: 40700 | T39: =S39*(F39/1000) -> 814000
A40: кнт (самовывоз) | B40: БС-69695 (1-2) | C40: БурСервис | D40: BURFLC - бум 25,0 кг | E40: 050824 | F40: 17500 | G40: 700 | H40: Нягань | I40: отгружено | J40: 45513 | N40: TKRU3352041 | O40: 17500 | R40: + | S40: 49500 | T40: =S40*(F40/1000) -> 866250
A41: кнт (самовывоз) | B41: БС-69695 (2-2) | C41: БурСервис | D41: BURFLC - бум 25,0 кг | E41: 060824 | F41: 17500 | G41: 700 | H41: Нягань | I41: отгружено | J41: 45513 | N41: TKRU3370739 | O41: 17500 | R41: + | S41: 49500 | T41: =S41*(F41/1000) -> 866250
A42: кнт (самовывоз) | B42: БС-70706 | C42: БурСервис | D42: BaraFLC(0) - бум 22,68 кг | E42: 310724 | F42: 15876 | G42: 700 | H42: Усинск | I42: отгружено | J42: 45513 | N42: TKRU3550129 | O42: 15876 | R42: + | S42: 49500 | T42: =S42*(F42/1000) -> 785862
A43: конт (самовывоз) | B43: БС-71220(1-2) | C43: БурСервис | D43: BURFLC - бум 25,0 кг | E43: 010824 | F43: 17500 | G43: 700 | H43: Пурпе | I43: отгружено | J43: 45516 | N43: TKRU3513444 | O43: 17500 | R43: + | S43: 49500 | T43: =S43*(F43/1000) -> 866250
A44: конт (самовывоз) | B44: БС-71220(2-2) | C44: БурСервис | D44: BURFLC - бум 25,0 кг | E44: 020824 | F44: 17500 | G44: 700 | H44: Пурпе | I44: отгружено | J44: 45516 | N44: TKRU3543937 | O44: 17500 | R44: + | S44: 49500 | T44: =S44*(F44/1000) -> 866250
A45: конт (самовывоз) | B45: БС-69649(3-5) | C45: БурСервис | D45: OPTIBUR (Оптитрол ж) - 200 п/эт | E45: 250724 | F45: 2800 | G45: 14 | H45: Пурпе | I45: отгружено | J45: 45516 | N45: TKRU3384239 | Q45: 2800 | R45: + | S45: 79000 | T45: =S45*(F45/1000) -> 221200
A46: конт (самовывоз) | B46: БС-69649(3-5) | C46: БурСервис | D46: OPTIBUR (Оптитрол ж) - 200 п/эт | E46: 250724/1 | F46: 7200 | G46: 36 | H46: Пурпе | I46: отгружено | J46: 45516 | N46: TKRU3384239 | Q46: 7200 | R46: + | S46: 79000 | T46: =S46*(F46/1000) -> 568800
A47: конт (самовывоз) | B47: БС-69649(3-5) | C47: БурСервис | D47: OPTIBUR (Оптитрол ж) - 200 п/эт | E47: 240724 | F47: 400 | G47: 2 | H47: Пурпе | I47: отгружено | J47: 45516 | N47: TKRU3384239 | Q47: 400 | R47: + | S47: 79000 | T47: =S47*(F47/1000) -> 31600
A48: конт (самовывоз) | B48: БС-69649(3-5) | C48: БурСервис | D48: OPTIBUR (Оптитрол ж) - 200 п/эт | E48: 260724 | F48: 5600 | G48: 28 | H48: Пурпе | I48: отгружено | J48: 45516 | N48: TKRU3384239 | Q48: 5600 | R48: + | S48: 79000 | T48: =S48*(F48/1000) -> 442400
A49: конт (самовывоз) | B49: БС-68110 (18-18) | C49: БурСервис | D49: BURFLC - бум 25,0 кг | E49: 290724 | F49: 17500 | G49: 700 | H49: Пыть-Ях | I49: отгружено | J49: 45518 | N49: TKRU3556195 | O49: 17500 | R49: + | S49: 49500 | T49: =S49*(F49/1000) -> 866250
A50: кнт (самовывоз) | B50: БС-71068 | C50: БурСервис | D50: BURFLC - бум 25,0 кг | E50: 310724 | F50: 17500 | G50: 700 | H50: Нягань | I50: отгружено | J50: 45518 | N50: TKRU3401260 | O50: 17500 | R50: + | S50: 49500 | T50: =S50*(F50/1000) -> 866250
A51: авто(Бакин) | B51: спец №45К | C51: ОМАС | D51: ТЕРРАПАН - бум 25,0 кг | E51: 06/2024 | F51: 6000 | G51: 240 | H51: Пыть-Ях | I51: отгружено | J51: 45520 | K51: Вольво О 856 УЕ 29 | L51: 899600155752 | M51: Вахтомин Иван | P51: 6000 | R51: + | S51: 246500 | T51: =S51*(F51/1000) -> 1479000
A52: конт (самовывоз) | B52: БС-69649(4-5) | C52: БурСервис | D52: OPTIBUR (Оптитрол ж) - 200 п/эт | E52: 260724 | F52: 1600 | G52: 8 | H52: Пурпе | I52: отгружено | J52: 45524 | N52: TKRU3524773 | Q52: 1600 | R52: + | S52: 79000 | T52: =S52*(F52/1000) -> 126400
A53: конт (самовывоз) | B53: БС-69649(4-5) | C53: БурСервис | D53: OPTIBUR (Оптитрол ж) - 200 п/эт | E53: 310724 | F53: 3200 | G53: 16 | H53: Пурпе | I53: отгружено | J53: 45524 | N53: TKRU3524773 | Q53: 3200 | R53: + | S53: 79000 | T53: =S53*(F53/1000) -> 252800
A54: конт (самовывоз) | B54: БС-69649(4-5) | C54: БурСервис | D54: OPTIBUR (Оптитрол ж) - 200 п/эт | E54: 010824 | F54: 7200 | G54: 36 | H54: Пурпе | I54: отгружено | J54: 45524 | N54: TKRU3524773 | Q54: 7200 | R54: + | S54: 79000 | T54: =S54*(F54/1000) -> 568800
A55: конт (самовывоз) | B55: БС-69649(4-5) | C55: БурСервис | D55: OPTIBUR (Оптитрол ж) - 200 п/эт | E55: 010824/1 | F55: 4000 | G55: 20 | H55: Пурпе | I55: отгружено | J55: 45524 | N55: TKRU3524773 | Q55: 4000 | R55: + | S55: 79000 | T55: =S55*(F55/1000) -> 316000
A56: конт (самовывоз) | B56: БС-69649(5-5) | C56: БурСервис | D56: OPTIBUR (Оптитрол ж) - 200 п/эт | E56: 010824/1 | F56: 2600 | G56: 13 | H56: Пурпе | I56: отгружено | J56: 45524 | N56: TKRU3305841 | Q56: 2600 | R56: + | S56: 79000 | T56: =S56*(F56/1000) -> 205400
A57: конт (самовывоз) | B57: БС-69649(5-5) | C57: БурСервис | D57: OPTIBUR (Оптитрол ж) - 200 п/эт | E57: 070824 | F57: 6000 | G57: 30 | H57: Пурпе | I57: отгружено | J57: 45524 | N57: TKRU3305841 | Q57: 6000 | R57: + | S57: 79000 | T57: =S57*(F57/1000) -> 474000
A58: конт (самовывоз) | B58: БС-69649(5-5) | C58: БурСервис | D58: OPTIBUR (Оптитрол ж) - 200 п/эт | E58: 130824 | F58: 7000 | G58: 35 | H58: Пурпе | I58: отгружено | J58: 45524 | N58: TKRU3305841 | Q58: 7000 | R58: + | S58: 79000 | T58: =S58*(F58/1000) -> 553000
A59: конт (самовывоз) | B59: БС-69649(5-5) | C59: БурСервис | D59: OPTIBUR (Оптитрол ж) - 200 п/эт | E59: 140824 | F59: 400 | G59: 2 | H59: Пурпе | I59: отгружено | J59: 45524 | N59: TKRU3305841 | Q59: 400 | R59: + | S59: 79000 | T59: =S59*(F59/1000) -> 31600
A60: авто(самовывоз) | B60: Спец№12 | C60: СБМ | D60: СБМОЙЛРЕО В (Реомод ж) - 180 кг п/эт | E60: 130824 | F60: 9360 | G60: 52 | H60: Самовывоз | I60: отгружено | J60: 45524 | K60: Даф М 670 СЕ 67 | L60: 89101181420 | M60: Прокопович Александр | Q60: 9360 | R60: + | S60: 359000 | T60: =S60*(F60/1000) -> 3360240
A61: авто(Агро) | B61: БС-72452 | C61: БурСервис | D61: TORQ TRIM II PLUS (СС Голд) - 185 кг п/эт | E61: 070824 | F61: 7400 | G61: 40 | H61: Красноярск | I61: отгружено | J61: 45524 | K61: Камаз С 941 КЕ 198 | L61: 89932204236 | M61: Шапошниченко Виктор | Q61: 7400 | R61: + | S61: 125000 | T61: =S61*(F61/1000) -> 925000
A62: авто(Агро) | B62: БС-72452 | C62: БурСервис | D62: TORQ TRIM II PLUS (СС Голд) - 185 кг п/эт | E62: 080824 | F62: 7400 | G62: 40 | H62: Красноярск | I62: отгружено | J62: 45524 | K62: Камаз С 941 КЕ 198 | L62: 89932204236 | M62: Шапошниченко Виктор | Q62: 7400 | R62: + | S62: 125000 | T62: =S62*(F62/1000) -> 925000
A63: авто(Бакин) | B63: Спец№144(4-6) | C63: Акрос | D63: Drilling Lube (СС РУО) - 200 кг п/эт | E63: 120824 | F63: 8800 | G63: 44 | H63: Мурманск | I63: отгружено | J63: 45524 | K63: Вольво О 360 НО 29 | L63: 89539337789 | M63: Кутейников Сергей | Q63: 8800 | R63: + | S63: 369000 | T63: =S63*(F63/1000) -> 3247200
A64: авто(Бакин) | B64: Спец№144(4-6) | C64: Акрос | D64: Drilling Lube (СС РУО) - 200 кг п/эт | E64: 120824/1 | F64: 8400 | G64: 42 | H64: Мурманск | I64: отгружено | J64: 45524 | K64: Вольво О 360 НО 29 | L64: 89539337789 | M64: Кутейников Сергей | Q64: 8400 | R64: + | S64: 369000 | T64: =S64*(F64/1000) -> 3099600
A65: авто(Бакин) | B65: Спец№144(4-6) | C65: Акрос | D65: Drilling Lube (СС РУО) - 200 кг п/эт | E65: 190824/1 | F65: 400 | G65: 2 | H65: Мурманск | I65: отгружено | J65: 45524 | K65: Вольво О 360 НО 29 | L65: 89539337789 | M65: Кутейников Сергей | Q65: 400 | R65: + | S65: 369000 | T65: =S65*(F65/1000) -> 147600
A66: авто(Бакин) | B66: Спец№144(5-6) | C66: Акрос | D66: Drilling Lube (СС РУО) - 200 кг п/эт | E66: 190824 | F66: 8800 | G66: 44 | H66: Мурманск | I66: отгружено | J66: 45525 | K66: Вольво О 618 СМ 29 | L66: 89212414996 | M66: Бакин Александр | Q66: 8800 | R66: + | S66: 369000 | T66: =S66*(F66/1000) -> 3247200
A67: авто(Бакин) | B67: Спец№144(5-6) | C67: Акрос | D67: Drilling Lube (СС РУО) - 200 кг п/эт | E67: 190824/1 | F67: 8800 | G67: 44 | H67: Мурманск | I67: отгружено | J67: 45525 | K67: Вольво О 618 СМ 29 | L67: 89212414996 | M67: Бакин Александр | Q67: 8800 | R67: + | S67: 369000 | T67: =S67*(F67/1000) -> 3247200
A68: авто(Агро) | B68: БС-72452 | C68: БурСервис | D68: TORQ TRIM II PLUS (СС Голд) - 185 кг п/эт | E68: 090824 | F68: 7770 | G68: 42 | H68: Красноярск | I68: отгружено | J68: 45525 | K68: Камаз С 759 РМ 198 | L68: 89992243836 | M68: Кузнецов Дмитрий | Q68: 7770 | R68: + | S68: 125000 | T68: =S68*(F68/1000) -> 971250
A69: авто(Агро) | B69: БС-72452 | C69: БурСервис | D69: TORQ TRIM II PLUS (СС Голд) - 185 кг п/эт | E69: 100824 | F69: 6660 | G69: 36 | H69: Красноярск | I69: отгружено | J69: 45525 | K69: Камаз С 759 РМ 198 | L69: 89992243836 | M69: Кузнецов Дмитрий | Q69: 6660 | R69: + | S69: 125000 | T69: =S69*(F69/1000) -> 832500
A70: авто(Агро) | B70: БС-72452 | C70: БурСервис | D70: TORQ TRIM II PLUS (СС Голд) - 185 кг п/эт | E70: 080824 | F70: 370 | G70: 2 | H70: Красноярск | I70: отгружено | J70: 45525 | K70: Камаз С 759 РМ 198 | L70: 89992243836 | M70: Кузнецов Дмитрий | Q70: 370 | R70: + | S70: 125000 | T70: =S70*(F70/1000) -> 46250
A71: авто(Агро) | B71: спец №46К | C71: ОМАС | D71: Сульф асф - п/проп обезл 25,0 кг | E71: 04/2024 | F71: 20000 | G71: 800 | H71: Бузулук | I71: отгружено | J71: 45525 | K71: Вольво А 026 ВС 252 | L71: 89056694308 | M71: Коробков Александр | O71: 20000 | R71: + | S71: 40700 | T71: =S71*(F71/1000) -> 814000
A72: авто(гандвик) | B72: спец №47К | C72: ОМАС | D72: Сульф асф - п/проп марк 25,0 кг | E72: 110424 | F72: 10000 | G72: 400 | H72: Нижневартовск | I72: отгружено | J72: 45526 | K72: МАН М 353 ОА 29 | L72: 89626644951 | M72: Исаев Юрий | O72: 10000 | R72: + | S72: 40700 | T72: =S72*(F72/1000) -> 407000
A73: авто(гандвик) | B73: спец №47К | C73: ОМАС | D73: ТЕРРАПАН - бум 25,0 кг | E73: 020823 | F73: 10000 | G73: 400 | H73: Нижневартовск | I73: отгружено | J73: 45526 | K73: МАН М 353 ОА 29 | L73: 89626644951 | M73: Исаев Юрий | P73: 10000 | R73: + | S73: 246500 | T73: =S73*(F73/1000) -> 2465000
A74: авто(гандвик) | B74: спец №46К | C74: ОМАС | D74: Сульф асф - п/проп обезл 25,0 кг | E74: 04/2024 | F74: 20000 | G74: 800 | H74: Бузулук | I74: отгружено | J74: 45526 | K74: VOLVO М 773 ОВ 29 | L74: 89116853272 | M74: Гужихин Сергей | O74: 20000 | R74: + | S74: 40700 | T74: =S74*(F74/1000) -> 814000
A75: авто(Агро) | B75: спец№33 | C75: ИНКО-Сервис | D75: Сульф асф - бум 25,0 кг | E75: 20240819 | F75: 20000 | G75: 800 | H75: Самарская обл | I75: отгружено | J75: 45526 | K75: Камаз К 878 ВК 126 | L75: 89614501205 | M75: Хижников Николай | O75: 20000 | R75: + | S75: 39000 | T75: =S75*(F75/1000) -> 780000
A76: авто (Агро) | B76: спец№32 | C76: ИНКО-Сервис | D76: Сульф асф - бум 25,0 кг | E76: 20240819 | F76: 20000 | G76: 800 | H76: Волгоград | I76: отгружено | J76: 45527 | K76: DAF О 844 ОР 750 | L76: 89916106649 | M76: Потапов Виктор | O76: 20000 | R76: + | S76: 39000 | T76: =S76*(F76/1000) -> 780000
A77: авто(Гандвик) | B77: Спец№22542 | C77: Петроинжиниринг | D77: EWO MUL2 - 200 кг п/эт | E77: 090824 | F77: 17600 | G77: 88 | H77: Демьянка | I77: отгружено | J77: 45530 | K77: VOLVO Т 954 ВВ 790 | L77: 89206278126 | M77: Болтушкин Александр | Q77: 17600 | R77: + | S77: 175000 | T77: =S77*(F77/1000) -> 3080000
A78: вагон | B78: Спец№22 | C78: МКО | D78: Atren SL - бум 25,0 кг | E78: 050824 | F78: 64000 | G78: 2560 | H78: Нижневартовск | I78: отгружено | J78: 45530 | M78: ЭВ767457 | N78: Вагон 29479292 | O78: 64000 | R78: + | S78: 37200 | T78: =S78*(F78/1000) -> 2380800
A79: авто(самовывоз) | B79: Спец№11 | C79: СпецПетроСервис | D79: МАКС-ФЛЕКС - 200 кг мет | E79: 140824 | F79: 3200 | G79: 16 | H79: Самовывоз | I79: отгружено | J79: 45533 | K79: JAK М 798 РХ 763 | L79: 89397070368 | M79: Селямин Александр | Q79: 3200 | R79: + | S79: 196000 | T79: =S79*(F79/1000) -> 627200
A80: авто(самовывоз) | B80: Спец№12 | C80: СпецПетроСервис | D80: МАКС-ФЛЕКС - 200 кг мет | E80: 230824 | F80: 5600 | G80: 28 | H80: Самовывоз | I80: отгружено | J80: 45533 | K80: JAK М 798 РХ 763 | L80: 89397070368 | M80: Селямин Александр | Q80: 5600 | R80: + | S80: 196000 | T80: =S80*(F80/1000) -> 1097600
A81: авто(самовывоз) | B81: Спец№13 | C81: СпецПетроСервис | D81: МАКС-ФЛЕКС - 200 кг мет | E81: 230824 | F81: 2400 | G81: 12 | H81: Самовывоз | I81: отгружено | J81: 45533 | K81: JAK М 798 РХ 763 | L81: 89397070368 | M81: Селямин Александр | Q81: 2400 | R81: + | S81: 196000 | T81: =S81*(F81/1000) -> 470400
A82: авто (Агро) | B82: спец№30 | C82: ИНКО-Сервис | D82: ЭКСТРАМУЛ-2000 - 200 кг п/эт | E82: 20240814 | F82: 8800 | G82: 44 | H82: Волгоград | I82: отгружено | J82: 45531 | K82: Фредлайнер № В 732 РК 13 | L82: 89276432667 | M82: Рагузин Эльдар | Q82: 8800 | R82: + | S82: 123000 | T82: =S82*(F82/1000) -> 1082400
A83: авто (Агро) | B83: спец№30 | C83: ИНКО-Сервис | D83: РЕОМОД п - бум 18,0 кг | E83: 20240820 | F83: 5040 | G83: 280 | H83: Волгоград | I83: отгружено | J83: 45531 | K83: Фредлайнер № В 732 РК 13 | L83: 89276432667 | M83: Рагузин Эльдар | P83: 5040 | R83: + | S83: 210000 | T83: =S83*(F83/1000) -> 1058400
A84: авто (Агро) | B84: спец№30 | C84: ИНКО-Сервис | D84: ВЕЛЛТРИТ - 200 кг п/эт | E84: 20240815 | F84: 3200 | G84: 16 | H84: Волгоград | I84: отгружено | J84: 45531 | K84: Фредлайнер № В 732 РК 13 | L84: 89276432667 | M84: Рагузин Эльдар | Q84: 3200 | R84: + | S84: 165000 | T84: =S84*(F84/1000) -> 528000
A85: авто(Гандвик) | B85: спец№31 | C85: ИНКО-Сервис | D85: ЭКСТРАМУЛ-2000 - 200 кг п/эт | E85: 20240814 | F85: 10400 | G85: 52 | H85: Волгоград | I85: отгружено | J85: 45531 | K85: DAF М 910 РУ 29 | L85: 89116853405 | M85: Вишняков Денис | Q85: 10400 | R85: + | S85: 123000 | T85: =S85*(F85/1000) -> 1279200
A86: авто(Гандвик) | B86: спец№31 | C86: ИНКО-Сервис | D86: BLACKTROL ж - 200 кг п/эт | E86: 20240816 | F86: 4800 | G86: 24 | H86: Волгоград | I86: отгружено | J86: 45531 | K86: DAF М 910 РУ 29 | L86: 89116853405 | M86: Вишняков Денис | Q86: 4800 | R86: + | S86: 87500 | T86: =S86*(F86/1000) -> 420000
A87: авто(Гандвик) | B87: спец№31 | C87: ИНКО-Сервис | D87: ЭКСТРА-ДЕФ - 200 кг п/эт | E87: 20240822 | F87: 2400 | G87: 12 | H87: Волгоград | I87: отгружено | J87: 45531 | K87: DAF М 910 РУ 29 | L87: 89116853405 | M87: Вишняков Денис | Q87: 2400 | R87: + | S87: 289000 | T87: =S87*(F87/1000) -> 693600
A88: авто(Агро) | B88: Спец№33 | C88: Химпром | D88: ТЕРРАПАН - бум 25,0 кг | E88: 260824 | F88: 20000 | G88: 800 | H88: Краснокамск | I88: отгружено | J88: 45532 | K88: MERCEDES Р 793 ЕС 159 | L88: 89197063517 | M88: Петров Василий | P88: 20000 | R88: + | S88: 247000 | T88: =S88*(F88/1000) -> 4940000
A89: авто (самовывоз) | B89: Спец№23 | C89: МКО | D89: BLACKTROL ж - 200 кг п/эт | E89: 230824 | F89: 17600 | G89: 88 | H89: Самовывоз | I89: отгружено | J89: 45533 | K89: Вольво С 391 ТУ 196 | L89: 89122506616 | M89: Ордин Сергей | Q89: 17600 | R89: + | S89: 95000 | T89: =S89*(F89/1000) -> 1672000
A90: конт (самовывоз) | B90: БС-73575(1-2) | C90: БурСервис | D90: BURFLC - бум 25,0 кг | E90: 220824 | F90: 17500 | G90: 700 | H90: Пыть-Ях | I90: отгружено | J90: 45533 | N90: GQRU3493184 | O90: 17500 | R90: + | S90: 48500 | T90: =S90*(F90/1000) -> 848750
A91: конт (самовывоз) | B91: БС-73575(2-2) | C91: БурСервис | D91: BURFLC - бум 25,0 кг | E91: 230824 | F91: 17500 | G91: 700 | H91: Пыть-Ях | I91: отгружено | J91: 45533 | N91: TKRU3429631 | O91: 17500 | R91: + | S91: 48500 | T91: =S91*(F91/1000) -> 848750
A92: Самовывоз | B92: Счет №304 | C92: Азимут-Ойл | D92: ЭКСТРАМУЛ-2000 - 200 кг п/эт | E92: 230824 | F92: 200 | G92: 1 | H92: Самовывоз | I92: отгружено | J92: 45532 | K92: Деловые Линии | L92: № наклад. 00250053124 | Q92: 200 | R92: + | S92: 135000 | T92: =S92*(F92/1000) -> 27000
A93: авто (Самовывоз) | B93: Счет №297, 302 | C93: Алмазгеобур | D93: СУПЕРСЛАЙДЕР ГОЛД - 20 кг канистра | E93: 0056430824 | F93: 1300 | G93: 65 | H93: Самовывоз | I93: отгружено | J93: 45533 | K93: Возовоз | L93: № наклад. 240713433 | Q93: 1300 | R93: + | S93: 105250 | T93: =S93*(F93/1000) -> 136825
A94: авто(Ариал) | B94: БС-68905 | C94: БурСервис | D94: BURFLC - бум 25,0 кг | E94: 190724 | F94: 17500 | G94: 700 | H94: Пыть Ях | I94: отгружено | J94: 45533 | K94: Мерседес О 770 МА 29 | L94: 89116824216 | M94: Васильев Денис | O94: 17500 | R94: + | S94: 49500 | T94: =S94*(F94/1000) -> 866250
A95: авто(самовывоз) | B95: Спец№12 | C95: СпецПетроСервис | D95: КЛСП - бум 20,0 кг | E95: 280824 | F95: 3000 | G95: 150 | H95: Самовывоз | I95: отгружено | J95: 45534 | K95: Форд М 015 ЕТ 159 | L95: 89082788186 | M95: Чазов Андрей | N95: НЕФТЕПРОДУКТСЕРВИС | P95: 3000 | R95: + | S95: 83000 | T95: =S95*(F95/1000) -> 249000
A96: авто | B96: Спец№14(1-5) | C96: КазПетроДриллинг | D96: Оптитрол Ж - 200 кг п/эт | E96: 310524 | F96: 7200 | G96: 36 | H96: Жанаозен | I96: отгружено | J96: 45534 | K96: Mersedes О 119 КУ 790 | L96: 89608340879/87476119403 | M96: Дегтярев Андрей | Q96: 7200 | R96: + | S96: 69000 | T96: =S96*(F96/1000) -> 496800
A97: авто | B97: Спец№14(1-5) | C97: КазПетроДриллинг | D97: Оптитрол Ж - 200 кг п/эт | E97: 270824 | F97: 6200 | G97: 31 | H97: Жанаозен | I97: отгружено | J97: 45534 | K97: Mersedes О 119 КУ 790 | L97: 89608340879/87476119403 | M97: Дегтярев Андрей | Q97: 6200 | R97: + | S97: 69000 | T97: =S97*(F97/1000) -> 427800
A98: авто | B98: Спец№14(1-5) | C98: КазПетроДриллинг | D98: Оптитрол Ж - 200 кг п/эт | E98: 280824 | F98: 4200 | G98: 21 | H98: Жанаозен | I98: отгружено | J98: 45534 | K98: Mersedes О 119 КУ 790 | L98: 89608340879/87476119403 | M98: Дегтярев Андрей | Q98: 4200 | R98: + | S98: 69000 | T98: =S98*(F98/1000) -> 289800
A99: авто(Ариал) | B99: БС-75446(1-8) | C99: БурСервис | D99: BURFLC - бум 25,0 кг | E99: 260824 | F99: 19250 | G99: 770 | H99: Красноярск | I99: отгружено | J99: 45534 | K99: SHACMAN М 002 ЕА 702 | L99: 89964859856 | M99: Майданников Вячеслав | O99: 19250 | R99: + | S99: 48500 | T99: =S99*(F99/1000) -> 933625
A100: авто(Ариал) | B100: БС-75446(1-8) | C100: БурСервис | D100: BURFLC - бум 25,0 кг | E100: 270824 | F100: 1750 | G100: 70 | H100: Красноярск | I100: отгружено | J100: 45534 | K100: SHACMAN М 002 ЕА 702 | L100: 89964859856 | M100: Майданников Вячеслав | O100: 1750 | R100: + | S100: 48500 | T100: =S100*(F100/1000) -> 84875
...

Sheet июль 2024
B1: ОТГРУЗКИ ПРОДУКЦИИ | C1: 45474
A2: заметки | B2: НОМЕР ЗАКАЗА | C2: КЛИЕНТ | D2: ПРОДУКТ | E2: ПАРТИЯ | F2: КОЛИЧЕСТВО | H2: ПУНКТ НАЗНАЧЕНИЯ | I2: СТАТУС | J2: ДАТА ОТГРУЗКИ | K2: АВТОДОСТАВКА | N2: ЖД ДОСТАВКА | O2: ИТОГО ОТГРУЖЕНО | R2: АКТЫ
F3: КГ | G3: мешков/бочек | K3: № АВТО | L3: ТЕЛ. ВОДИТЕЛЯ | M3: ВОДИТЕЛЬ | N3: № КОНТЕЙНЕРА | O3: ЧП | P3: ИНАЯ | Q3: Жидкий | S3: Цена со склада за 1 тонну | T3: Итого
A4: авто (ГЛТМ) | B4: Спец№2 | C4: Химнефтесервис | D4: Оптитрол Ж - 200 кг п/эт | E4: 070424 | F4: 6400 | G4: 32 | H4: Актау | I4: отгружено | J4: 45474 | K4: DAF Е 375 АМ 198 | L4: 89270908660/87779998937 | M4: Каражан Арман | Q4: 6400 | R4: + | S4: 69000 | T4: =S4*(F4/1000) -> 441600
A5: авто (ГЛТМ) | B5: Спец№2 | C5: Химнефтесервис | D5: Оптитрол Ж - 200 кг п/эт | E5: 070424/1 | F5: 7200 | G5: 36 | H5: Актау | I5: отгружено | J5: 45474 | K5: DAF Е 375 АМ 198 | L5: 89270908660/87779998937 | M5: Каражан Арман | Q5: 7200 | R5: + | S5: 69000 | T5: =S5*(F5/1000) -> 496800
A6: авто (ГЛТМ) | B6: Спец№2 | C6: Химнефтесервис | D6: Оптитрол Ж - 200 кг п/эт | E6: 250524 | F6: 2400 | G6: 12 | H6: Актау | I6: отгружено | J6: 45474 | K6: DAF Е 375 АМ 198 | L6: 89270908660/87779998937 | M6: Каражан Арман | Q6: 2400 | R6: + | S6: 69000 | T6: =S6*(F6/1000) -> 165600
A7: авто (ГЛТМ) | B7: Спец№2 | C7: Химнефтесервис | D7: ПОЛИКАП - бум 25,0 кг | E7: 210624 | F7: 2000 | G7: 80 | H7: Актау | I7: отгружено | J7: 45474 | K7: DAF Е 375 АМ 198 | L7: 89270908660/87779998937 | M7: Каражан Арман | P7: 2000 | R7: + | S7: 255000 | T7: =S7*(F7/1000) -> 510000
A8: авто (Агротранс) | B8: Спец№27 | C8: Инко-Сервис | D8: Сульф асф - п/проп обезл 25,0 кг | E8: 20240703 | F8: 15000 | G8: 600 | H8: Волгоград | I8: отгружено | J8: 45474 | K8: МАН А690ОН164 | L8: 79050305630 | M8: Бутенко Антон Иванович | O8: 15000 | R8: + | S8: 39000 | T8: =S8*(F8/1000) -> 585000
A9: авто (Агротранс) | B9: Спец№27 | C9: Инко-Сервис | D9: BLACKTROL ж - 200 кг п/эт | E9: 20240804 | F9: 4800 | G9: 24 | H9: Волгоград | I9: отгружено | J9: 45474 | K9: МАН А690ОН164 | L9: 79050305630 | M9: Бутенко Антон Иванович | Q9: 4800 | R9: + | S9: 87500 | T9: =S9*(F9/1000) -> 420000
A10: авто | B10: Спец№25 | C10: Инко-Сервис | D10: Сульф асф - п/проп марк 25,0 кг | E10: 270624 | F10: 20000 | G10: 800 | H10: Самара | I10: отгружено | J10: 45477 | K10: VOLVO А 071 ЕС 67 | L10: 89101120182 | M10: Логвинов Виталий | O10: 20000 | R10: + | S10: 39000 | T10: =S10*(F10/1000) -> 780000
A11: конт (самовывоз) | B11: БС-68110 (1-18) | C11: БурСервис | D11: BURFLC - бум 25,0 кг | E11: 250624 | F11: 17500 | G11: 700 | H11: Пыть-Ях | I11: отгружено | J11: 45477 | N11: TKRU3089660 | O11: 17500 | R11: + | S11: 49500 | T11: =S11*(F11/1000) -> 866250
A12: конт (самовывоз) | B12: БС-68110 (2-18) | C12: БурСервис | D12: BURFLC - бум 25,0 кг | E12: 260624 | F12: 17500 | G12: 700 | H12: Пыть-Ях | I12: отгружено | J12: 45477 | N12: TKRU3445484 | O12: 17500 | R12: + | S12: 49500 | T12: =S12*(F12/1000) -> 866250
A13: Самовывоз | B13: Спец№30 | C13: Энергоресурс | D13: BLACKTROL ж - 200 кг п/эт | E13: 080424 | F13: 8000 | G13: 40 | H13: Самовывоз | I13: отгружено | J13: 45478 | K13: Вольво А 517 НО 147 | L13: 89893340135 | M13: Соколов Михаил | Q13: 8000 | R13: + | S13: 89900 | T13: =S13*(F13/1000) -> 719200
A14: Самовывоз | B14: Спец№30 | C14: Энергоресурс | D14: BLACKTROL ж - 200 кг п/эт | E14: 090424 | F14: 8000 | G14: 40 | H14: Самовывоз | I14: отгружено | J14: 45478 | K14: Вольво А 517 НО 147 | L14: 89893340135 | M14: Соколов Михаил | Q14: 8000 | R14: + | S14: 89900 | T14: =S14*(F14/1000) -> 719200
A15: авто(ЛегионАвто) | B15: Спец№40К(1-2) | C15: ОМАС | D15: Сульф асф - п/проп обезл 25,0 кг | E15: 04/2024 | F15: 20000 | G15: 800 | H15: Бузулук | I15: отгружено | J15: 45481 | K15: ИВЕКО Р 855 ВН 159 | L15: 89824649114 | M15: Головков Николай | O15: 20000 | R15: + | S15: 40700 | T15: =S15*(F15/1000) -> 814000
A16: авто (ГК УРАЛ) | B16: Спец№40К(2-2) | C16: ОМАС | D16: Сульф асф - п/проп обезл 25,0 кг | E16: 04/2024 | F16: 20000 | G16: 800 | H16: Бузулук | I16: отгружено | J16: 45483 | K16: МАН В624ХК98 | L16: 89312887268 | M16: Приходько Алексей Алексеевич | O16: 20000 | R16: + | S16: 40700 | T16: =S16*(F16/1000) -> 814000
A17: авто (АГРО-ТРАНС) | B17: Спец№22425 | C17: Петроинжиниринг | D17: Оптитрол Ж - 200 кг п/эт | E17: 080724 | F17: 8800 | G17: 44 | H17: Коротчаево | I17: отгружено | J17: 45483 | K17: МАН М312ТХ35 | L17: 89115138547 | M17: Божий Сергей Алексадрович | Q17: 8800 | R17: + | S17: 85000 | T17: =S17*(F17/1000) -> 748000
A18: кнт | B18: Спец№22308 | C18: Петроинжиниринг | D18: EWO WET (Веллтрит) - 200 кг п/эт | E18: 010724 | F18: 16000 | G18: 80 | H18: Ноябрьск | I18: отгружено | J18: 45483 | N18: TKRU3381116 | Q18: 16000 | R18: + | S18: 168500 | T18: =S18*(F18/1000) -> 2696000
A19: кнт | B19: Спец№22309 | C19: Петроинжиниринг | D19: EWO WET (Веллтрит) - 200 кг п/эт | E19: 030724 | F19: 16000 | G19: 80 | H19: Коротчаево | I19: отгружено | J19: 45483 | N19: TKRU3496028 | Q19: 16000 | R19: + | S19: 168500 | T19: =S19*(F19/1000) -> 2696000
A20: авто (ГЛТ) | B20: Спец№26 | C20: Инко-Сервис | D20: Сульф асф - п/проп обезл 25,0 кг | E20: 20240703 | F20: 20000 | G20: 800 | H20: Самара | I20: отгружено | J20: 45483 | K20: FAW М256ОК763 | L20: 89272654545 | M20: Тарасиков Максим Алексадрович | O20: 20000 | R20: + | S20: 39000 | T20: =S20*(F20/1000) -> 780000
A21: Самовывоз | B21: Спец№9 | C21: СпецПетроСервис | D21: СУПЕРСЛАЙДЕР ГОЛД - 200 кг п/эт | E21: 030724 | F21: 3200 | G21: 16 | H21: Самовывоз | I21: отгружено | J21: 45483 | K21: Foton X353YE72 | M21: Бырка Алексадр Иванович | Q21: 3200 | R21: + | S21: 120000 | T21: =S21*(F21/1000) -> 384000
A22: конт (самовывоз) | B22: БС-67319 | C22: БурСервис | D22: TORQ TRIM II PLUS (СС Голд) - 185 кг мет | E22: 250624 | F22: 7400 | G22: 40 | H22: Пурпе | I22: отгружено | J22: 45483 | M22: Вайгант Сергей Иванович | N22: TKRU3211280 | Q22: 7400 | R22: + | S22: 110800 | T22: =S22*(F22/1000) -> 819920
A23: конт (самовывоз) | B23: БС-67319 | C23: БурСервис | D23: TORQ TRIM II PLUS (СС Голд) - 185 кг мет | E23: 260624 | F23: 7400 | G23: 40 | H23: Пурпе | I23: отгружено | J23: 45483 | M23: Вайгант Сергей Иванович | N23: TKRU3211280 | Q23: 7400 | R23: + | S23: 110800 | T23: =S23*(F23/1000) -> 819920
A24: авто (НефтеПродуктСервис) | B24: спец №41К | C24: ОМАС | D24: Сульф асф - п/проп марк 25,0 кг | E24: 110424 | F24: 20000 | G24: 800 | H24: Нижневартовск | I24: отгружено | J24: 45485 | K24: Sitrak Х548МР152 | L24: 79212944049 | M24: Богатов Евгений Юрьевич | O24: 20000 | R24: + | S24: 40700 | T24: =S24*(F24/1000) -> 814000
A25: авто (НефтеПродуктСервис) | B25: спец №42К | C25: ОМАС | D25: Сульф асф - п/проп обезл 25,0 кг | E25: 04/2024 | F25: 20000 | G25: 800 | H25: Пыть Ях | I25: отгружено | J25: 45485 | K25: Sitrak Т894ХК152 | L25: 79527675162 | M25: Ветюгов Александр Николаевич | O25: 20000 | R25: + | S25: 40700 | T25: =S25*(F25/1000) -> 814000
A26: авто | B26: Спец№13 | C26: Eriell | D26: BLACKTROL ж - 200 кг п/эт | E26: 200624 | F26: 17600 | G26: 88 | H26: самовывоз | I26: отгружено | J26: 45485 | K26: DAF 90V042LA | Q26: 17600 | R26: + | S26: 81900 | T26: =S26*(F26/1000) -> 1441440
A27: авто | B27: Спец№13 | C27: Eriell | D27: BLACKTROL ж - 200 кг п/эт | E27: 220624 | F27: 17600 | G27: 88 | H27: самовывоз | I27: отгружено | J27: 45485 | K27: DAF 90B120TA | Q27: 17600 | R27: + | S27: 81900 | T27: =S27*(F27/1000) -> 1441440
A28: конт (самовывоз) | B28: БС-65895 | C28: БурСервис | D28: ADAPTA II (Ликвитрол) - 25 кг канистра | E28: 030624 | F28: 10000 | G28: 400 | H28: Пурпе | I28: отгружено | J28: 45485 | N28: TKRU3125069 | Q28: 10000 | R28: + | S28: 165000 | T28: =S28*(F28/1000) -> 1650000
A29: конт (самовывоз) | B29: БС-68531 | C29: БурСервис | D29: BURFLC - бум 25,0 кг | E29: 270624 | F29: 2625 | G29: 105 | H29: Пурпе | I29: отгружено | J29: 45485 | N29: TKRU3125069 | O29: 2625 | R29: + | S29: 49500 | T29: =S29*(F29/1000) -> 129937.5
A30: конт (самовывоз) | B30: БС-68110 (3-18) | C30: БурСервис | D30: BURFLC - бум 25,0 кг | E30: 030724 | F30: 17500 | G30: 700 | H30: Пыть-Ях | I30: отгружено | J30: 45485 | N30: TKRU3245043 | O30: 17500 | R30: + | S30: 49500 | T30: =S30*(F30/1000) -> 866250
A31: конт (самовывоз) | B31: БС-68110 (4-18) | C31: БурСервис | D31: BURFLC - бум 25,0 кг | E31: 040724 | F31: 17500 | G31: 700 | H31: Пыть-Ях | I31: отгружено | J31: 45485 | N31: TKRU3304613 | O31: 17500 | R31: + | S31: 49500 | T31: =S31*(F31/1000) -> 866250
A32: конт (самовывоз) | B32: БС-68450 | C32: БурСервис | D32: OPTIBUR (Оптитрол ж) - 200 п/эт | E32: 270624 | F32: =G32*200 -> 7400 | G32: 37 | H32: Пурпе | I32: отгружено | J32: 45485 | N32: TKRU3545483 | Q32: 7400 | R32: + | S32: 79000 | T32: =S32*(F32/1000) -> 584600
A33: конт (самовывоз) | B33: БС-68450 | C33: БурСервис | D33: OPTIBUR (Оптитрол ж) - 200 п/эт | E33: 280624 | F33: =G33*200 -> 5400 | G33: 27 | H33: Пурпе | I33: отгружено | J33: 45485 | N33: TKRU3545483 | Q33: 5400 | R33: + | S33: 79000 | T33: =S33*(F33/1000) -> 426600
A34: конт (самовывоз) | B34: БС-68450 | C34: БурСервис | D34: OPTIBUR (Оптитрол ж) - 200 п/эт | E34: 090724 | F34: =G34*200 -> 3200 | G34: 16 | H34: Пурпе | I34: отгружено | J34: 45485 | N34: TKRU3545483 | Q34: 3200 | R34: + | S34: 79000 | T34: =S34*(F34/1000) -> 252800
A35: авто (АриалТранс) | B35: Спец№14 | C35: МАД СЕРВИС | D35: СУПЕРСЛАЙДЕР ГОЛД - 200 кг п/эт | E35: 200624 | F35: 4800 | G35: 24 | H35: Нижневартовск | I35: отгружено | J35: 45488 | K35: FAWО484ОУ29 | L35: 79502587842 | M35: Ежов Алексей Владимирович | Q35: 4800 | R35: + | S35: 99800 | T35: =S35*(F35/1000) -> 479040
A36: авто (АриалТранс) | B36: Спец№14 | C36: МАД СЕРВИС | D36: СУПЕРСЛАЙДЕР ГОЛД - 200 кг п/эт | E36: 210624 | F36: 4800 | G36: 24 | H36: Нижневартовск | I36: отгружено | J36: 45488 | K36: FAWО484ОУ29 | L36: 79502587842 | M36: Ежов Алексей Владимирович | Q36: 4800 | R36: + | S36: 99800 | T36: =S36*(F36/1000) -> 479040
A37: авто (АриалТранс) | B37: Спец№14 | C37: МАД СЕРВИС | D37: Сульф асф - п/проп марк 25,0 кг | E37: 050424 | F37: 10000 | G37: 400 | H37: Нижневартовск | I37: отгружено | J37: 45488 | K37: FAWО484ОУ29 | L37: 79502587842 | M37: Ежов Алексей Владимирович | O37: 10000 | R37: + | S37: 40700 | T37: =S37*(F37/1000) -> 407000
A38: авто (ГЛТ) | B38: Спец№19 | C38: ЭКО ФЛУИДЗ | D38: Сульф асф - п/проп марк 25,0 кг | E38: 050424 | F38: 20000 | G38: 800 | H38: Самара | I38: отгружено | J38: 45489 | K38: MAN A551KM67 | L38: 7 (910) 1120271 | M38: Козин Сергей Владимирович | O38: 20000 | R38: + | S38: 40700 | T38: =S38*(F38/1000) -> 814000
A39: авто (ТТТ) | B39: БС-70642 | C39: БурСервис | D39: OPTIBUR (Оптитрол ж) - 200 п/эт | E39: 090724 | F39: =G39*200 -> 3600 | G39: 18 | H39: Нягань | I39: отгружено | J39: 45490 | K39: Рено Н511ОА45 | L39: 79049490036 | M39: Шаршавенков Сергей Анатольевич | Q39: 3600 | R39: + | S39: 79000 | T39: =S39*(F39/1000) -> 284400
A40: авто (ТТТ) | B40: БС-70642 | C40: БурСервис | D40: OPTIBUR (Оптитрол ж) - 200 п/эт | E40: 110724 | F40: =G40*200 -> 6800 | G40: 34 | H40: Нягань | I40: отгружено | J40: 45490 | K40: Рено Н511ОА45 | L40: 79049490036 | M40: Шаршавенков Сергей Анатольевич | Q40: 6800 | R40: + | S40: 79000 | T40: =S40*(F40/1000) -> 537200
A41: авто (ТТТ) | B41: БС-70642 | C41: БурСервис | D41: OPTIBUR (Оптитрол ж) - 200 п/эт | E41: 160724 | F41: =G41*200 -> 7200 | G41: 36 | H41: Нягань | I41: отгружено | J41: 45490 | K41: Рено Н511ОА45 | L41: 79049490036 | M41: Шаршавенков Сергей Анатольевич | Q41: 7200 | R41: + | S41: 79000 | T41: =S41*(F41/1000) -> 568800
A42: Авто (ГК Урал) | B42: спец №42К | C42: ОМАС | D42: Сульф асф - п/проп обезл 25,0 кг | E42: 04/2024 | F42: 7000 | G42: 280 | H42: Пыть Ях | I42: отгружено | J42: 45491 | K42: DAF Е074МЕ45 | L42: 89048812556 | M42: Матаев Петр Владимирович | O42: 7000 | R42: + | S42: 40700 | T42: =S42*(F42/1000) -> 284900
A43: Авто (ГК Урал) | B43: спец №42К | C43: ОМАС | D43: ТЕРРАПАН - бум 25,0 кг | E43: 06/2024 | F43: 13000 | G43: 520 | H43: Пыть Ях | I43: отгружено | J43: 45491 | K43: DAF Е074МЕ45 | L43: 89048812556 | M43: Матаев Петр Владимирович | P43: 13000 | R43: + | S43: 246500 | T43: =S43*(F43/1000) -> 3204500
A44: Авто (АГРО-ТРАНС) | B44: спец №43К | C44: ОМАС | D44: Сульф асф - п/проп марк 25,0 кг | E44: 110424 | F44: 20000 | G44: 800 | H44: Уфа | I44: отгружено | J44: 45491 | K44: Ситрак Х927ОХ152 | L44: 89200499576 | M44: Сазонов Олег Викторович | O44: 20000 | R44: + | S44: 40700 | T44: =S44*(F44/1000) -> 814000
A45: конт (самовывоз) | B45: БС-68531 | C45: БурСервис | D45: TORQ TRIM II PLUS (СС Голд) - 185 кг мет | E45: 100724 | F45: 7400 | G45: 40 | H45: Пурпе | I45: отгружено | J45: 45492 | N45: TKRU3414375 | Q45: =F45 -> 7400 | R45: + | S45: 110800 | T45: =S45*(F45/1000) -> 819920
A46: конт (самовывоз) | B46: БС-68531 | C46: БурСервис | D46: TORQ TRIM II PLUS (СС Голд) - 185 кг мет | E46: 120724 | F46: 7400 | G46: 40 | H46: Пурпе | I46: отгружено | J46: 45492 | N46: TKRU3414375 | Q46: =F46 -> 7400 | R46: + | S46: 110800 | T46: =S46*(F46/1000) -> 819920
A47: конт (самовывоз) | B47: БС-68531 | C47: БурСервис | D47: TORQ TRIM II PLUS (СС Голд) - 185 кг мет | E47: 150724 | F47: 7400 | G47: 40 | H47: Пурпе | I47: отгружено | J47: 45492 | N47: TKRU3548440 | Q47: =F47 -> 7400 | R47: + | S47: 110800 | T47: =S47*(F47/1000) -> 819920
A48: конт (самовывоз) | B48: БС-68531 | C48: БурСервис | D48: TORQ TRIM II PLUS (СС Голд) - 185 кг мет | E48: 150724/1 | F48: 7400 | G48: 40 | H48: Пурпе | I48: отгружено | J48: 45492 | N48: TKRU3548440 | Q48: =F48 -> 7400 | R48: + | S48: 110800 | T48: =S48*(F48/1000) -> 819920
A49: авто(Пермский край) | B49: спец№784/5 | C49: Татнефть им. Шашина | D49: Стабилайт II - п/проп марк 25,0 кг | E49: 080424 | F49: 20000 | G49: 800 | H49: Бугульма | I49: отгружено | J49: 45495 | K49: СИТРАК Р 634 ОЕ 48 | L49: 89192590995, 89207353400 | M49: Федоров Александр | O49: 20000 | R49: + | S49: 45000 | T49: =S49*(F49/1000) -> 900000
A50: авто (АриалТранс) | B50: спец№29 | C50: ИНКО-Сервис | D50: ЭКСТРАМУЛ-2000 - 180 кг мет | E50: 160724 | F50: 10080 | G50: 56 | H50: Самара | I50: отгружено | J50: 45496 | K50: МАН М353АО29 | L50: 89115571770 | M50: Рябов Алексей Иванович | Q50: 10080 | R50: + | S50: 123000 | T50: =S50*(F50/1000) -> 1239840
A51: авто (АриалТранс) | B51: спец№29 | C51: ИНКО-Сервис | D51: ВЕЛЛТРИТ - 180 кг мет | E51: 190724 | F51: 2880 | G51: =F51/180 -> 16 | H51: Самара | I51: отгружено | J51: 45496 | K51: МАН М353АО29 | L51: 89115571770 | M51: Рябов Алексей Иванович | Q51: 2880 | R51: + | S51: 165000 | T51: =S51*(F51/1000) -> 475200
A52: авто (АриалТранс) | B52: спец№29 | C52: ИНКО-Сервис | D52: РЕОМОД п - бум 18,0 кг | E52: 150724 | F52: 2880 | G52: 160 | H52: Самара | I52: отгружено | J52: 45496 | K52: МАН М353АО29 | L52: 89115571770 | M52: Рябов Алексей Иванович | P52: 2880 | R52: + | S52: 210000 | T52: =S52*(F52/1000) -> 604800
A53: авто (АриалТранс) | B53: спец№28 | C53: ИНКО-Сервис | D53: ЭКСТРАМУЛ-2000 - 180 кг мет | E53: 160724 | F53: 14040 | G53: =F53/180 -> 78 | H53: Волгоград | I53: отгружено | J53: 45496 | K53: МАН М517ОА29 | L53: 89502598378 | M53: Выручаев Михаил Андреевич | Q53: 14040 | R53: + | S53: 123000 | T53: =S53*(F53/1000) -> 1726920
A54: авто (АриалТранс) | B54: спец№28 | C54: ИНКО-Сервис | D54: ВЕЛЛТРИТ - 180 кг мет | E54: 190724 | F54: 1800 | G54: =F54/180 -> 10 | H54: Волгоград | I54: отгружено | J54: 45496 | K54: МАН М517ОА29 | L54: 89502598378 | M54: Выручаев Михаил Андреевич | Q54: 1800 | R54: + | S54: 165000 | T54: =S54*(F54/1000) -> 297000
A55: конт (самовывоз) | B55: БС-68110 (5-18) | C55: БурСервис | D55: BURFLC - бум 25,0 кг | E55: 080724 | F55: 17500 | G55: 700 | H55: Пыть-Ях | I55: отгружено | J55: 45496 | N55: TKRU3307628 | O55: 17500 | R55: + | S55: 49500 | T55: =S55*(F55/1000) -> 866250
A56: конт (самовывоз) | B56: БС-68110 (6-18) | C56: БурСервис | D56: BURFLC - бум 25,0 кг | E56: 100724 | F56: 17500 | G56: 700 | H56: Пыть-Ях | I56: отгружено | J56: 45496 | N56: TKRU3344025 | O56: 17500 | R56: + | S56: 49500 | T56: =S56*(F56/1000) -> 866250
A57: конт (самовывоз) | B57: БС-68110 (7-18) | C57: БурСервис | D57: BURFLC - бум 25,0 кг | E57: 110724 | F57: 17500 | G57: 700 | H57: Пыть-Ях | I57: отгружено | J57: 45496 | N57: TKRU3215579 | O57: 17500 | R57: + | S57: 49500 | T57: =S57*(F57/1000) -> 866250
A58: конт (самовывоз) | B58: БС-68110 (8-18) | C58: БурСервис | D58: BURFLC - бум 25,0 кг | E58: 120724 | F58: 17500 | G58: 700 | H58: Пыть-Ях | I58: отгружено | J58: 45496 | N58: TKRU3528980 | O58: 17500 | R58: + | S58: 49500 | T58: =S58*(F58/1000) -> 866250
A59: авто | B59: Спец№1 | C59: П-Д Татнефть-Алабуга Стекловолокно | D59: МАКС-ФЛЕКС - 1000 кг еврокуб | E59: 180724 | F59: 1000 | G59: 1 | H59: Елабуга | I59: отгружено | J59: 45497 | K59: МАЗ Х080 ВЕ 52 | L59: 8-920- 011-59-14 | M59: Бибик Михаил Иванович | Q59: 1000 | R59: + | S59: 199000 | T59: =S59*(F59/1000) -> 199000
A60: авто (самовывоз) | B60: Счёт№264 | C60: Октябрьское УБР | D60: СУПЕРСЛАЙДЕР ПЛАТИНУМ - 200 кг п/эт | E60: 220724 | F60: 1000 | G60: 5 | H60: самовывоз | I60: отгружено | J60: 45497 | K60: Газель Некст г/н У491ВС76 | L60: 89024657056 | M60: Квакин Даниил Павлович | Q60: 1000 | R60: + | S60: 235000 | T60: =S60*(F60/1000) -> 235000
A61: конт (самовывоз) | B61: БС-68110 (9-18) | C61: БурСервис | D61: BURFLC - бум 25,0 кг | E61: 290624 | F61: 17500 | G61: 700 | H61: Пыть-Ях | I61: отгружено | J61: 45499 | N61: TKRU3325426 | O61: 17500 | R61: + | S61: 49500 | T61: =S61*(F61/1000) -> 866250
A62: конт (самовывоз) | B62: БС-68110 (10-18) | C62: БурСервис | D62: BURFLC - бум 25,0 кг | E62: 300624 | F62: 17500 | G62: 700 | H62: Пыть-Ях | I62: отгружено | J62: 45499 | N62: TKRU3529918 | O62: 17500 | R62: + | S62: 49500 | T62: =S62*(F62/1000) -> 866250
A63: кнт | B63: Спец№31 | C63: БУРИНТЕХ | D63: ВАЛЬКИРИЯ (BLACKTROL ж) - 200 кг п/эт | E63: 230724 | F63: 8800 | G63: 44 | H63: Пурпе | I63: отгружено | J63: 45499 | N63: TKRU3513362 | Q63: 8800 | R63: + | S63: 85000 | T63: =S63*(F63/1000) -> 748000
A64: кнт | B64: Спец№31 | C64: БУРИНТЕХ | D64: ВАЛЬКИРИЯ (BLACKTROL ж) - 200 кг п/эт | E64: 240724 | F64: 7200 | G64: 36 | H64: Пурпе | I64: отгружено | J64: 45499 | N64: TKRU3513362 | Q64: 7200 | R64: + | S64: 85000 | T64: =S64*(F64/1000) -> 612000
A65: авто | B65: Спец№10 | C65: СпецПетроСервис | D65: КЛСП - бум 20,0 кг | E65: 220724 | F65: 10000 | G65: 500 | H65: Приобье | I65: отгружено | J65: 45502 | K65: SITRAK О 780 МХ 159 | L65: 89227129679 | M65: Плясовских Вячеслав | P65: 10000 | R65: + | S65: 83000 | T65: =S65*(F65/1000) -> 830000
A66: авто | B66: Спец№10 | C66: СпецПетроСервис | D66: Оптитрол п - бум 20,0 кг | E66: 180724 | F66: 10000 | G66: 500 | H66: Приобье | I66: отгружено | J66: 45502 | K66: SITRAK О 780 МХ 159 | L66: 89227129679 | M66: Плясовских Вячеслав | P66: 10000 | R66: + | S66: 77000 | T66: =S66*(F66/1000) -> 770000
A67: Авто (Рич-Трак) | B67: спец №44К | C67: ОМАС | D67: Сульф асф - п/проп марк 25,0 кг | E67: 110424 | F67: 20000 | G67: 800 | H67: Уфа | I67: отгружено | J67: 45503 | K67: Мерседес К 820 СМ 73 | L67: 89296798641 | M67: Иванов Александр | O67: 20000 | R67: + | S67: 40700 | T67: =S67*(F67/1000) -> 814000
A68: конт (самовывоз) | B68: БС-68110 (11-18) | C68: БурСервис | D68: BURFLC - бум 25,0 кг | E68: 150724 | F68: 17500 | G68: 700 | H68: Пыть-Ях | I68: отгружено | J68: 45503 | N68: TKRU3533963 | O68: 17500 | R68: + | S68: 49500 | T68: =S68*(F68/1000) -> 866250
A69: конт (самовывоз) | B69: БС-68110 (12-18) | C69: БурСервис | D69: BURFLC - бум 25,0 кг | E69: 160724 | F69: 17500 | G69: 700 | H69: Пыть-Ях | I69: отгружено | J69: 45503 | N69: TKRU3285724 | O69: 17500 | R69: + | S69: 49500 | T69: =S69*(F69/1000) -> 866250
A70: конт (самовывоз) | B70: БС-68110 (13-18) | C70: БурСервис | D70: BURFLC - бум 25,0 кг | E70: 210724 | F70: 17500 | G70: 700 | H70: Пыть-Ях | I70: отгружено | J70: 45503 | N70: TKRU3060754 | O70: 17500 | R70: + | S70: 49500 | T70: =S70*(F70/1000) -> 866250
A71: Итого заказов на: | B71: =SUM(F4:F70)/1000 -> 760.405 | C71: т | T71: =SUM(T4:T70) -> 54829628
A72: Итого отгружено: | B72: =B73+B74+B75 -> 760.405 | C72: т
A73: из них ЧП: | B73: =SUM(O4:O70)/1000 -> 462.125 | C73: т
A74: из них ИНАЯ: | B74: =SUM(P4:P70)/1000 -> 37.88 | C74: т
A75: из них на жидкий: | B75: =SUM(Q4:Q70)/1000 -> 260.4 | C75: т
A76: Осталось отгрузить | B76: =B71-B72 -> 0 | C76: т

Sheet июнь 2024
B1: ОТГРУЗКИ ПРОДУКЦИИ | C1: 45444
A2: заметки | B2: НОМЕР ЗАКАЗА | C2: КЛИЕНТ | D2: ПРОДУКТ | E2: ПАРТИЯ | F2: КОЛИЧЕСТВО | H2: ПУНКТ НАЗНАЧЕНИЯ | I2: СТАТУС | J2: ДАТА ОТГРУЗКИ | K2: АВТОДОСТАВКА | N2: ЖД ДОСТАВКА | O2: ИТОГО ОТГРУЖЕНО | R2: АКТЫ
F3: КГ | G3: мешков/бочек | K3: № АВТО | L3: ТЕЛ. ВОДИТЕЛЯ | M3: ВОДИТЕЛЬ | N3: № КОНТЕЙНЕРА | O3: ЧП | P3: ИНАЯ | Q3: Жидкий | S3: Цена со склада за 1 тонну | T3: Итого
A4: конт (самовывоз) | B4: БС-61958 (19-26) | C4: БурСервис | D4: BaraFLC - бум 25,0 кг | E4: 180524 | F4: 17500 | G4: 700 | H4: Пыть-Ях | I4: отгружено | J4: 45446 | N4: TKRU3429436 | O4: 17500 | R4: + | S4: 49500 | T4: =S4*(F4/1000) -> 866250
A5: конт (самовывоз) | B5: БС-61958 (20-26) | C5: БурСервис | D5: BaraFLC - бум 25,0 кг | E5: 190524 | F5: 17500 | G5: 700 | H5: Пыть-Ях | I5: отгружено | J5: 45446 | N5: TKRU3471740 | O5: 17500 | R5: + | S5: 49500 | T5: =S5*(F5/1000) -> 866250
A6: конт (самовывоз) | B6: БС-61958 (21-26) | C6: БурСервис | D6: BaraFLC - бум 25,0 кг | E6: 200524 | F6: 17500 | G6: 700 | H6: Пыть-Ях | I6: отгружено | J6: 45446 | N6: TKRU3150483 | O6: 17500 | R6: + | S6: 49500 | T6: =S6*(F6/1000) -> 866250
A7: конт (самовывоз) | B7: БС-61958 (22-26) | C7: БурСервис | D7: BaraFLC - бум 25,0 кг | E7: 210524 | F7: 17500 | G7: 700 | H7: Пыть-Ях | I7: отгружено | J7: 45446 | N7: TKRU3497960 | O7: 17500 | R7: + | S7: 49500 | T7: =S7*(F7/1000) -> 866250
A8: авто (ТрансЛайнек) | B8: Спец№34К | C8: Омас | D8: ТЕРРАПАН - бум 25,0 кг | E8: 120324 | F8: 10000 | G8: 400 | H8: Нижневартовск | I8: отгружено | J8: 45446 | K8: Вольво Т 772 ТМ 196 | L8: 89122506736 | M8: Ивченко Виктор | P8: 10000 | R8: + | S8: 246500 | T8: =S8*(F8/1000) -> 2465000
B9: Спец№34К | C9: Омас | D9: Сульф асф - п/проп марк 25,0 кг | E9: 110424 | F9: 10000 | G9: 400 | H9: Нижневартовск | I9: отгружено | J9: 45446 | K9: Вольво Т 772 ТМ 196 | L9: 89122506736 | M9: Ивченко Виктор | O9: 10000 | R9: + | S9: 40700 | T9: =S9*(F9/1000) -> 407000
A10: вагон | B10: Спец№18 | C10: МКО | D10: Atren SL - бум 25,0 кг | E10: 240524 | F10: 64000 | G10: 2560 | H10: Пыть-Ях | I10: отгружено | J10: 45447 | N10: 54470802 | O10: 64000 | R10: + | S10: 37200 | T10: =S10*(F10/1000) -> 2380800
A11: авто | B11: Спец№1 | C11: СКС-Технологии | D11: СУПЕРСЛАЙДЕР СОЛТ - 200 кг п/эт | E11: 030624 | F11: 1600 | G11: 8 | H11: Отрадный | I11: отгружено | J11: 45448 | K11: КАМАЗ О313ХН 159 | L11: 89082488417 | M11: Шарипов Арсен | Q11: 1600 | R11: + | S11: 135000 | T11: =S11*(F11/1000) -> 216000
A12: конт (самовывоз) | B12: БС-61958 (23-26) | C12: БурСервис | D12: BaraFLC - бум 25,0 кг | E12: 220524 | F12: 17500 | G12: 700 | H12: Пыть-Ях | I12: отгружено | J12: 45448 | N12: TKRU3352606 | O12: 17500 | R12: + | S12: 49500 | T12: =S12*(F12/1000) -> 866250
A13: конт (самовывоз) | B13: БС-61958 (24-26) | C13: БурСервис | D13: BaraFLC - бум 25,0 кг | E13: 230524 | F13: 17500 | G13: 700 | H13: Пыть-Ях | I13: отгружено | J13: 45448 | N13: TKRU3513681 | O13: 17500 | R13: + | S13: 49500 | T13: =S13*(F13/1000) -> 866250
A14: конт (самовывоз) | B14: БС-61958 (25-26) | C14: БурСервис | D14: BaraFLC - бум 25,0 кг | E14: 240524 | F14: 17500 | G14: 700 | H14: Пыть-Ях | I14: отгружено | J14: 45448 | N14: TKRU3524794 | O14: 17500 | R14: + | S14: 49500 | T14: =S14*(F14/1000) -> 866250
A15: конт (самовывоз) | B15: БС-61958 (26-26) | C15: БурСервис | D15: BaraFLC - бум 25,0 кг | E15: 250524 | F15: 17500 | G15: 700 | H15: Пыть-Ях | I15: отгружено | J15: 45448 | N15: TKRU3490919 | O15: 17500 | R15: + | S15: 49500 | T15: =S15*(F15/1000) -> 866250
A16: авто (самовывоз) | B16: Спец№19 | C16: МКО | D16: BLACKTROL ж - 200 кг п/эт | E16: 260524 | F16: 200 | G16: 1 | H16: Самовывоз | I16: отгружено | J16: 45448 | K16: Скания О 701 ОВ 58 | L16: 89374238474 | M16: Смелов Алексей | Q16: 200 | R16: + | S16: 95000 | T16: =S16*(F16/1000) -> 19000
A17: авто (самовывоз) | B17: Спец№19 | C17: МКО | D17: BLACKTROL ж - 200 кг п/эт | E17: 270524 | F17: 9000 | G17: 45 | H17: Самовывоз | I17: отгружено | J17: 45448 | K17: Скания О 701 ОВ 58 | L17: 89374238474 | M17: Смелов Алексей | Q17: 9000 | R17: + | S17: 95000 | T17: =S17*(F17/1000) -> 855000
A18: авто (самовывоз) | B18: Спец№19 | C18: МКО | D18: BLACKTROL ж - 200 кг п/эт | E18: 280524 | F18: 8400 | G18: 42 | H18: Самовывоз | I18: отгружено | J18: 45448 | K18: Скания О 701 ОВ 58 | L18: 89374238474 | M18: Смелов Алексей | Q18: 8400 | R18: + | S18: 95000 | T18: =S18*(F18/1000) -> 798000
A19: авто | B19: Спец№12 | C19: КазПетроДриллинг | D19: Оптитрол Ж - 200 кг п/эт | E19: 310324 | F19: 5600 | G19: 28 | H19: Жанаозен | I19: отгружено | J19: 45448 | K19: DAF У 690 РК 790 | L19: 89273817812/87773777323 | M19: Портнов Дмитрий | Q19: 5600 | R19: + | S19: 69000 | T19: =S19*(F19/1000) -> 386400
A20: авто | B20: Спец№12 | C20: КазПетроДриллинг | D20: Оптитрол Ж - 200 кг п/эт | E20: 010424 | F20: 5600 | G20: 28 | H20: Жанаозен | I20: отгружено | J20: 45448 | K20: DAF У 690 РК 790 | L20: 89273817812/87773777323 | M20: Портнов Дмитрий | Q20: 5600 | R20: + | S20: 69000 | T20: =S20*(F20/1000) -> 386400
A21: авто | B21: Спец№12 | C21: КазПетроДриллинг | D21: Оптитрол Ж - 200 кг п/эт | E21: 060424 | F21: 6400 | G21: 32 | H21: Жанаозен | I21: отгружено | J21: 45448 | K21: DAF У 690 РК 790 | L21: 89273817812/87773777323 | M21: Портнов Дмитрий | Q21: 6400 | R21: + | S21: 69000 | T21: =S21*(F21/1000) -> 441600
A22: авто | B22: Спец 11 | C22: Eriell | D22: ТЕРРАПАН - бум 25,0 кг | E22: 180324 | F22: 20000 | G22: 800 | H22: Карши | I22: отгружено | J22: 45448 | K22: MAN TGX 80213MBA | M22: Зайниев Рахмиддин | P22: 20000 | R22: + | S22: 245000 | T22: =S22*(F22/1000) -> 4900000
A23: вагон | B23: Спец№18 | C23: МКО | D23: Atren SL - бум 25,0 кг | E23: 300524 | F23: 64000 | G23: 2560 | H23: Пыть-Ях | I23: отгружено | J23: 45449 | N23: 52499696 | O23: 64000 | R23: + | S23: 37200 | T23: =S23*(F23/1000) -> 2380800
A24: конт | B24: Спец№26 | C24: Буринтех | D24: СУЛЬФОБИТ - бум 25,0 кг | E24: 140424 | F24: 17500 | G24: 700 | H24: Пыть-Ях | I24: отгружено | J24: 45450 | N24: TKRU3427855 | O24: 17500 | R24: + | S24: 41000 | T24: =S24*(F24/1000) -> 717500
A25: конт | B25: Спец№26 | C25: Буринтех | D25: СУЛЬФОБИТ - бум 25,0 кг | E25: 150424 | F25: 17500 | G25: 700 | H25: Пыть-Ях | I25: отгружено | J25: 45450 | N25: TKRU3199502 | O25: 17500 | R25: + | S25: 41000 | T25: =S25*(F25/1000) -> 717500
A26: авто (Гандвик) | B26: Спец№23 | C26: Инко-Сервис | D26: РЕОМОД п - бум 18,0 кг | E26: 300524 | F26: 2880 | G26: 160 | H26: Волгоград | I26: отгружено | J26: 45450 | K26: DAF О 922 КМ 29 | L26: 89116853202 | M26: Журавлёв Николай | P26: 2880 | R26: + | S26: 210000 | T26: =S26*(F26/1000) -> 604800
A27: авто (Гандвик) | B27: Спец№23 | C27: Инко-Сервис | D27: ВЕЛЛТРИТ - 200 кг п/эт | E27: 300524 | F27: 8800 | G27: 44 | H27: Волгоград | I27: отгружено | J27: 45450 | K27: DAF О 922 КМ 29 | L27: 89116853202 | M27: Журавлёв Николай | Q27: 8800 | R27: + | S27: 165000 | T27: =S27*(F27/1000) -> 1452000
A28: авто (Гандвик) | B28: Спец№23 | C28: Инко-Сервис | D28: ЭКСТРАМУЛ-2000 - 200 кг п/эт | E28: 030624 | F28: 5600 | G28: 28 | H28: Волгоград | I28: отгружено | J28: 45450 | K28: DAF О 922 КМ 29 | L28: 89116853202 | M28: Журавлёв Николай | Q28: 5600 | R28: + | S28: 123000 | T28: =S28*(F28/1000) -> 688800
A29: авто (Бакин) | B29: Спец№22 | C29: Инко-Сервис | D29: ЭКСТРАМУЛ-2000 - 200 кг п/эт | E29: 030624 | F29: 17600 | G29: 88 | H29: Волгоград | I29: отгружено | J29: 45450 | K29: ВОЛЬВО О 856 УЕ 29 | L29: 89600155752 | M29: Вахтомин Иван | Q29: 17600 | R29: + | S29: 123000 | T29: =S29*(F29/1000) -> 2164800
A30: авто (ГК Урал) | B30: Спец№6 | C30: СпецПетроСервис | D30: КЛСП - бум 20,0 кг | E30: 040624 | F30: 5000 | G30: 250 | H30: Нижневартовск | I30: отгружено | J30: 45454 | K30: МАЗ С 334 ЕУ 96 | L30: 89227124785 | M30: Шимолин Олег | P30: 5000 | R30: + | S30: 83000 | T30: =S30*(F30/1000) -> 415000
A31: авто (ГК Урал) | B31: Спец№6 | C31: СпецПетроСервис | D31: Оптитрол п - бум 20,0 кг | E31: 050624 | F31: 5000 | G31: 250 | H31: Нижневартовск | I31: отгружено | J31: 45454 | K31: МАЗ С 334 ЕУ 96 | L31: 89227124785 | M31: Шимолин Олег | P31: 5000 | R31: + | S31: 77000 | T31: =S31*(F31/1000) -> 385000
A32: конт | B32: Спец№26 | C32: Буринтех | D32: СУЛЬФОБИТ - бум 25,0 кг | E32: 160424 | F32: 17500 | G32: 700 | H32: Пыть-Ях | I32: отгружено | J32: 45454 | N32: TKRU3223126 | O32: 17500 | R32: + | S32: 41000 | T32: =S32*(F32/1000) -> 717500
A33: конт | B33: Спец№26 | C33: Буринтех | D33: СУЛЬФОБИТ - бум 25,0 кг | E33: 170424 | F33: 17500 | G33: 700 | H33: Пыть-Ях | I33: отгружено | J33: 45454 | N33: TKRU3192909 | O33: 17500 | R33: + | S33: 41000 | T33: =S33*(F33/1000) -> 717500
A34: авто (Арсэн) | B34: Спец№36К | C34: ОМАС | D34: Сульф асф - п/проп марк 25,0 кг | E34: 110424 | F34: 20000 | G34: 800 | H34: Уфа | I34: отгружено | J34: 45454 | K34: MERCEDES-BENZ С 094 УХ 72 | L34: 89129953889 | M34: Новоселов Виктор | O34: 20000 | R34: + | S34: 40700 | T34: =S34*(F34/1000) -> 814000
A35: авто (Легион) | B35: Спец№29 | C35: Буринтех | D35: BLACKTROL ж - 200 кг п/эт | E35: 110624 | F35: 17600 | G35: 88 | H35: Пыть-Ях | I35: отгружено | J35: 45457 | K35: ИВЕКО Р 810 КК 159 | L35: 89822385566 | M35: Поздин Александр | Q35: 17600 | R35: + | S35: 85000 | T35: =S35*(F35/1000) -> 1496000
A36: конт (самовывоз) | B36: БС-64845 | C36: БурСервис | D36: BURFLC - бум 25,0 кг | E36: 040524 | F36: 17500 | G36: 700 | H36: Пыть-Ях | I36: отгружено | J36: 45457 | N36: TKRU3142174 | O36: 17500 | R36: + | S36: 49500 | T36: =S36*(F36/1000) -> 866250
A37: авто (Легион) | B37: Спец№7 | C37: СпецПетроСервис | D37: КЛСП - бум 20,0 кг | E37: 070624 | F37: 10000 | G37: 500 | H37: Приобье | I37: отгружено | J37: 45460 | K37: СКАНИЯ Н 166 МН 159 | L37: 89223743658 | M37: Устинов Алексей | P37: 10000 | R37: + | S37: 83000 | T37: =S37*(F37/1000) -> 830000
A38: авто (Легион) | B38: Спец№7 | C38: СпецПетроСервис | D38: Оптитрол п - бум 20,0 кг | E38: 100624 | F38: 10000 | G38: 500 | H38: Приобье | I38: отгружено | J38: 45460 | K38: СКАНИЯ Н 166 МН 159 | L38: 89223743658 | M38: Устинов Алексей | P38: 10000 | R38: + | S38: 77000 | T38: =S38*(F38/1000) -> 770000
A39: авто(Ариал) | B39: Спец№38К | C39: ОМАС | D39: Сульф асф - п/проп марк 25,0 кг | E39: 110424 | F39: 20000 | G39: 800 | H39: Нижневартовск | I39: отгружено | J39: 45460 | K39: FAW О 884 РС 29 | L39: 89021984502 | M39: Бутвин Николай | O39: 20000 | R39: + | S39: 40700 | T39: =S39*(F39/1000) -> 814000
A40: авто(Арсэн) | B40: Спец№37К | C40: ОМАС | D40: Сульф асф - бум 25,0 кг | E40: 04/2024 | F40: 15000 | G40: 600 | H40: Бузулук | I40: отгружено | J40: 45460 | K40: ДАФ Т 189 КХ 64 | L40: 89658867399 | M40: Кутейкин Вадим | O40: 15000 | R40: + | S40: 40700 | T40: =S40*(F40/1000) -> 610500
A41: авто(Арсэн) | B41: Спец№37К | C41: ОМАС | D41: СУПЕРСЛАЙДЕР ГОЛД - 200 кг п/эт | E41: 190424 | F41: 4800 | G41: 24 | H41: Бузулук | I41: отгружено | J41: 45460 | K41: ДАФ Т 189 КХ 64 | L41: 89658867399 | M41: Кутейкин Вадим | Q41: 4800 | R41: + | S41: 99800 | T41: =S41*(F41/1000) -> 479040
A42: авто | B42: Спец№ 11 | C42: ERIELL | D42: ТЕРРАПАН - бум 25,0 кг | E42: 200324 | F42: 20000 | G42: 800 | H42: Карши | I42: отгружено | J42: 45460 | K42: 80Q305NA | M42: Ергашов Шерали Толибович | P42: 20000 | R42: + | S42: 245000 | T42: =S42*(F42/1000) -> 4900000
A43: авто | B43: Спец№12 | C43: ERIELL | D43: LG-DRILL - п/проп 25,0 кг | E43: 170324 | F43: 20000 | G43: 800 | H43: Карши | I43: отгружено | J43: 45461 | O43: 20000 | R43: + | S43: 38000 | T43: =S43*(F43/1000) -> 760000
A44: авто | B44: Спец№12 | C44: ERIELL | D44: LG-DRILL - п/проп 25,0 кг | E44: 270324 | F44: 20000 | G44: 800 | H44: Карши | I44: отгружено | J44: 45461 | O44: 20000 | R44: + | S44: 38000 | T44: =S44*(F44/1000) -> 760000
A45: авто (Гандвик) | B45: Спец№39К | C45: ОМАС | D45: Сульф асф - бум 25,0 кг | E45: 01/2023 | F45: 15000 | G45: 600 | H45: Пыть-Ях | I45: отгружено | J45: 45462 | K45: VOLVO Т 954 ВВ 790 | L45: 89206278126 | M45: Болтушкин Александр | O45: 15000 | R45: + | S45: 40700 | T45: =S45*(F45/1000) -> 610500
A46: авто (Гандвик) | B46: Спец№39К | C46: ОМАС | D46: ТЕРРАПАН - бум 25,0 кг | E46: 06/2024 | F46: 5000 | G46: 200 | H46: Пыть-Ях | I46: отгружено | J46: 45462 | K46: VOLVO Т 954 ВВ 790 | L46: 89206278126 | M46: Болтушкин Александр | P46: 5000 | R46: + | S46: 246500 | T46: =S46*(F46/1000) -> 1232500
A47: авто (самовывоз) | B47: Спец№20 | C47: МКО | D47: BLACKTROL ж - 200 кг п/эт | E47: 120624 | F47: 17600 | G47: 88 | H47: Самовывоз | I47: отгружено | J47: 45462 | K47: Камаз С 291 АВ 716 | M47: Жолбунов Азамат | Q47: 17600 | R47: + | S47: 95000 | T47: =S47*(F47/1000) -> 1672000
A48: авто | B48: Спец№12 | C48: КазПетроДриллинг | D48: Оптитрол Ж - 200 кг п/эт | E48: 010424 | F48: 1200 | G48: 6 | H48: Жанаозен | I48: отгружено | J48: 45462 | K48: Mersedes О 119 КУ 790 | L48: 89608340879/87476119403 | M48: Дегтярев Андрей | Q48: 1200 | R48: + | S48: 69000 | T48: =S48*(F48/1000) -> 82800
A49: авто | B49: Спец№12 | C49: КазПетроДриллинг | D49: Оптитрол Ж - 200 кг п/эт | E49: 040424 | F49: 6800 | G49: 34 | H49: Жанаозен | I49: отгружено | J49: 45462 | K49: Mersedes О 119 КУ 790 | L49: 89608340879/87476119403 | M49: Дегтярев Андрей | Q49: 6800 | R49: + | S49: 69000 | T49: =S49*(F49/1000) -> 469200
A50: авто | B50: Спец№12 | C50: КазПетроДриллинг | D50: Оптитрол Ж - 200 кг п/эт | E50: 050424 | F50: 6800 | G50: 34 | H50: Жанаозен | I50: отгружено | J50: 45462 | K50: Mersedes О 119 КУ 790 | L50: 89608340879/87476119403 | M50: Дегтярев Андрей | Q50: 6800 | R50: + | S50: 69000 | T50: =S50*(F50/1000) -> 469200
A51: авто | B51: Спец№12 | C51: КазПетроДриллинг | D51: Оптитрол Ж - 200 кг п/эт | E51: 080424 | F51: 1400 | G51: 7 | H51: Жанаозен | I51: отгружено | J51: 45462 | K51: Mersedes О 119 КУ 790 | L51: 89608340879/87476119403 | M51: Дегтярев Андрей | Q51: 1400 | R51: + | S51: 69000 | T51: =S51*(F51/1000) -> 96600
A52: авто | B52: Спец№12 | C52: КазПетроДриллинг | D52: Оптитрол Ж - 200 кг п/эт | E52: 250524 | F52: 1000 | G52: 5 | H52: Жанаозен | I52: отгружено | J52: 45462 | K52: Mersedes О 119 КУ 790 | L52: 89608340879/87476119403 | M52: Дегтярев Андрей | Q52: 1000 | R52: + | S52: 69000 | T52: =S52*(F52/1000) -> 69000
A53: авто | B53: Спец№12 | C53: КазПетроДриллинг | D53: Оптитрол Ж - 200 кг п/эт | E53: 060424 | F53: 400 | G53: 2 | H53: Жанаозен | I53: отгружено | J53: 45462 | K53: Mersedes О 119 КУ 790 | L53: 89608340879/87476119403 | M53: Дегтярев Андрей | Q53: 400 | R53: + | S53: 69000 | T53: =S53*(F53/1000) -> 27600
A54: авто (Гандвик) | B54: Спец№28 | C54: Буринтех | D54: BLACKTROL ж - 200 кг п/эт | E54: 130624 | F54: 17600 | G54: 88 | H54: Пурпе | I54: отгружено | J54: 45464 | K54: DAF М 910 РУ 29 | L54: 89116853405 | M54: Вишняков Денис | Q54: 17600 | R54: + | S54: 85000 | T54: =S54*(F54/1000) -> 1496000
A55: авто (самовывоз) | B55: Спец№58 | C55: Полицелл | D55: Оптитрол п - бум 20,0 кг | E55: 180624 | F55: 10000 | G55: 500 | H55: Самовывоз | I55: отгружено | J55: 45464 | K55: Ситрак Р 574 СР 715 | L55: 89375802008 | M55: Иванов Дмитрий | P55: 10000 | R55: + | S55: 89000 | T55: =S55*(F55/1000) -> 890000
A56: авто(ГК Урал) | B56: Спец№30 | C56: Буринтех | D56: BLACKTROL ж - 200 кг п/эт | E56: 210624 | F56: 17600 | G56: 88 | H56: Пурпе | I56: отгружено | J56: 45467 | K56: DAF К 008 МА 29 | L56: 89511294378/ 89924017526 | M56: Белоцерковский Алексей | Q56: 17600 | R56: + | S56: 85000 | T56: =S56*(F56/1000) -> 1496000
A57: авто(ГК Урал) | B57: Спец№143 | C57: Акрос | D57: MEX GL-LUBE (СС Голд) - 200 кг п/эт | E57: 080524 | F57: 800 | G57: 4 | H57: Ноябрьск | I57: отгружено | J57: 45467 | K57: DAF К 008 МА 29 | L57: 89511294378/ 89924017526 | M57: Белоцерковский Алексей | Q57: 800 | R57: + | S57: 125000 | T57: =S57*(F57/1000) -> 100000
A58: авто(Альянс) | B58: Спец№24 | C58: Инко-Сервис | D58: ВЕЛЛТРИТ - 200 кг п/эт | E58: 20240610 | F58: 2000 | G58: 10 | H58: Волгоград | I58: отгружено | J58: 45467 | K58: SITRAK М 457 АХ 35 | L58: 89215381990 | M58: Курочкин Андрей | Q58: 2000 | R58: + | S58: 165000 | T58: =S58*(F58/1000) -> 330000
A59: авто(Альянс) | B59: Спец№24 | C59: Инко-Сервис | D59: ЭКСТРАМУЛ-2000 - 200 кг п/эт | E59: 20240614 | F59: 10000 | G59: 50 | H59: Волгоград | I59: отгружено | J59: 45467 | K59: SITRAK М 457 АХ 35 | L59: 89215381990 | M59: Курочкин Андрей | Q59: 10000 | R59: + | S59: 123000 | T59: =S59*(F59/1000) -> 1230000
A60: авто(Альянс) | B60: Спец№24 | C60: Инко-Сервис | D60: РЕОМОД п - бум 18,0 кг | E60: 20240617 | F60: 2160 | G60: 120 | H60: Волгоград | I60: отгружено | J60: 45467 | K60: SITRAK М 457 АХ 35 | L60: 89215381990 | M60: Курочкин Андрей | P60: 2160 | R60: + | S60: 210000 | T60: =S60*(F60/1000) -> 453600
A61: авто(Альянс) | B61: Спец№24 | C61: Инко-Сервис | D61: ЭКСТРАМУЛ СУПРИМ - 190 кг п/эт | E61: 20240619 | F61: 3040 | G61: 16 | H61: Волгоград | I61: отгружено | J61: 45467 | K61: SITRAK М 457 АХ 35 | L61: 89215381990 | M61: Курочкин Андрей | Q61: 3040 | R61: + | S61: 148000 | T61: =S61*(F61/1000) -> 449920
A62: авто (Самовывоз) | B62: Счет №225 | C62: Алмазгеобур | D62: СУПЕРСЛАЙДЕР ГОЛД - 20 кг канистра | E62: 00566430124 | F62: 100 | G62: 5 | H62: Деловые Линии | I62: отгружено | J62: 45468 | K62: Деловые Линии | L62: №00250038350 от 25.06.24 | Q62: 100 | R62: + | S62: 105250 | T62: =S62*(F62/1000) -> 10525
A63: конт (самовывоз) | B63: БС-67319 | C63: БурСервис | D63: EZ-MUD DP (Поликап) - бум 25,0 кг | E63: 200624 | F63: 15000 | G63: 600 | H63: Пурпе | I63: отгружено | J63: 45470 | M63: Вайгант Сергей | N63: TKRU3344046 | P63: 15000 | R63: + | S63: 275000 | T63: =S63*(F63/1000) -> 4125000
A64: конт (самовывоз) | B64: БС-67319 | C64: БурСервис | D64: BURFLC - бум 25,0 кг | E64: 190624 | F64: 17500 | G64: 700 | H64: Пурпе | I64: отгружено | J64: 45470 | M64: Вайгант Сергей | N64: TKRU3092427 | O64: 17500 | R64: + | S64: 49500 | T64: =S64*(F64/1000) -> 866250
A65: авто (Самовывоз) | B65: Спец№142 | C65: Акрос | D65: Drilling Lube (СС РУО) - 200 кг п/эт | E65: 140524 | F65: 4000 | G65: 20 | H65: Самовывоз | I65: отгружено | J65: 45471 | K65: КАМАЗ Х 775 НУ 193 | L65: 89657771112 | M65: Сальников Сергей | Q65: 4000 | R65: + | S65: 369000 | T65: =S65*(F65/1000) -> 1476000
A66: конт (самовывоз) | B66: БС-68450 | C66: БурСервис | D66: OPTIBUR (Оптитрол ж) - 200 п/эт | E66: 300424 | F66: 6800 | G66: 34 | H66: Пурпе | I66: отгружено | J66: 45471 | M66: Вайгант Сергей | N66: TKRU3267124 | Q66: 6800 | R66: + | S66: 79000 | T66: =S66*(F66/1000) -> 537200
A67: конт (самовывоз) | B67: БС-68450 | C67: БурСервис | D67: OPTIBUR (Оптитрол ж) - 200 п/эт | E67: 290424 | F67: 400 | G67: 2 | H67: Пурпе | I67: отгружено | J67: 45471 | M67: Вайгант Сергей | N67: TKRU3267124 | Q67: 400 | R67: + | S67: 79000 | T67: =S67*(F67/1000) -> 31600
A68: конт (самовывоз) | B68: БС-68450 | C68: БурСервис | D68: OPTIBUR (Оптитрол ж) - 200 п/эт | E68: 010524 | F68: 6400 | G68: 32 | H68: Пурпе | I68: отгружено | J68: 45471 | M68: Вайгант Сергей | N68: TKRU3267124 | Q68: 6400 | R68: + | S68: 79000 | T68: =S68*(F68/1000) -> 505600
A69: конт (самовывоз) | B69: БС-68450 | C69: БурСервис | D69: OPTIBUR (Оптитрол ж) - 200 п/эт | E69: 190524 | F69: 2400 | G69: 12 | H69: Пурпе | I69: отгружено | J69: 45471 | M69: Вайгант Сергей | N69: TKRU3267124 | Q69: 2400 | R69: + | S69: 79000 | T69: =S69*(F69/1000) -> 189600
A70: конт (самовывоз) | B70: БС-68450 | C70: БурСервис | D70: BURFLC - бум 25,0 кг | E70: 190624 | F70: 17500 | G70: 700 | H70: Пурпе | I70: отгружено | J70: 45471 | M70: Вайгант Сергей | N70: TKRU3267649 | O70: 17500 | R70: + | S70: 49500 | T70: =S70*(F70/1000) -> 866250
A71: авто(ГК Урал) | B71: БС-62686 | C71: БурСервис | D71: DRIL-N-SLIDE (СС Платинум) - 175 кг п/эт | E71: 030524 | F71: 5600 | G71: 32 | H71: Пурпе | I71: отгружено | J71: 45471 | K71: Рено Н 511 ОА 45 | L71: 89097227196 | M71: Шаршавенков Сергей | Q71: 5600 | R71: + | S71: 255000 | T71: =S71*(F71/1000) -> 1428000
A72: авто(ГК Урал) | B72: БС-68531 | C72: БурСервис | D72: DRIL-N-SLIDE (СС Платинум) - 175 кг п/эт | E72: 270624 | F72: 7875 | G72: 45 | H72: Пурпе | I72: отгружено | J72: 45471 | K72: Рено Н 511 ОА 45 | L72: 89097227196 | M72: Шаршавенков Сергей | Q72: 7875 | R72: + | S72: 255000 | T72: =S72*(F72/1000) -> 2008125
A73: авто(ГК Урал) | B73: БС-68531 | C73: БурСервис | D73: DRIL-N-SLIDE (СС Платинум) - 175 кг п/эт | E73: 280624 | F73: 1925 | G73: 11 | H73: Пурпе | I73: отгружено | J73: 45471 | K73: Рено Н 511 ОА 45 | L73: 89097227196 | M73: Шаршавенков Сергей | Q73: 1925 | R73: + | S73: 255000 | T73: =S73*(F73/1000) -> 490875
A74: Итого заказов на: | B74: =SUM(F4:F73)/1000 -> 838.48 | C74: т | T74: =SUM(T4:T73) -> 67956135
A75: Итого отгружено: | B75: =B76+B77+B78 -> 838.48 | C75: т
A76: из них ЧП: | B76: =SUM(O4:O73)/1000 -> 510.5 | C76: т
A77: из них ИНАЯ: | B77: =SUM(P4:P73)/1000 -> 115.04 | C77: т
A78: из них на жидкий: | B78: =SUM(Q4:Q73)/1000 -> 212.94 | C78: т
A79: Осталось отгрузить | B79: =B74-B75 -> 0 | C79: т

Sheet май 2024
B1: ОТГРУЗКИ ПРОДУКЦИИ | C1: 45413
A2: заметки | B2: НОМЕР ЗАКАЗА | C2: КЛИЕНТ | D2: ПРОДУКТ | E2: ПАРТИЯ | F2: КОЛИЧЕСТВО | H2: ПУНКТ НАЗНАЧЕНИЯ | I2: СТАТУС | J2: ДАТА ОТГРУЗКИ | K2: АВТОДОСТАВКА | N2: ЖД ДОСТАВКА | O2: ИТОГО ОТГРУЖЕНО | R2: АКТЫ
F3: КГ | G3: мешков/бочек | K3: № АВТО | L3: ТЕЛ. ВОДИТЕЛЯ | M3: ВОДИТЕЛЬ | N3: № КОНТЕЙНЕРА | O3: ЧП | P3: ИНАЯ | Q3: Жидкий | S3: Цена со склада за 1 тонну | T3: Итого
A4: авто (самовывоз) | B4: Спец№9 | C4: СБМ | D4: СБМОЙЛРЕО В (Реомод ж) - 180 кг п/эт | E4: 240424 | F4: 7920 | G4: 44 | H4: Самовывоз | I4: отгружено | J4: 45414 | K4: МАН М 248 ТТ 62 | L4: 89105685587 | M4: Костогруд Владимир | Q4: 7920 | R4: + | S4: 359000 | T4: =S4*(F4/1000) -> 2843280
A5: авто (самовывоз) | B5: Спец№8 | C5: СБМ | D5: КЛСП - бум 20,0 кг | E5: 220424 | F5: 2000 | G5: 100 | H5: Самовывоз | I5: отгружено | J5: 45414 | K5: МАН М 248 ТТ 62 | L5: 89105685587 | M5: Костогруд Владимир | P5: 2000 | R5: + | S5: 101000 | T5: =S5*(F5/1000) -> 202000
A6: авто (самовывоз) | B6: Спец№8 | C6: СБМ | D6: СБМСУЛЬФ - бум 25,0 кг | E6: 290424 | F6: 2000 | G6: 80 | H6: Самовывоз | I6: отгружено | J6: 45414 | K6: МАН М 248 ТТ 62 | L6: 89105685587 | M6: Костогруд Владимир | O6: 2000 | R6: + | S6: 50000 | T6: =S6*(F6/1000) -> 100000
A7: авто | B7: Спец№11 | C7: КазПетроДриллинг | D7: Стабилайт II - п/проп марк 25,0 кг | E7: 250324 | F7: 20000 | G7: 800 | H7: Жанаозен | I7: отгружено | J7: 45415 | K7: DAF У 690 РК 790 | L7: 89273817812/87773777323 | M7: Портнов Дмитрий | O7: 20000 | R7: + | S7: 45000 | T7: =S7*(F7/1000) -> 900000
A8: авто | B8: Спец№11 | C8: КазПетроДриллинг | D8: Стабилайт II - п/проп марк 25,0 кг | E8: 260324 | F8: 20000 | G8: 800 | H8: Жанаозен | I8: отгружено | J8: 45415 | K8: DAF У 594 ВА 790 | L8: 89206326577/87054498295 | M8: Сальников Андрей | O8: 20000 | R8: + | S8: 45000 | T8: =S8*(F8/1000) -> 900000
A9: авто (Ариал) | B9: БС-62976 (2-2) | C9: БурСервис | D9: BaraFLC - бум 22,68 кг | E9: 270424 | F9: 19845 | G9: 875 | H9: Красноярск | I9: отгружено | J9: 45415 | K9: FAW О884 РС 29 | L9: 89021984502 | M9: Бутвин Николай | O9: 19845 | R9: + | S9: 49500 | T9: =S9*(F9/1000) -> 982327.5
A10: конт | B10: Спец№27 | C10: Буринтех | D10: СУЛЬФОБИТ - бум 25,0 кг | E10: 120424 | F10: 17500 | G10: 700 | H10: Пыть-Ях | I10: отгружено | J10: 45418 | N10: RZDU0638653 | O10: 17500 | R10: + | S10: 41000 | T10: =S10*(F10/1000) -> 717500
A11: конт | B11: Спец№27 | C11: Буринтех | D11: СУЛЬФОБИТ - бум 25,0 кг | E11: 130424 | F11: 17500 | G11: 700 | H11: Пыть-Ях | I11: отгружено | J11: 45418 | N11: RZDU0631200 | O11: 17500 | R11: + | S11: 41000 | T11: =S11*(F11/1000) -> 717500
A12: конт (самовывоз) | B12: БС-62498 | C12: БурСервис | D12: OPTIBUR (Оптитрол ж) - 200 п/эт | E12: 210424 | F12: 7400 | G12: 37 | H12: Пурпе | I12: отгружено | J12: 45419 | N12: RZDU0465584 | Q12: 7400 | R12: + | S12: 79000 | T12: =S12*(F12/1000) -> 584600
B13: БС-62498 | C13: БурСервис | D13: OPTIBUR (Оптитрол ж) - 200 п/эт | E13: 270424 | F13: 7000 | G13: 35 | H13: Пурпе | I13: отгружено | J13: 45419 | Q13: 7000 | R13: + | S13: 79000 | T13: =S13*(F13/1000) -> 553000
B14: БС-62498 | C14: БурСервис | D14: OPTIBUR (Оптитрол ж) - 200 п/эт | E14: 280424 | F14: 1400 | G14: 7 | H14: Пурпе | I14: отгружено | J14: 45419 | Q14: 1400 | R14: + | S14: 79000 | T14: =S14*(F14/1000) -> 110600
B15: БС-62498 | C15: БурСервис | D15: OPTIBUR (Оптитрол ж) - 200 п/эт | E15: 180424 | F15: 200 | G15: 1 | H15: Пурпе | I15: отгружено | J15: 45419 | Q15: 200 | R15: + | S15: 79000 | T15: =S15*(F15/1000) -> 15800
A16: конт (самовывоз) | B16: БС-62498 | C16: БурСервис | D16: OPTIBUR (Оптитрол ж) - 200 п/эт | E16: 280424 | F16: 5600 | G16: 28 | H16: Пурпе | I16: отгружено | J16: 45419 | N16: RZDU0667780 | Q16: 5600 | R16: + | S16: 79000 | T16: =S16*(F16/1000) -> 442400
B17: БС-62498 | C17: БурСервис | D17: OPTIBUR (Оптитрол ж) - 200 п/эт | E17: 290424 | F17: 6400 | G17: 32 | H17: Пурпе | I17: отгружено | J17: 45419 | Q17: 6400 | R17: + | S17: 79000 | T17: =S17*(F17/1000) -> 505600
B18: БС-62498 | C18: БурСервис | D18: OPTIBUR (Оптитрол ж) - 200 п/эт | E18: 300424 | F18: 4000 | G18: 20 | H18: Пурпе | I18: отгружено | J18: 45419 | Q18: 4000 | R18: + | S18: 79000 | T18: =S18*(F18/1000) -> 316000
A19: авто (Ариал) | B19: Спец№21 | C19: Инко-Сервис | D19: ВЕЛЛТРИТ - 180 кг п/эт | E19: 20240411-01 | F19: 2880 | G19: 16 | H19: Волгоград | I19: отгружено | J19: 45419 | K19: МАН М 517 ОА 29 | L19: 89532611461 | M19: Агафонов Илья | Q19: 2880 | R19: + | S19: 165000 | T19: =S19*(F19/1000) -> 475200
A20: авто (Ариал) | B20: Спец№21 | C20: Инко-Сервис | D20: ЭКСТРАМУЛ-2000 - 190 кг п/эт | E20: 20240415 | F20: 9880 | G20: 52 | H20: Волгоград | I20: отгружено | J20: 45419 | K20: МАН М 517 ОА 29 | L20: 89532611461 | M20: Агафонов Илья | Q20: 9880 | R20: + | S20: 123000 | T20: =S20*(F20/1000) -> 1215240
A21: авто (Ариал) | B21: Спец№21 | C21: Инко-Сервис | D21: РЕОМОД п - бум 18,0 кг | E21: 20240408 | F21: 3996 | G21: 222 | H21: Волгоград | I21: отгружено | J21: 45419 | K21: МАН М 517 ОА 29 | L21: 89532611461 | M21: Агафонов Илья | P21: 3996 | R21: + | S21: 210000 | T21: =S21*(F21/1000) -> 839160
A22: авто (Самовывоз) | B22: БС-62686 | C22: БурСервис | D22: DRIL-N-SLIDE (СС Платинум) - 175 кг п/эт | E22: 010524 | F22: 7000 | G22: 40 | H22: Пурпе | I22: отгружено | J22: 45420 | K22: Ситрак М 566 УЕ 716 | L22: 89173930716 | M22: Шарифуллин Разим | Q22: 7000 | R22: + | S22: 255000 | T22: =S22*(F22/1000) -> 1785000
A23: авто (Самовывоз) | B23: БС-62686 | C23: БурСервис | D23: DRIL-N-SLIDE (СС Платинум) - 175 кг п/эт | E23: 020524 | F23: 7000 | G23: 40 | H23: Пурпе | I23: отгружено | J23: 45420 | K23: Ситрак М 566 УЕ 716 | L23: 89173930716 | M23: Шарифуллин Разим | Q23: 7000 | R23: + | S23: 255000 | T23: =S23*(F23/1000) -> 1785000
A24: авто (Самовывоз) | B24: БС-62686 | C24: БурСервис | D24: DRIL-N-SLIDE (СС Платинум) - 175 кг п/эт | E24: 030524 | F24: 1400 | G24: 8 | H24: Пурпе | I24: отгружено | J24: 45420 | K24: Ситрак М 566 УЕ 716 | L24: 89173930716 | M24: Шарифуллин Разим | Q24: 1400 | R24: + | S24: 255000 | T24: =S24*(F24/1000) -> 357000
A25: авто (Ариал) | B25: Спец№8 | C25: СБМ | D25: СБМОЙЛРЕО В (Реомод ж) - 180 кг п/эт | E25: 240424 | F25: 360 | G25: 2 | H25: Усть-Кут | I25: отгружено | J25: 45420 | K25: МАН М 353 ОА 29 | L25: 89502587842 | M25: Ежов Алексей | Q25: 360 | R25: + | S25: 359000 | T25: =S25*(F25/1000) -> 129240
A26: авто (Ариал) | B26: Спец№8 | C26: СБМ | D26: СБМОЙЛРЕО В (Реомод ж) - 180 кг п/эт | E26: 270424 | F26: 6660 | G26: 37 | H26: Усть-Кут | I26: отгружено | J26: 45420 | K26: МАН М 353 ОА 29 | L26: 89502587842 | M26: Ежов Алексей | Q26: 6660 | R26: + | S26: 359000 | T26: =S26*(F26/1000) -> 2390940
A27: авто (Ариал) | B27: Спец№8 | C27: СБМ | D27: СБМОЙЛРЕО В (Реомод ж) - 180 кг п/эт | E27: 280424 | F27: 5940 | G27: 33 | H27: Усть-Кут | I27: отгружено | J27: 45420 | K27: МАН М 353 ОА 29 | L27: 89502587842 | M27: Ежов Алексей | Q27: 5940 | R27: + | S27: 359000 | T27: =S27*(F27/1000) -> 2132460
A28: авто (Ариал) | B28: Спец№8 | C28: СБМ | D28: СБМЛУБ ПЛЮС (СС Платинум) - 185 кг п/эт | E28: 020524 | F28: 2220 | G28: 12 | H28: Усть-Кут | I28: отгружено | J28: 45420 | K28: МАН М 353 ОА 29 | L28: 89502587842 | M28: Ежов Алексей | Q28: 2220 | R28: + | S28: 240000 | T28: =S28*(F28/1000) -> 532800
A29: авто (Самовывоз) | B29: Спец№2 | C29: Алмазгеобур | D29: СУПЕРСЛАЙДЕР ГОЛД - 20 кг канистра | E29: 00566430124 | F29: 9500 | G29: 475 | H29: Самовывоз | I29: отгружено | J29: 45425 | K29: DAF О 841 ВК 29 | L29: 89600154401 | M29: Жилин Андрей | Q29: 9500 | R29: + | S29: 105250 | T29: =S29*(F29/1000) -> 999875
A30: авто | B30: Спец№12 | C30: МАД СЕРВИС | D30: СУПЕРСЛАЙДЕР ГОЛД - 200 кг п/эт | E30: 290424 | F30: 7200 | G30: 36 | H30: Нижневартовск | I30: отгружено | J30: 45425 | K30: VOLVO М 816 МО 67 | L30: 89203380816 | M30: Цуран Александр | Q30: 7200 | R30: + | S30: 99800 | T30: =S30*(F30/1000) -> 718560
A31: авто | B31: БС-62246 | C31: БурСервис | D31: DURATONE - бум 25,0 кг | E31: 020524 | F31: 10000 | G31: 400 | H31: Пыть-Ях | I31: отгружено | J31: 45425 | K31: VOLVO М 816 МО 67 | L31: 89203380816 | M31: Цуран Александр | P31: 10000 | R31: + | S31: 99000 | T31: =S31*(F31/1000) -> 990000
A32: конт (самовывоз) | B32: БС-62621 | C32: БурСервис | D32: BURFLC - бум 25,0 кг | E32: 040524 | F32: 17500 | G32: 700 | H32: Пурпе | I32: отгружено | J32: 45426 | N32: TKRU3083410 | O32: 17500 | R32: + | S32: 49500 | T32: =S32*(F32/1000) -> 866250
A33: конт (самовывоз) | B33: БС-62498 | C33: БурСервис | D33: TORQ TRIM II PLUS (СС Голд) - 185 кг п/эт | E33: 260424 | F33: 7400 | G33: 40 | H33: Пурпе | I33: отгружено | J33: 45426 | N33: TKRU3234687 | Q33: 7400 | R33: + | S33: 110800 | T33: =S33*(F33/1000) -> 819920
B34: БС-62498 | C34: БурСервис | D34: TORQ TRIM II PLUS (СС Голд) - 185 кг п/эт | E34: 260424/1 | F34: 7400 | G34: 40 | H34: Пурпе | I34: отгружено | J34: 45426 | N34: TKRU3234687 | Q34: 7400 | R34: + | S34: 110800 | T34: =S34*(F34/1000) -> 819920
A35: авто (Рич Трак) | B35: Спец№2 | C35: ОМАС | D35: Сульф асф - п/проп обезл 25,0 кг | E35: 04/2024 | F35: 20000 | G35: 800 | H35: Кызылорда | I35: отгружено | J35: 45426 | K35: ВОЛЬВО 625 BC 05 | L35: 87055635517 | M35: Карчик Олег Викторович | O35: 20000 | R35: + | S35: 40700 | T35: =S35*(F35/1000) -> 814000
A36: конт (самовывоз) | B36: БС-63062 | C36: БурСервис | D36: EZ-MUD DP (Поликап) - бум 25,0 кг | E36: 070524 | F36: 10500 | G36: 420 | H36: Пурпе | I36: отгружено | J36: 45428 | N36: TKRU3418452 | P36: 10500 | R36: + | S36: 275000 | T36: =S36*(F36/1000) -> 2887500
A37: конт (самовывоз) | B37: БС-63062 | C37: БурСервис | D37: BaraFLC - бум 25,0 кг | E37: 110524 | F37: 7000 | G37: 280 | H37: Пурпе | I37: отгружено | J37: 45428 | O37: 7000 | R37: + | S37: 49500 | T37: =S37*(F37/1000) -> 346500
A38: конт (самовывоз) | B38: БС-63062 | C38: БурСервис | D38: BaraFLC - бум 25,0 кг | E38: 090524 | F38: 17500 | G38: 700 | H38: Пурпе | I38: отгружено | J38: 45428 | N38: TKRU3198980 | O38: 17500 | R38: + | S38: 49500 | T38: =S38*(F38/1000) -> 866250
A39: конт (самовывоз) | B39: БС-63062 | C39: БурСервис | D39: BaraFLC - бум 25,0 кг | E39: 100524 | F39: 17500 | G39: 700 | H39: Пурпе | I39: отгружено | J39: 45428 | N39: TKRU3081530 | O39: 17500 | R39: + | S39: 49500 | T39: =S39*(F39/1000) -> 866250
A40: конт (самовывоз) | B40: БС-61958 (1-26) | C40: БурСервис | D40: BaraFLC - бум 25,0 кг | E40: 240424 | F40: 17500 | G40: 700 | H40: Пыть-Ях | I40: отгружено | J40: 45429 | N40: TKRU3431351 | O40: 17500 | R40: + | S40: 49500 | T40: =S40*(F40/1000) -> 866250
A41: конт (самовывоз) | B41: БС-61958 (2-26) | C41: БурСервис | D41: BaraFLC - бум 25,0 кг | E41: 250424 | F41: 17500 | G41: 700 | H41: Пыть-Ях | I41: отгружено | J41: 45429 | N41: TKRU3113849 | O41: 17500 | R41: + | S41: 49500 | T41: =S41*(F41/1000) -> 866250
A42: конт (самовывоз) | B42: БС-61958 (3-26) | C42: БурСервис | D42: BaraFLC - бум 25,0 кг | E42: 280424 | F42: 17500 | G42: 700 | H42: Пыть-Ях | I42: отгружено | J42: 45429 | N42: TKRU3429009 | O42: 17500 | R42: + | S42: 49500 | T42: =S42*(F42/1000) -> 866250
A43: конт (самовывоз) | B43: БС-61958 | C43: БурСервис | D43: TORQ TRIM II PLUS (СС Голд) - 185 кг п/эт | E43: 250424 | F43: 7400 | G43: 40 | H43: Пыть-Ях | I43: отгружено | J43: 45429 | N43: TKRU3263849 | Q43: 7400 | R43: + | S43: 110800 | T43: =S43*(F43/1000) -> 819920
B44: БС-61958 | C44: БурСервис | D44: TORQ TRIM II PLUS (СС Голд) - 185 кг п/эт | E44: 250424/1 | F44: 7400 | G44: 40 | H44: Пыть-Ях | I44: отгружено | J44: 45429 | Q44: 7400 | R44: + | S44: 110800 | T44: =S44*(F44/1000) -> 819920
A45: конт (самовывоз) | B45: БС-61958 (4-26) | C45: БурСервис | D45: BaraFLC - бум 25,0 кг | E45: 290424 | F45: 17500 | G45: 700 | H45: Пыть-Ях | I45: отгружено | J45: 45432 | N45: TKRU3256639 | O45: 17500 | R45: + | S45: 49500 | T45: =S45*(F45/1000) -> 866250
A46: конт (самовывоз) | B46: БС-61958 (5-26) | C46: БурСервис | D46: BaraFLC - бум 25,0 кг | E46: 300424 | F46: 17500 | G46: 700 | H46: Пыть-Ях | I46: отгружено | J46: 45432 | N46: TKRU3252823 | O46: 17500 | R46: + | S46: 49500 | T46: =S46*(F46/1000) -> 866250
A47: конт (самовывоз) | B47: БС-61958 (6-26) | C47: БурСервис | D47: BaraFLC - бум 25,0 кг | E47: 010524 | F47: 17500 | G47: 700 | H47: Пыть-Ях | I47: отгружено | J47: 45432 | N47: TKRU3526082 | O47: 17500 | R47: + | S47: 49500 | T47: =S47*(F47/1000) -> 866250
A48: конт (самовывоз) | B48: БС-61958 (7-26) | C48: БурСервис | D48: BaraFLC - бум 25,0 кг | E48: 020524 | F48: 17500 | G48: 700 | H48: Пыть-Ях | I48: отгружено | J48: 45432 | N48: RZDU0421837 | O48: 17500 | R48: + | S48: 49500 | T48: =S48*(F48/1000) -> 866250
A49: авто (Гандвик) | B49: Спец№13 | C49: МАД СЕРВИС | D49: Сульф асф - п/проп марк 25,0 кг | E49: 050424 | F49: 20000 | G49: 800 | H49: Самара | I49: отгружено | J49: 45433 | K49: DAF М 791 УВ 29 | L49: 89600078412 | M49: Блинов Александр | O49: 20000 | R49: + | S49: 40700 | T49: =S49*(F49/1000) -> 814000
A50: авто (ГК-Урал) | B50: Спец№31 | C50: МК Сервис | D50: Реагент В - 55 кг п/эт | E50: 110521 | F50: 19140 | G50: 348 | H50: Сорочинск | I50: отгружено | J50: 45433 | K50: Шахман Е 625 ЕА 156 | L50: 89328415486 | M50: Дусенов Гизат | Q50: 19140 | R50: + | S50: 70580 | T50: =S50*(F50/1000) -> 1350901.2
A51: конт (самовывоз) | B51: БС-61958 (8-26) | C51: БурСервис | D51: BaraFLC - бум 25,0 кг | E51: 030524 | F51: 17500 | G51: 700 | H51: Пыть-Ях | I51: отгружено | J51: 45433 | N51: RZDU0731386 | O51: 17500 | R51: + | S51: 49500 | T51: =S51*(F51/1000) -> 866250
A52: конт (самовывоз) | B52: БС-61958 (9-26) | C52: БурСервис | D52: BaraFLC - бум 25,0 кг | E52: 050524 | F52: 17500 | G52: 700 | H52: Пыть-Ях | I52: отгружено | J52: 45433 | N52: RZDU0609001 | O52: 17500 | R52: + | S52: 49500 | T52: =S52*(F52/1000) -> 866250
A53: конт (самовывоз) | B53: БС-61958 (10-26) | C53: БурСервис | D53: BaraFLC - бум 25,0 кг | E53: 060524 | F53: 17500 | G53: 700 | H53: Пыть-Ях | I53: отгружено | J53: 45433 | N53: RZDU0305760 | O53: 17500 | R53: + | S53: 49500 | T53: =S53*(F53/1000) -> 866250
A54: конт (самовывоз) | B54: БС-61958 (11-26) | C54: БурСервис | D54: BaraFLC - бум 25,0 кг | E54: 070524 | F54: 17500 | G54: 700 | H54: Пыть-Ях | I54: отгружено | J54: 45433 | N54: RZDU0900758 | O54: 17500 | R54: + | S54: 49500 | T54: =S54*(F54/1000) -> 866250
A55: авто (Ариал) | B55: Спец№35К | C55: Омас | D55: ТЕРРАПАН - бум 25,0 кг | E55: 11/2023 | F55: 20000 | G55: 800 | H55: Пыть-Ях | I55: отгружено | J55: 45434 | K55: FAW О 884 РС 29 | L55: 89021984502 | M55: Бутвин Николай | P55: 20000 | R55: + | S55: 246500 | T55: =S55*(F55/1000) -> 4930000
A56: авто (Гандвик) | B56: Спец№35К | C56: Омас | D56: Сульф асф - бум 25,0 кг | E56: 01/2023 | F56: 15000 | G56: 600 | H56: Пыть-Ях | I56: отгружено | J56: 45436 | K56: VOLVO М773ОВ 29 | L56: 89116853272 | M56: Гужихин Сергей | O56: 15000 | R56: + | S56: 40700 | T56: =S56*(F56/1000) -> 610500
B57: Спец№35К | C57: Омас | D57: СУПЕРСЛАЙДЕР ГОЛД - 200 кг п/эт | E57: 190424 | F57: 4800 | G57: 24 | H57: Пыть-Ях | I57: отгружено | J57: 45436 | K57: VOLVO М773ОВ 29 | L57: 89116853272 | M57: Гужихин Сергей | Q57: 4800 | R57: + | S57: 99800 | T57: =S57*(F57/1000) -> 479040
A58: авто (самовывоз) | B58: Счет№185 | C58: БГРП | D58: BLACKTROL ж - 200 кг п/эт | E58: 110424 | F58: 400 | G58: 2 | H58: Самовывоз | I58: отгружено | J58: 45436 | K58: Деловые Линии | L58: №00250030745 | Q58: 400 | R58: + | S58: 89000 | T58: =S58*(F58/1000) -> 35600
A59: авто (самовывоз) | B59: Счет№185 | C59: БГРП | D59: Оптитрол Ж - 200 кг п/эт | E59: 070424 | F59: 600 | G59: 3 | H59: Самовывоз | I59: отгружено | J59: 45436 | K59: Деловые Линии | L59: №00250030745 | Q59: 600 | R59: + | S59: 69500 | T59: =S59*(F59/1000) -> 41700
A60: авто (самовывоз) | B60: Спец№19 | C60: МКО | D60: BLACKTROL ж - 200 кг п/эт | E60: 230524 | F60: 8800 | G60: 44 | H60: Самовывоз | I60: отгружено | J60: 45440 | K60: Ситрак М 290 КА 21 | L60: 89061364460 | M60: Павлов Николай | Q60: 8800 | R60: + | S60: 95000 | T60: =S60*(F60/1000) -> 836000
A61: авто (самовывоз) | B61: Спец№19 | C61: МКО | D61: BLACKTROL ж - 200 кг п/эт | E61: 240524 | F61: 8800 | G61: 44 | H61: Самовывоз | I61: отгружено | J61: 45440 | K61: Ситрак М 290 КА 21 | L61: 89061364460 | M61: Павлов Николай | Q61: 8800 | R61: + | S61: 95000 | T61: =S61*(F61/1000) -> 836000
A62: авто (самовывоз) | B62: Спец№10 | C62: СБМ | D62: СБМСУЛЬФ - бум 25,0 кг | E62: 010524 | F62: 4000 | G62: 160 | H62: Самовывоз | I62: отгружено | J62: 45440 | K62: Ситрак Н 383 ТУ 73 | L62: 89603770185 | M62: Чепурнов Сергей | O62: 4000 | R62: + | S62: 50000 | T62: =S62*(F62/1000) -> 200000
B63: Спец№10 | C63: СБМ | D63: СБМОЙЛРЕО В (Реомод ж) - 180 кг п/эт | E63: 160524 | F63: 4500 | G63: 25 | H63: Самовывоз | I63: отгружено | J63: 45440 | K63: Ситрак Н 383 ТУ 73 | L63: 89603770185 | M63: Чепурнов Сергей | Q63: 4500 | R63: + | S63: 359000 | T63: =S63*(F63/1000) -> 1615500
B64: Спец№10 | C64: СБМ | D64: СБМОЙЛРЕО В (Реомод ж) - 180 кг п/эт | E64: 260524 | F64: 6300 | G64: 35 | H64: Самовывоз | I64: отгружено | J64: 45440 | K64: Ситрак Н 383 ТУ 73 | L64: 89603770185 | M64: Чепурнов Сергей | Q64: 6300 | R64: + | S64: 359000 | T64: =S64*(F64/1000) -> 2261700
A65: конт (самовывоз) | B65: БС-62748 | C65: БурСервис | D65: BaraFLC - бум 22,68 кг | E65: 090424 | F65: 15876 | G65: 700 | H65: Усть-Кут | I65: отгружено | J65: 45442 | N65: TKRU3184056 | O65: 15876 | R65: + | S65: 49500 | T65: =S65*(F65/1000) -> 785862
A66: конт (самовывоз) | B66: БС-61958 (12-26) | C66: БурСервис | D66: BaraFLC - бум 25,0 кг | E66: 080524 | F66: 17500 | G66: 700 | H66: Пыть-Ях | I66: отгружено | J66: 45442 | N66: RZDU0631617 | O66: 17500 | R66: + | S66: 49500 | T66: =S66*(F66/1000) -> 866250
A67: конт (самовывоз) | B67: БС-61958 (13-26) | C67: БурСервис | D67: BaraFLC - бум 25,0 кг | E67: 120524 | F67: 17500 | G67: 700 | H67: Пыть-Ях | I67: отгружено | J67: 45442 | N67: RZDU0459410 | O67: 17500 | R67: + | S67: 49500 | T67: =S67*(F67/1000) -> 866250
A68: конт (самовывоз) | B68: БС-61958 (14-26) | C68: БурСервис | D68: BaraFLC - бум 25,0 кг | E68: 130524 | F68: 17500 | G68: 700 | H68: Пыть-Ях | I68: отгружено | J68: 45442 | N68: RZDU0607729 | O68: 17500 | R68: + | S68: 49500 | T68: =S68*(F68/1000) -> 866250
A69: авто (самовывоз) | B69: Спец№19 | C69: МКО | D69: BLACKTROL ж - 200 кг п/эт | E69: 250524 | F69: 9000 | G69: 45 | H69: Самовывоз | I69: отгружено | J69: 45442 | K69: Ситрак Р 639 АР 550 | L69: 79099804440 | M69: Шипов Александр | Q69: 9000 | R69: + | S69: 95000 | T69: =S69*(F69/1000) -> 855000
A70: авто (самовывоз) | B70: Спец№19 | C70: МКО | D70: BLACKTROL ж - 200 кг п/эт | E70: 260524 | F70: 8600 | G70: 43 | H70: Самовывоз | I70: отгружено | J70: 45442 | K70: Ситрак Р 639 АР 550 | L70: 79099804440 | M70: Шипов Александр | Q70: 8600 | R70: + | S70: 95000 | T70: =S70*(F70/1000) -> 817000
A71: конт (самовывоз) | B71: БС-61958 (15-26) | C71: БурСервис | D71: BaraFLC - бум 25,0 кг | E71: 140524 | F71: 17500 | G71: 700 | H71: Пыть-Ях | I71: отгружено | J71: 45443 | N71: KLKU0310074 | O71: 17500 | R71: + | S71: 49500 | T71: =S71*(F71/1000) -> 866250
A72: конт (самовывоз) | B72: БС-61958 (16-26) | C72: БурСервис | D72: BaraFLC - бум 25,0 кг | E72: 150524 | F72: 17500 | G72: 700 | H72: Пыть-Ях | I72: отгружено | J72: 45443 | N72: TKRU3281708 | O72: 17500 | R72: + | S72: 49500 | T72: =S72*(F72/1000) -> 866250
A73: конт (самовывоз) | B73: БС-61958 (17-26) | C73: БурСервис | D73: BaraFLC - бум 25,0 кг | E73: 160524 | F73: 17500 | G73: 700 | H73: Пыть-Ях | I73: отгружено | J73: 45443 | N73: TKRU3136995 | O73: 17500 | R73: + | S73: 49500 | T73: =S73*(F73/1000) -> 866250
A74: конт (самовывоз) | B74: БС-61958 (18-26) | C74: БурСервис | D74: BaraFLC - бум 25,0 кг | E74: 170524 | F74: 17500 | G74: 700 | H74: Пыть-Ях | I74: отгружено | J74: 45443 | N74: RZDU0633970 | O74: 17500 | R74: + | S74: 49500 | T74: =S74*(F74/1000) -> 866250
A75: Деловые линии | B75: Счет №192 | C75: Никель | D75: КЛСП - бум 20,0 кг | E75: 280524 | F75: 20 | G75: 1 | H75: Санк-Петербург | I75: отгружено | J75: 45443 | K75: Деловые линии | L75: Накл.44999308 | P75: 20 | R75: + | S75: 100000 | T75: =S75*(F75/1000) -> 2000
A76: Итого заказов на: | B76: =SUM(F4:F75)/1000 -> 793.237 | C76: т | T76: =SUM(T4:T75) -> 66230816
A77: Итого отгружено: | B77: =B78+B79+B80 -> 793.237 | C77: т
A78: из них ЧП: | B78: =SUM(O4:O75)/1000 -> 546.221 | C78: т
A79: из них ИНАЯ: | B79: =SUM(P4:P75)/1000 -> 46.516 | C79: т
A80: из них на жидкий: | B80: =SUM(Q4:Q75)/1000 -> 200.5 | C80: т
A81: Осталось отгрузить | B81: =B76-B77 -> 0 | C81: т

Sheet апрель 2024
B1: ОТГРУЗКИ ПРОДУКЦИИ | C1: 45383
A2: заметки | B2: НОМЕР ЗАКАЗА | C2: КЛИЕНТ | D2: ПРОДУКТ | E2: ПАРТИЯ | F2: КОЛИЧЕСТВО | H2: ПУНКТ НАЗНАЧЕНИЯ | I2: СТАТУС | J2: ДАТА ОТГРУЗКИ | K2: АВТОДОСТАВКА | N2: ЖД ДОСТАВКА | O2: ИТОГО ОТГРУЖЕНО | R2: АКТЫ
F3: КГ | G3: мешков/бочек | K3: № АВТО | L3: ТЕЛ. ВОДИТЕЛЯ | M3: ВОДИТЕЛЬ | N3: № КОНТЕЙНЕРА | O3: ЧП | P3: ИНАЯ | Q3: Жидкий | S3: Цена со склада за 1 тонну | T3: Итого
A4: авто (ГК Урал) | B4: БС-57356 | C4: БурСервис | D4: OPTIBUR (Оптитрол ж) - 200 п/эт | E4: 210324 | F4: 6400 | G4: 32 | H4: Коротчаево | I4: отгружено | J4: 45383 | K4: Ивеко Р 810 КК 159 | L4: 89519408262 | M4: Миненко Павел | Q4: 6400 | R4: + | S4: 79000 | T4: =S4*(F4/1000) -> 505600
A5: авто (ГК Урал) | B5: БС-57356 | C5: БурСервис | D5: OPTIBUR (Оптитрол ж) - 200 п/эт | E5: 220324 | F5: 6400 | G5: 32 | H5: Коротчаево | I5: отгружено | J5: 45383 | K5: Ивеко Р 810 КК 160 | L5: 89519408262 | M5: Миненко Павел | Q5: 6400 | R5: + | S5: 79000 | T5: =S5*(F5/1000) -> 505600
A6: авто (ГК Урал) | B6: БС-57356 | C6: БурСервис | D6: OPTIBUR (Оптитрол ж) - 200 п/эт | E6: 230324 | F6: 4800 | G6: 24 | H6: Коротчаево | I6: отгружено | J6: 45383 | K6: Ивеко Р 810 КК 161 | L6: 89519408262 | M6: Миненко Павел | Q6: 4800 | R6: + | S6: 79000 | T6: =S6*(F6/1000) -> 379200
A7: авто (Гандвик) | B7: Спец№10 | C7: МАД СЕРВИС | D7: КЛСП - бум 20,0 кг | E7: 280324 | F7: 7000 | G7: 350 | H7: Самара | I7: отгружено | J7: 45383 | K7: DAF М 791 УВ 29 | L7: 89600078412 | M7: Блинов Александр | P7: 7000 | R7: + | S7: 83000 | T7: =S7*(F7/1000) -> 581000
A8: авто (Гандвик) | B8: Спец№10 | C8: МАД СЕРВИС | D8: Сульф асф - п/проп марк 25,0 кг | E8: 260324 | F8: 13000 | G8: 520 | H8: Самара | I8: отгружено | J8: 45383 | K8: DAF М 791 УВ 30 | L8: 89600078412 | M8: Блинов Александр | O8: 13000 | R8: + | S8: 41000 | T8: =S8*(F8/1000) -> 533000
A9: авто (Самовывоз) | B9: Спец№6 | C9: СБМ | D9: СБМСУЛЬФ - бум 25,0 кг | E9: 011123 | F9: 20000 | G9: 800 | H9: Самовывоз | I9: отгружено | J9: 45384 | K9: Вольво К 816 АН 196 | L9: 89122005356 | M9: Десятков Павел | O9: 20000 | R9: + | S9: 50000 | T9: =S9*(F9/1000) -> 1000000
A10: авто | B10: Спец№11 | C10: КазПетроДриллинг | D10: Стабилайт II - п/проп марк 25,0 кг | E10: 230324 | F10: 20000 | G10: 800 | H10: Жанаозен | I10: отгружено | J10: 45385 | K10: DAF У 690 РК 790 | L10: 89273817812/87773777323 | M10: Портнов Дмитрий | O10: 20000 | R10: + | S10: 45000 | T10: =S10*(F10/1000) -> 900000
A11: конт | B11: БС- 59607 | C11: БурСервис | D11: BaraFLC - бум 22,68 кг | E11: 310324 | F11: 15876 | G11: 700 | H11: Нягань | I11: отгружено | J11: 45386 | K11: контейнер | N11: TKRU3345021 | O11: 15876 | R11: + | S11: 49500 | T11: =S11*(F11/1000) -> 785862
A12: авто (Бакин) | B12: Спец№7 | C12: СБМ | D12: СБМСУЛЬФ - бум 25,0 кг | E12: 310324 | F12: 20000 | G12: 800 | H12: Нягань | I12: отгружено | J12: 45386 | K12: Вольво С 931 ЕМ 51 | L12: 89212974613 | M12: Киреев Сергей | O12: 20000 | R12: + | S12: 50000 | T12: =S12*(F12/1000) -> 1000000
A13: авто | B13: Спец№10 | C13: КазПетроДриллинг | D13: Оптитрол Ж - 200 кг п/эт | E13: 220324 | F13: 6400 | G13: 32 | H13: Жанаозен | I13: отгружено | J13: 45386 | K13: DAF Е 375 АМ 198 | L13: 89270908660/87779998937 | M13: Каражан Арман | Q13: 6400 | R13: + | S13: 69000 | T13: =S13*(F13/1000) -> 441600
A14: авто | B14: Спец№10 | C14: КазПетроДриллинг | D14: Оптитрол Ж - 200 кг п/эт | E14: 230324 | F14: 4800 | G14: 24 | H14: Жанаозен | I14: отгружено | J14: 45386 | K14: DAF Е 375 АМ 198 | L14: 89270908660/87779998937 | M14: Каражан Арман | Q14: 4800 | R14: + | S14: 69000 | T14: =S14*(F14/1000) -> 331200
A15: авто | B15: Спец№10 | C15: КазПетроДриллинг | D15: Оптитрол Ж - 200 кг п/эт | E15: 290324 | F15: 6400 | G15: 32 | H15: Жанаозен | I15: отгружено | J15: 45386 | K15: DAF Е 375 АМ 198 | L15: 89270908660/87779998937 | M15: Каражан Арман | Q15: 6400 | R15: + | S15: 69000 | T15: =S15*(F15/1000) -> 441600
A16: авто | B16: Спец№17 | C16: МКО | D16: BLACKTROL ж - 200 кг п/эт | E16: 020424 | F16: 8800 | G16: 44 | H16: Самовывоз | I16: отгружено | J16: 45387 | K16: Вольво О 725 АЕ 44 | L16: ТК 89109543051 | M16: Кузнецов Сергей | N16: Самовывоз | Q16: 8800 | R16: + | S16: 95000 | T16: =S16*(F16/1000) -> 836000
A17: авто | B17: Спец№17 | C17: МКО | D17: BLACKTROL ж - 200 кг п/эт | E17: 030424 | F17: 8800 | G17: 44 | H17: Самовывоз | I17: отгружено | J17: 45387 | K17: Вольво О 725 АЕ 44 | L17: ТК 89109543051 | M17: Кузнецов Сергей | N17: Самовывоз | Q17: 8800 | R17: + | S17: 95000 | T17: =S17*(F17/1000) -> 836000
A18: авто (ГК Урал) | B18: Спец№4 | C18: СБМ | D18: СБМОЙЛРЕО В (Реомод ж) - 180 кг п/эт | E18: 280324 | F18: 15840 | G18: 88 | H18: Пыть-Ях | I18: отгружено | J18: 45390 | K18: Volvo М 441 ВК 96 | L18: 8-999-540-28-89 | M18: Краснощеков Сергей | Q18: 15840 | R18: + | S18: 359000 | T18: =S18*(F18/1000) -> 5686560
A19: авто (Гандвик) | B19: Спец№10 | C19: МАД СЕРВИС | D19: Сульф асф - п/проп марк 25,0 кг | E19: 050424 | F19: 20000 | G19: 800 | H19: Самара | I19: отгружено | J19: 45391 | K19: Камаз К 369 СН 35 | L19: 89814438409 | M19: Шубин Николай | O19: 20000 | R19: + | S19: 41000 | T19: =S19*(F19/1000) -> 820000
A20: конт | B20: БС-61145 | C20: БурСервис | D20: BaraFLC - бум 22,68 кг | E20: 310324 | F20: 3969 | G20: 175 | H20: Пурпе | I20: отгружено | J20: 45393 | K20: САМОВЫВОЗ | N20: TKRU3237921 | O20: 3969 | R20: + | S20: 49500 | T20: =S20*(F20/1000) -> 196465.5
A21: конт | B21: БС-61145 | C21: БурСервис | D21: BaraFLC - бум 22,68 кг | E21: 020424 | F21: 11907 | G21: 525 | H21: Пурпе | I21: отгружено | J21: 45393 | K21: САМОВЫВОЗ | N21: TKRU3237921 | O21: 11907 | R21: + | S21: 49500 | T21: =S21*(F21/1000) -> 589396.5
A22: авто (Самовывоз) | B22: Спец №4 | C22: BioEnergy | D22: ВЕЛЛТРИТ - 180 кг мет | E22: 010424 | F22: 14400 | G22: 80 | H22: Самовывоз | I22: отгружено | J22: 45394 | K22: DAF Р167МС 178 | L22: 8921 493 97 04 | M22: Соснин Иван | Q22: 14400 | R22: + | S22: 165000 | T22: =S22*(F22/1000) -> 2376000
A23: авто (Рич Трак) | B23: СпецMRS301169A | C23: ТКШ | D23: АДВАНТА п - бум 14,0 кг | E23: 040424 | F23: 14000 | G23: 1000 | H23: Холмск Сахалин | I23: отгружено | J23: 45397 | K23: VOLVO О 917 МХ 29 | L23: 8 (911) 567-52-25 | M23: Любимков Алексей | P23: 14000 | R23: + | S23: 275000 | T23: =S23*(F23/1000) -> 3850000
A24: авто (Самовывоз) | B24: Спец №4 | C24: BioEnergy | D24: ВЕЛЛТРИТ - 180 кг мет | E24: 030424 | F24: 14400 | G24: 80 | H24: Самовывоз | I24: отгружено | J24: 45397 | K24: Shacman Р542СН 198 | L24: 8921 679 05 75 | M24: Палица Александр | Q24: 14400 | R24: + | S24: 165000 | T24: =S24*(F24/1000) -> 2376000
A25: авто | B25: Спец№32К | C25: ОМАС | D25: ТЕРРАПАН - бум 25,0 кг | E25: 120324 | F25: 10000 | G25: 400 | H25: Нижневартовск | I25: отгружено | J25: 45398 | K25: Mercedes О 515 ОУ 29/ п/п АК6351 29 | L25: 9 953 939 90 73 | M25: Борисов Дмитрий | P25: 10000 | R25: + | S25: 246500 | T25: =S25*(F25/1000) -> 2465000
A26: авто | B26: Спец№32К | C26: ОМАС | D26: Сульф асф - п/проп марк 25,0 кг | E26: 110424 | F26: 10000 | G26: 400 | H26: Нижневартовск | I26: отгружено | J26: 45398 | K26: Mercedes О 515 ОУ 29/ п/п АК6351 29 | L26: 9 953 939 90 73 | M26: Борисов Дмитрий | O26: 10000 | R26: + | S26: 40700 | T26: =S26*(F26/1000) -> 407000
A27: авто (ГК Урал) | B27: Спец№32К | C27: ОМАС | D27: Сульф асф - п/проп марк 25,0 кг | E27: 110424 | F27: 20000 | G27: 800 | H27: Нижневартовск | I27: отгружено | J27: 45398 | K27: Скания Р 009 КТ 56 | L27: 89198591833 | M27: Дегтярев Евгений | O27: 20000 | R27: + | S27: 40700 | T27: =S27*(F27/1000) -> 814000
A28: авто (ГК Урал) | B28: Спец№30К | C28: ОМАС | D28: Сульф асф - бум 25,0 кг | E28: 09/2023 | F28: 10000 | G28: 400 | H28: Уфа | I28: отгружено | J28: 45398 | K28: Dongfeng М 058 ТК 702 | L28: 8 965 655-13-12 | M28: Мустафин Руслан | O28: 10000 | R28: + | S28: 40700 | T28: =S28*(F28/1000) -> 407000
A29: авто (ГК Урал) | B29: Спец№31К | C29: ОМАС | D29: Сульф асф - бум 25,0 кг | E29: 09/2023 | F29: 20000 | G29: 800 | H29: Пыть-Ях | I29: отгружено | J29: 45398 | K29: DAF Р 575 МС 45 | L29: 8 908-002-65-90 | M29: Голосков Алексей | O29: 20000 | R29: + | S29: 40700 | T29: =S29*(F29/1000) -> 814000
A30: авто (Бакин) | B30: Спец№31К | C30: ОМАС | D30: Сульф асф - бум 25,0 кг | E30: 09/2023 | F30: 20000 | G30: 800 | H30: Пыть-Ях | I30: отгружено | J30: 45399 | K30: Вольво О 856 УЕ 29 | L30: 89600155752 | M30: Вахтомин Иван | O30: 20000 | R30: + | S30: 40700 | T30: =S30*(F30/1000) -> 814000
A31: авто (Ариал) | B31: Спец№33К | C31: ОМАС | D31: СУПЕРСЛАЙДЕР ГОЛД - 180 кг мет | E31: 220124 | F31: 2160 | G31: 12 | H31: Уфа | I31: отгружено | J31: 45400 | K31: SCANIA Е 912 УУ 702 | L31: 89174430519 | M31: Паюршин Вячеслав | Q31: 2160 | R31: + | S31: 99800 | T31: =S31*(F31/1000) -> 215568
A32: конт | B32: БС-57359 | C32: БурСервис | D32: BaraFLC - бум 22,68 кг | E32: 020424 | F32: 7938 | G32: 350 | H32: Пурпе | I32: отгружено | J32: 45400 | K32: САМОВЫВОЗ | N32: RZDU0715718 | O32: 7938 | R32: + | S32: 49500 | T32: =S32*(F32/1000) -> 392931
A33: конт | B33: БС-57359 | C33: БурСервис | D33: BaraFLC - бум 22,68 кг | E33: 110424 | F33: 7938 | G33: 350 | H33: Пурпе | I33: отгружено | J33: 45400 | K33: САМОВЫВОЗ | N33: RZDU0715718 | O33: 7938 | R33: + | S33: 49500 | T33: =S33*(F33/1000) -> 392931
A34: конт | B34: БС-57359 | C34: БурСервис | D34: OPTIBUR (Оптитрол ж) - 200 п/эт | E34: 080424 | F34: 6600 | G34: 33 | H34: Пурпе | I34: отгружено | J34: 45400 | K34: САМОВЫВОЗ | N34: RZDU3011461 | Q34: 6600 | R34: + | S34: 79000 | T34: =S34*(F34/1000) -> 521400
A35: конт | B35: БС-57359 | C35: БурСервис | D35: OPTIBUR (Оптитрол ж) - 200 п/эт | E35: 090424 | F35: 6800 | G35: 34 | H35: Пурпе | I35: отгружено | J35: 45400 | K35: САМОВЫВОЗ | N35: RZDU3011461 | Q35: 6800 | R35: + | S35: 79000 | T35: =S35*(F35/1000) -> 537200
A36: конт | B36: БС-57359 | C36: БурСервис | D36: OPTIBUR (Оптитрол ж) - 200 п/эт | E36: 120424 | F36: 2600 | G36: 13 | H36: Пурпе | I36: отгружено | J36: 45400 | K36: САМОВЫВОЗ | N36: RZDU3011461 | Q36: 2600 | R36: + | S36: 79000 | T36: =S36*(F36/1000) -> 205400
A37: авто | B37: Счет-оферта №151 от 09.04.24 | C37: БТМ | D37: РЕОМОД п - бум 18,0 кг | E37: 200923 | F37: 5040 | G37: 280 | H37: Альметьевск | I37: отгружено | J37: 45400 | K37: SCANIA Е 912 УУ 702 | L37: 89174430519 | M37: Паюршин Вячеслав | N37: САМОВЫВОЗ | P37: 5040 | R37: + | S37: 210000 | T37: =S37*(F37/1000) -> 1058400
A38: авто Клото | B38: XRFO00216A | C38: ТКШ | D38: АДВАНТА ж - 200 кг п/эт | E38: 160424 | F38: 16000 | G38: 80 | H38: Маймакса | I38: отгружено | J38: 45400 | Q38: 16000 | R38: + | S38: 211500 | T38: =S38*(F38/1000) -> 3384000
A39: самовывоз | B39: Счет №143 | C39: Одуванчик | D39: ТЕРРАПАН - бум 25,0 кг | E39: 110324 | F39: 25 | G39: 1 | H39: Самовывоз | I39: отгружено | J39: 45401 | P39: 25 | R39: + | S39: 300000 | T39: =S39*(F39/1000) -> 7500
A40: авто (Ариал) | B40: Спец№31К | C40: ОМАС | D40: Сульф асф - бум 25,0 кг | E40: 09/2023 | F40: 20000 | G40: 800 | H40: Пыть-Ях | I40: отгружено | J40: 45401 | K40: FAW О 884РС 29 | L40: 8-902-198-45-02 | M40: Бутвин Николай | O40: 20000 | R40: + | S40: 40700 | T40: =S40*(F40/1000) -> 814000
A41: конт | B41: БС-57359 | C41: БурСервис | D41: OPTIBUR (Оптитрол ж) - 200 п/эт | E41: 120424 | F41: 4200 | G41: 21 | H41: Пурпе | I41: отгружено | J41: 45401 | K41: САМОВЫВОЗ | N41: RZDU0603261 | Q41: 4200 | R41: + | S41: 79000 | T41: =S41*(F41/1000) -> 331800
A42: конт | B42: БС-57359 | C42: БурСервис | D42: OPTIBUR (Оптитрол ж) - 200 п/эт | E42: 130424 | F42: 6800 | G42: 34 | H42: Пурпе | I42: отгружено | J42: 45401 | K42: САМОВЫВОЗ | N42: RZDU0603261 | Q42: 6800 | R42: + | S42: 79000 | T42: =S42*(F42/1000) -> 537200
A43: конт | B43: БС-57359 | C43: БурСервис | D43: OPTIBUR (Оптитрол ж) - 200 п/эт | E43: 140424 | F43: 5000 | G43: 25 | H43: Пурпе | I43: отгружено | J43: 45401 | K43: САМОВЫВОЗ | N43: RZDU0603261 | Q43: 5000 | R43: + | S43: 79000 | T43: =S43*(F43/1000) -> 395000
A44: конт | B44: БС-57359 | C44: БурСервис | D44: OPTIBUR (Оптитрол ж) - 200 п/эт | E44: 140424 | F44: 2000 | G44: 10 | H44: Пурпе | I44: отгружено | J44: 45401 | K44: САМОВЫВОЗ | N44: RZDU0627432 | Q44: 2000 | R44: + | S44: 79000 | T44: =S44*(F44/1000) -> 158000
A45: конт | B45: БС-57359 | C45: БурСервис | D45: OPTIBUR (Оптитрол ж) - 200 п/эт | E45: 150424 | F45: 7200 | G45: 36 | H45: Пурпе | I45: отгружено | J45: 45401 | K45: САМОВЫВОЗ | N45: RZDU0627432 | Q45: 7200 | R45: + | S45: 79000 | T45: =S45*(F45/1000) -> 568800
A46: конт | B46: БС-57359 | C46: БурСервис | D46: OPTIBUR (Оптитрол ж) - 200 п/эт | E46: 180424 | F46: 6800 | G46: 34 | H46: Пурпе | I46: отгружено | J46: 45401 | K46: САМОВЫВОЗ | N46: RZDU0627432 | Q46: 6800 | R46: + | S46: 79000 | T46: =S46*(F46/1000) -> 537200
A47: авто (Самовывоз) | B47: Спец №4 | C47: BioEnergy | D47: ВЕЛЛТРИТ - 180 кг мет | E47: 150424 | F47: 9720 | G47: 54 | H47: Самовывоз | I47: отгружено | J47: 45401 | K47: SCANIA М870КУ 198 | L47: 89216747234 | M47: Осокин Дмитрий | Q47: 9720 | R47: + | S47: 165000 | T47: =S47*(F47/1000) -> 1603800
A48: авто (Самовывоз) | B48: Спец №4 | C48: BioEnergy | D48: ВЕЛЛТРИТ - 180 кг мет | E48: 160424 | F48: 4680 | G48: 26 | H48: Самовывоз | I48: отгружено | J48: 45401 | K48: SCANIA М870КУ 198 | L48: 89216747234 | M48: Осокин Дмитрий | Q48: 4680 | R48: + | S48: 165000 | T48: =S48*(F48/1000) -> 772200
A49: авто (ТТТ) | B49: Спец№31К | C49: ОМАС | D49: Сульф асф - бум 25,0 кг | E49: 09/2023 | F49: 20000 | G49: 800 | H49: Пыть-Ях | I49: отгружено | J49: 45404 | K49: SHACMAN М 224 УН 126 | L49: 89614889685 | M49: Щербина Николай | O49: 20000 | R49: + | S49: 40700 | T49: =S49*(F49/1000) -> 814000
A50: авто (Самовывоз) | B50: Спец №4 | C50: BioEnergy | D50: ВЕЛЛТРИТ - 180 кг мет | E50: 160424 | F50: 5040 | G50: 28 | H50: Самовывоз | I50: отгружено | J50: 45404 | K50: DAF В538КК 178 | L50: 89214913745 | M50: Павлов Евгений | Q50: 5040 | R50: + | S50: 165000 | T50: =S50*(F50/1000) -> 831600
A51: авто (Самовывоз) | B51: Спец №4 | C51: BioEnergy | D51: ВЕЛЛТРИТ - 180 кг мет | E51: 170424 | F51: 9360 | G51: 52 | H51: Самовывоз | I51: отгружено | J51: 45404 | K51: DAF В538КК 178 | L51: 89214913745 | M51: Павлов Евгений | Q51: 9360 | R51: + | S51: 165000 | T51: =S51*(F51/1000) -> 1544400
A52: авто (ТТТ) | B52: Спец№32К | C52: ОМАС | D52: СУПЕРСЛАЙДЕР ГОЛД - 200 кг п/эт | E52: 180424 | F52: 8800 | G52: 44 | H52: Нижневартовск | I52: отгружено | J52: 45404 | K52: SHACMAN М 251 УН 126 | L52: 89286365923 | M52: Рубачев Петр | Q52: 8800 | R52: + | S52: 99800 | T52: =S52*(F52/1000) -> 878240
A53: авто (ТТТ) | B53: Спец№32К | C53: ОМАС | D53: СУПЕРСЛАЙДЕР ГОЛД - 200 кг п/эт | E53: 190424 | F53: 8800 | G53: 44 | H53: Нижневартовск | I53: отгружено | J53: 45404 | K53: SHACMAN М 251 УН 126 | L53: 89286365923 | M53: Рубачев Петр | Q53: 8800 | R53: + | S53: 99800 | T53: =S53*(F53/1000) -> 878240
A54: авто (Арсэн) | B54: Спец№141 | C54: Акрос | D54: Drilling Lube (СС РУО) - 200 кг п/эт | E54: 050424 | F54: 8600 | G54: 43 | H54: Мурманск | I54: отгружено | J54: 45405 | K54: Ивеко А862ХЕ702 | L54: 89874756307 | M54: Иванов Александр | Q54: 8600 | R54: + | S54: 369000 | T54: =S54*(F54/1000) -> 3173400
A55: авто (Арсэн) | B55: Спец№141 | C55: Акрос | D55: Drilling Lube (СС РУО) - 200 кг п/эт | E55: 060424 | F55: 9000 | G55: 45 | H55: Мурманск | I55: отгружено | J55: 45405 | K55: Ивеко А862ХЕ702 | L55: 89874756307 | M55: Иванов Александр | Q55: 9000 | R55: + | S55: 369000 | T55: =S55*(F55/1000) -> 3321000
A56: авто | B56: Спец№10 | C56: КазПетроДриллинг | D56: Оптитрол Ж - 200 кг п/эт | E56: 220324 | F56: 400 | G56: 2 | H56: Жанаозен | I56: отгружено | J56: 45406 | K56: Volvo Т 681 МР 67 | L56: 89811049534/87478866036 | M56: Бушков Александр | Q56: 400 | R56: + | S56: 69000 | T56: =S56*(F56/1000) -> 27600
A57: авто | B57: Спец№10 | C57: КазПетроДриллинг | D57: Оптитрол Ж - 200 кг п/эт | E57: 240324 | F57: 1200 | G57: 6 | H57: Жанаозен | I57: отгружено | J57: 45406 | K57: Volvo Т 681 МР 67 | L57: 89811049534/87478866036 | M57: Бушков Александр | Q57: 1200 | R57: + | S57: 69000 | T57: =S57*(F57/1000) -> 82800
A58: авто | B58: Спец№10 | C58: КазПетроДриллинг | D58: Оптитрол Ж - 200 кг п/эт | E58: 290324 | F58: 600 | G58: 3 | H58: Жанаозен | I58: отгружено | J58: 45406 | K58: Volvo Т 681 МР 67 | L58: 89811049534/87478866036 | M58: Бушков Александр | Q58: 600 | R58: + | S58: 69000 | T58: =S58*(F58/1000) -> 41400
A59: авто | B59: Спец№10 | C59: КазПетроДриллинг | D59: Оптитрол Ж - 200 кг п/эт | E59: 300324 | F59: 7600 | G59: 38 | H59: Жанаозен | I59: отгружено | J59: 45406 | K59: Volvo Т 681 МР 67 | L59: 89811049534/87478866036 | M59: Бушков Александр | Q59: 7600 | R59: + | S59: 69000 | T59: =S59*(F59/1000) -> 524400
A60: авто | B60: Спец№10 | C60: КазПетроДриллинг | D60: Оптитрол Ж - 200 кг п/эт | E60: 310324/1 | F60: 6600 | G60: 33 | H60: Жанаозен | I60: отгружено | J60: 45406 | K60: Volvo Т 681 МР 67 | L60: 89811049534/87478866036 | M60: Бушков Александр | Q60: 6600 | R60: + | S60: 69000 | T60: =S60*(F60/1000) -> 455400
A61: авто | B61: Спец№10 | C61: КазПетроДриллинг | D61: Оптитрол Ж - 200 кг п/эт | E61: 310324 | F61: 1000 | G61: 5 | H61: Жанаозен | I61: отгружено | J61: 45406 | K61: Volvo Т 681 МР 67 | L61: 89811049534/87478866036 | M61: Бушков Александр | Q61: 1000 | R61: + | S61: 69000 | T61: =S61*(F61/1000) -> 69000
A62: авто | B62: Спец№10 | C62: КазПетроДриллинг | D62: Оптитрол Ж - 200 кг п/эт | E62: 010424 | F62: 200 | G62: 1 | H62: Жанаозен | I62: отгружено | J62: 45406 | K62: Volvo Т 681 МР 67 | L62: 89811049534/87478866036 | M62: Бушков Александр | Q62: 200 | R62: + | S62: 69000 | T62: =S62*(F62/1000) -> 13800
A63: авто (самовывоз) | B63: Спец№29 | C63: Энергоресурс | D63: BLACKTROL ж - 200 кг мет | E63: 151223 | F63: 800 | G63: 4 | H63: Самовывоз | I63: отгружено | J63: 45406 | K63: SITRAK P982KB159 | M63: Голдобин Сергей | Q63: 800 | R63: + | S63: 89900 | T63: =S63*(F63/1000) -> 71920
A64: авто (самовывоз) | B64: Спец№29 | C64: Энергоресурс | D64: BLACKTROL ж - 200 кг мет | E64: 261223 | F64: 800 | G64: 4 | H64: Самовывоз | I64: отгружено | J64: 45406 | K64: SITRAK P982KB159 | M64: Голдобин Сергей | Q64: 800 | R64: + | S64: 89900 | T64: =S64*(F64/1000) -> 71920
A65: авто (самовывоз) | B65: Спец№29 | C65: Энергоресурс | D65: BLACKTROL ж - 200 кг мет | E65: 131223 | F65: 8000 | G65: 40 | H65: Самовывоз | I65: отгружено | J65: 45406 | K65: SITRAK P982KB159 | M65: Голдобин Сергей | Q65: 8000 | R65: + | S65: 89900 | T65: =S65*(F65/1000) -> 719200
A66: авто (самовывоз) | B66: Спец№29 | C66: Энергоресурс | D66: BLACKTROL ж - 200 кг мет | E66: 181223 | F66: 6400 | G66: 32 | H66: Самовывоз | I66: отгружено | J66: 45406 | K66: SITRAK P982KB159 | M66: Голдобин Сергей | Q66: 6400 | R66: + | S66: 89900 | T66: =S66*(F66/1000) -> 575360
A67: авто (Гандвик) | B67: Спец№20 | C67: Инко-Сервис | D67: ЭКСТРАМУЛ-2000 - 190 кг мет | E67: 2000-200324 | F67: 13680 | G67: 72 | H67: Волгоград | I67: отгружено | J67: 45408 | K67: DAF О922КМ 29 | L67: 89116853202 | M67: Журавлёв Николай | Q67: 13680 | R67: + | S67: 123000 | T67: =S67*(F67/1000) -> 1682640
A68: авто (Гандвик) | B68: Спец№20 | C68: Инко-Сервис | D68: ЭКСТРАМУЛ СУПРИМ - 190 кг мет | E68: 2000-200324 | F68: 3040 | G68: 16 | H68: Волгоград | I68: отгружено | J68: 45408 | K68: DAF О922КМ 29 | L68: 89116853202 | M68: Журавлёв Николай | Q68: 3040 | R68: + | S68: 148000 | T68: =S68*(F68/1000) -> 449920
A69: авто (Легион Авто) | B69: БС-62976 (1-2) | C69: БурСервис | D69: BaraFLC - бум 22,68 кг | E69: 260424 | F69: 19845 | G69: 875 | H69: Красноярск | I69: отгружено | J69: 45409 | K69: ИВЕКО Р 714 ЕМ 159 | L69: 89824607289 | M69: Осипов Олег | O69: 19845 | R69: + | S69: 49500 | T69: =S69*(F69/1000) -> 982327.5
A70: Итого заказов на: | B70: =SUM(F4:F69)/1000 -> 594.458 | C70: т | T70: =SUM(T4:T69) -> 60333982
A71: Итого отгружено: | B71: =B72+B73+B74 -> 594.458 | C71: т
A72: из них ЧП: | B72: =SUM(O4:O69)/1000 -> 280.473 | C72: т
A73: из них ИНАЯ: | B73: =SUM(P4:P69)/1000 -> 36.065 | C73: т
A74: из них на жидкий: | B74: =SUM(Q4:Q69)/1000 -> 277.92 | C74: т
A75: Осталось отгрузить | B75: =B70-B71 -> 0 | C75: т

Sheet март 2024
B1: ОТГРУЗКИ ПРОДУКЦИИ | C1: 45352
A2: заметки | B2: НОМЕР ЗАКАЗА | C2: КЛИЕНТ | D2: ПРОДУКТ | E2: ПАРТИЯ | F2: КОЛИЧЕСТВО | H2: ПУНКТ НАЗНАЧЕНИЯ | I2: СТАТУС | J2: ДАТА ОТГРУЗКИ | K2: АВТОДОСТАВКА | N2: ЖД ДОСТАВКА | O2: ИТОГО ОТГРУЖЕНО | R2: АКТЫ
F3: КГ | G3: мешков/бочек | K3: № АВТО | L3: ТЕЛ. ВОДИТЕЛЯ | M3: ВОДИТЕЛЬ | N3: № КОНТЕЙНЕРА | O3: ЧП | P3: ИНАЯ | Q3: Жидкий | S3: Цена со склада за 1 тонну | T3: Итого
A5: конт | B5: БС-55154 | C5: БурСервис | D5: BaraFLC - бум 22,68 кг | E5: 260224 | F5: 15876 | G5: 700 | H5: Нягань | I5: отгружено | J5: 45352 | N5: TKRU3006964 | O5: 15876 | R5: + | S5: 49500 | T5: =S5*(F5/1000) -> 785862
A6: авто | B6: Спец№139 | C6: Акрос | D6: КЛСП - бум 20,0 кг | E6: 100224 | F6: 20000 | G6: 1000 | H6: Н.Уренгой | I6: отгружено | J6: 45355 | K6: МАН М 517 ОА 29 | L6: 8-953-261-14-61 | M6: Агафонов Илья | P6: 20000 | R6: + | S6: 83000 | T6: =S6*(F6/1000) -> 1660000
A7: авто | B7: Заказ 44174 | C7: ТКШ | D7: Reasolt - п/проп 22,7 кг | E7: 150224 | F7: 19862.5 | G7: 875 | H7: Пыть-Ях | I7: отгружено | J7: 45356 | K7: DAF Р 575 МС 45 | L7: 8 908 002-65-90 | M7: Голосков Алексей | O7: 19862.5 | R7: + | S7: 42500 | T7: =S7*(F7/1000) -> 844156.25
A8: авто | B8: Спец№1 | C8: Алмазгеобур | D8: СУПЕРСЛАЙДЕР ГОЛД - 20 кг канистра | E8: 0056430124 | F8: 18720 | G8: 936 | H8: Самовывоз | I8: отгружено | J8: 45356 | K8: Volvo О 465 УС 29 | L8: 7 (921)243-92–18 | M8: Десятовский Илья | Q8: 18720 | R8: + | S8: 105250 | T8: =S8*(F8/1000) -> 1970280
A9: авто (Бакин) | B9: Спец№24К | C9: Омас | D9: Сульф асф - бум 25,0 кг | E9: 09/2023 | F9: 20000 | G9: 800 | H9: Нижневартовск | I9: отгружено | J9: 45358 | K9: Вольво С 931 ЕМ 51 | L9: 89212974613 | M9: Киреев Сергей | O9: 20000 | R9: + | S9: 41000 | T9: =S9*(F9/1000) -> 820000
A10: авто Арсэн | B10: Заказ 44174 | C10: ТКШ | D10: Reasolt - п/проп 22,7 кг | E10: 200224 | F10: 19862.5 | G10: 875 | H10: Пыть-Ях | I10: отгружено | J10: 45360 | K10: Daf К 008 МА 29 | L10: 8 911 682 59 92 | M10: Белоцерковский Алексей | O10: 19862.5 | R10: + | S10: 42500 | T10: =S10*(F10/1000) -> 844156.25
A11: авто Арсэн | B11: Заказ 44174 | C11: ТКШ | D11: Reasolt - п/проп 22,7 кг | E11: 180224 | F11: 19862.5 | G11: 875 | H11: Пыть-Ях | I11: отгружено | J11: 45360 | K11: MERCEDES С 094 УХ 72 | L11: 7 (912) 995 - 38 - 89 | M11: Новоселов Виктор | O11: 19862.5 | R11: + | S11: 42500 | T11: =S11*(F11/1000) -> 844156.25
A12: авто | B12: Спец№1 | C12: Алмазгеобур | D12: СУПЕРСЛАЙДЕР ГОЛД - 20 кг канистра | E12: 0056430124 | F12: 18720 | G12: 936 | H12: Самовывоз | I12: отгружено | J12: 45362 | K12: DAF О 841 ВК 29 | L12: 89600154401/89965025851 | M12: Жилин Андрей | Q12: 18720 | R12: + | S12: 105250 | T12: =S12*(F12/1000) -> 1970280
A13: авто | B13: Спец№16 | C13: МКО | D13: BLACKTROL ж - 200 кг п/эт | E13: 080324 | F13: 17600 | G13: 88 | H13: самовывоз | I13: отгружено | J13: 45362 | K13: VOLVO М 998 АУ 196 | L13: 9826911157 89826911157 | M13: Бердников Дмитрий | Q13: 17600 | R13: + | S13: 90000 | T13: =S13*(F13/1000) -> 1584000
A14: авто Делые линии | B14: Спец№5 | C14: Парм-Гинс | D14: РЕОМОД ж - 190 кг п/эт | E14: 070224 | F14: 1710 | G14: 9 | H14: Фролово | I14: отгружено | J14: 45362 | K14: Деловые Линии №00250013583 от 11.03.2024 | Q14: 1710 | R14: + | S14: 345000 | T14: =S14*(F14/1000) -> 589950
A15: авто (Арсэн) | B15: Спец№139 | C15: Акрос | D15: КЛСП - бум 20,0 кг | E15: 140224 | F15: 20000 | G15: 1000 | H15: Н.Уренгой | I15: отгружено | J15: 45362 | K15: Scania О 877 ВР 159 | L15: 89526507974 | M15: Шмаков Николай | P15: 20000 | R15: + | S15: 83000 | T15: =S15*(F15/1000) -> 1660000
A16: авто | B16: Спец№16 | C16: МКО | D16: BLACKTROL ж - 200 кг п/эт | E16: 090324 | F16: 17600 | G16: 88 | H16: самовывоз | I16: отгружено | J16: 45363 | K16: VOLVO С 337 ХР 196 | L16: 89827203637 | M16: Лубов Николай | Q16: 17600 | R16: + | S16: 90000 | T16: =S16*(F16/1000) -> 1584000
A17: авто | B17: Заказ 44174 | C17: ТКШ (ГК Урал) | D17: Reasolt - п/проп 22,7 кг | E17: 210224 | F17: 19862.5 | G17: 875 | H17: Пыть-Ях | I17: отгружено | J17: 45363 | K17: VOLVO М 441 ВК 96 | L17: 8-999-540-28-89 | M17: Краснощеков Сергей | O17: 19862.5 | R17: + | S17: 42500 | T17: =S17*(F17/1000) -> 844156.25
A18: авто (Гандвик) | B18: Спец№25К | C18: Омас | D18: Сульф асф - бум 25,0 кг | E18: 09/2023 | F18: 20000 | G18: 800 | H18: Пыть-Ях | I18: отгружено | J18: 45363 | K18: VOLVO Т 954 ВВ 790 | L18: 8 (920) 627-81-26 | M18: Болтушкин Александр | O18: 20000 | R18: + | S18: 41000 | T18: =S18*(F18/1000) -> 820000
A19: авто (ГК Урал) | B19: Спец№25К | C19: Омас | D19: Сульф асф - бум 25,0 кг | E19: 09/2023 | F19: 20000 | G19: 800 | H19: Пыть-Ях | I19: отгружено | J19: 45363 | K19: VOLVO О 951 РК 72 | L19: 89224888474/89966862434 | M19: Добрыдин Станислав | O19: 20000 | R19: + | S19: 41000 | T19: =S19*(F19/1000) -> 820000
A20: авто (Ариал) | B20: Спец№11 | C20: Технологии ОФС | D20: BLACKTROL ж - 200 кг п/эт | E20: 100324 | F20: 9000 | G20: 45 | H20: Усть-Кут | I20: отгружено | J20: 45364 | K20: FAW О 797 РА 29 | L20: 8-911-570-85-58 | M20: Путятин Сергей | Q20: 9000 | R20: + | S20: 87500 | T20: =S20*(F20/1000) -> 787500
A21: авто (Ариал) | B21: Спец№11 | C21: Технологии ОФС | D21: BLACKTROL ж - 200 кг п/эт | E21: 100324 | F21: 600 | G21: 3 | H21: Усть-Кут | I21: отгружено | J21: 45364 | K21: FAW О 797 РА 29 | L21: 8-911-570-85-58 | M21: Путятин Сергей | Q21: 600 | R21: + | S21: 87500 | T21: =S21*(F21/1000) -> 52500
A22: авто (Ариал) | B22: Спец№11 | C22: Технологии ОФС | D22: BLACKTROL ж - 200 кг п/эт | E22: 100324 | F22: 8000 | G22: 40 | H22: Усть-Кут | I22: отгружено | J22: 45364 | K22: FAW О 797 РА 29 | L22: 8-911-570-85-58 | M22: Путятин Сергей | Q22: 8000 | R22: + | S22: 87500 | T22: =S22*(F22/1000) -> 700000
A23: авто (Арсэн) | B23: Спец№28К | C23: Омас | D23: ТЕРРАПАН - бум 25,0 кг | E23: 120324 | F23: 10000 | G23: 400 | H23: Нижневартовск | I23: отгружено | J23: 45365 | K23: Scania О 070 КР 158 | L23: 89223455528/89082682581 | M23: Тихонов Андрей/Балуев Георгий | P23: 10000 | R23: + | S23: 246500 | T23: =S23*(F23/1000) -> 2465000
A24: авто (Арсэн) | B24: Спец№28К | C24: Омас | D24: Сульф асф - бум 25,0 кг | E24: 09/2023 | F24: 10000 | G24: 400 | H24: Нижневартовск | I24: отгружено | J24: 45365 | K24: Scania О 070 КР 159 | L24: 89223455528/89082682581 | M24: Тихонов Андрей/Балуев Георгий | O24: 10000 | R24: + | S24: 41000 | T24: =S24*(F24/1000) -> 410000
A25: авто (Ариал) | B25: Спец№11 | C25: Технологии ОФС | D25: BLACKTROL ж - 200 кг п/эт | E25: 110324 | F25: 17600 | G25: 88 | H25: Усть-Кут | I25: отгружено | J25: 45366 | K25: МАН М 514 НВ 29 | L25: 8-902-198-45-02 | M25: Бутвин Николай | Q25: 17600 | R25: + | S25: 87500 | T25: =S25*(F25/1000) -> 1540000
A26: авто (Арсэн) | B26: Спец№139 | C26: Акрос | D26: КЛСП - бум 20,0 кг | E26: 180224 | F26: 20000 | G26: 1000 | H26: Н.Уренгой | I26: отгружено | J26: 45366 | K26: DAF XF О 033 ТС 159 | L26: 89991263397 | M26: Шайдулин Камиль | P26: 20000 | R26: + | S26: 83000 | T26: =S26*(F26/1000) -> 1660000
A27: авто (Гандвик) | B27: Заказ 44174 | C27: ТКШ | D27: Reasolt - п/проп 22,7 кг | E27: 220224 | F27: 19862.5 | G27: 875 | H27: Пыть-Ях | I27: отгружено | J27: 45366 | K27: DAF М 910 РУ 29 | L27: 8 911 685-34-05 | M27: Вишняков Денис | O27: 19862.5 | R27: + | S27: 42500 | T27: =S27*(F27/1000) -> 844156.25
A28: авто | B28: Спец№28 | C28: Энергоресурс | D28: Стабилайт II - п/проп обезл 25,0 кг | E28: 159 | F28: 12000 | G28: 480 | H28: Самовывоз | I28: отгружено | J28: 45366 | K28: Scania М 274 СХ 69 | L28: 89066548937 | M28: Смирнов Сергей | O28: 12000 | R28: + | S28: 45900 | T28: =S28*(F28/1000) -> 550800
A29: авто | B29: Спец№28 | C29: Энергоресурс | D29: BLACKTROL ж - 200 кг мет | E29: 251123 | F29: 2400 | G29: 12 | H29: Самовывоз | I29: отгружено | J29: 45366 | K29: Scania М 274 СХ 69 | L29: 89066548937 | M29: Смирнов Сергей | Q29: 2400 | R29: + | S29: 89900 | T29: =S29*(F29/1000) -> 215760
A30: авто | B30: Спец№28 | C30: Энергоресурс | D30: BLACKTROL ж - 200 кг мет | E30: 261223 | F30: 4800 | G30: 24 | H30: Самовывоз | I30: отгружено | J30: 45366 | K30: Scania М 274 СХ 69 | L30: 89066548937 | M30: Смирнов Сергей | Q30: 4800 | R30: + | S30: 89900 | T30: =S30*(F30/1000) -> 431520
A31: авто | B31: Спец№28 | C31: Энергоресурс | D31: BLACKTROL ж - 200 кг мет | E31: 151223 | F31: 800 | G31: 4 | H31: Самовывоз | I31: отгружено | J31: 45366 | K31: Scania М 274 СХ 69 | L31: 89066548937 | M31: Смирнов Сергей | Q31: 800 | R31: + | S31: 89900 | T31: =S31*(F31/1000) -> 71920
A32: авто (Бакин) | B32: Спец№10 | C32: Технологии ОФС | D32: СУПЕРСЛАЙДЕР ГОЛД - 200 кг п/эт | E32: 100324 | F32: 12000 | G32: 60 | H32: Нижневартовск | I32: отгружено | J32: 45368 | K32: VOLVO О 856 УЕ 29 | L32: 89600155752 | M32: Вахтомин Иван | Q32: 12000 | R32: + | S32: 125000 | T32: =S32*(F32/1000) -> 1500000
A33: авто (Бакин) | B33: Спец№10 | C33: Технологии ОФС | D33: СУПЕРСЛАЙДЕР ГОЛД - 200 кг п/эт | E33: 100324 | F33: 5600 | G33: 28 | H33: Нижневартовск | I33: отгружено | J33: 45368 | K33: VOLVO О 856 УЕ 29 | L33: 89600155752 | M33: Вахтомин Иван | Q33: 5600 | R33: + | S33: 125000 | T33: =S33*(F33/1000) -> 700000
A34: авто (Рич Трак) | B34: Спец№10 | C34: Технологии ОФС | D34: СУПЕРСЛАЙДЕР ГОЛД - 200 кг п/эт | E34: 100324 | F34: 6400 | G34: 32 | H34: Нижневартовск | I34: отгружено | J34: 45368 | K34: DAF В 426 МХ 45 | L34: 8 912 575-48-67 | M34: Анфалов Сергей | Q34: 6400 | R34: + | S34: 125000 | T34: =S34*(F34/1000) -> 800000
A35: авто (Рич Трак) | B35: Спец№10 | C35: Технологии ОФС | D35: СУПЕРСЛАЙДЕР ГОЛД - 200 кг п/эт | E35: 100324 | F35: 11200 | G35: 56 | H35: Нижневартовск | I35: отгружено | J35: 45368 | K35: DAF В 426 МХ 45 | L35: 8 912 575-48-67 | M35: Анфалов Сергей | Q35: 11200 | R35: + | S35: 125000 | T35: =S35*(F35/1000) -> 1400000
A36: кнт | B36: Спец№10 | C36: Технологии ОФС | D36: СУПЕРСЛАЙДЕР ГОЛД - 200 кг п/эт | E36: 100324 | F36: 14400 | G36: 72 | H36: Нижневартовск | I36: отгружено | J36: 45370 | K36: ТрансКонтейнер | N36: TKRU 3211336 | Q36: 14400 | R36: + | S36: 125000 | T36: =S36*(F36/1000) -> 1800000
B37: Спец№10 | C37: Технологии ОФС | D37: СУПЕРСЛАЙДЕР ГОЛД - 200 кг п/эт | E37: 120324 | F37: 1600 | G37: 8 | H37: Нижневартовск | I37: отгружено | J37: 45370 | K37: ТрансКонтейнер | Q37: 1600 | R37: + | S37: 125000 | T37: =S37*(F37/1000) -> 200000
A38: кнт | B38: Спец№10 | C38: Технологии ОФС | D38: СУПЕРСЛАЙДЕР ГОЛД - 200 кг п/эт | E38: 120324 | F38: 16000 | G38: 80 | H38: Нижневартовск | I38: отгружено | J38: 45370 | K38: ТрансКонтейнер | N38: TKRU 3547845 | Q38: 16000 | R38: + | S38: 125000 | T38: =S38*(F38/1000) -> 2000000
A39: авто (Арсэн) | B39: БС-57356 | C39: БурСервис | D39: Оптитрол Ж - 200 кг п/эт | E39: 150324 | F39: 7000 | G39: 35 | H39: Коротчаево | I39: отгружено | J39: 45370 | K39: Scania О 836 ВР 159 | L39: 89323324877 | M39: Петров Константин | Q39: 7000 | R39: + | S39: 79000 | T39: =S39*(F39/1000) -> 553000
A40: авто (Арсэн) | B40: БС-57356 | C40: БурСервис | D40: Оптитрол Ж - 200 кг п/эт | E40: 160324 | F40: 6800 | G40: 34 | H40: Коротчаево | I40: отгружено | J40: 45370 | K40: Scania О 836 ВР 159 | L40: 89323324877 | M40: Петров Константин | Q40: 6800 | R40: + | S40: 79000 | T40: =S40*(F40/1000) -> 537200
A41: авто (Арсэн) | B41: БС-57356 | C41: БурСервис | D41: Оптитрол Ж - 200 кг п/эт | E41: 170324 | F41: 3200 | G41: 16 | H41: Коротчаево | I41: отгружено | J41: 45370 | K41: Scania О 836 ВР 159 | L41: 89323324877 | M41: Петров Константин | Q41: 3200 | R41: + | S41: 79000 | T41: =S41*(F41/1000) -> 252800
A42: авто (Арсэн) | B42: БС-57356 | C42: БурСервис | D42: Оптитрол Ж - 200 кг п/эт | E42: 060324 | F42: 600 | G42: 3 | H42: Коротчаево | I42: отгружено | J42: 45370 | K42: Scania О 836 ВР 159 | L42: 89323324877 | M42: Петров Константин | Q42: 600 | R42: + | S42: 79000 | T42: =S42*(F42/1000) -> 47400
B43: Спец№12 | C43: ERIELL | D43: LG-DRILL - п/проп 25,0 кг | E43: 100324 | F43: 20000 | G43: 800 | I43: отгружено | J43: 45370 | K43: FAW 90V698QA | L43: 79228927161 | M43: Мадаминов Мадрахим Алишер угли | O43: 20000 | R43: + | S43: 38000 | T43: =S43*(F43/1000) -> 760000
B44: Спец№12 | C44: ERIELL | D44: LG-DRILL - п/проп 25,0 кг | E44: 110324 | F44: 20000 | G44: 800 | I44: отгружено | J44: 45370 | K44: FAW 90Y160PA | L44: 79228927161 | M44: Абдуллаев Алишер Камилжанович | O44: 20000 | R44: + | S44: 38000 | T44: =S44*(F44/1000) -> 760000
B45: Спец№12 | C45: ERIELL | D45: LG-DRILL - п/проп 25,0 кг | E45: 150324 | F45: 20000 | G45: 800 | I45: отгружено | J45: 45370 | K45: MAN 80176NBA | M45: Раджабов Кодир Рахматович | O45: 20000 | R45: + | S45: 38000 | T45: =S45*(F45/1000) -> 760000
A46: авто | B46: Спец№1 | C46: Алмазгеобур | D46: СУПЕРСЛАЙДЕР ГОЛД - 20 кг канистра | E46: 0056430124 | F46: 15180 | G46: 759 | H46: Самовывоз | I46: отгружено | J46: 45371 | K46: DAF О 841 ВК 29 | L46: 8 (960) 015 - 44 - 01 | M46: Жилин Андрей | Q46: 15180 | R46: + | S46: 105250 | T46: =S46*(F46/1000) -> 1597695
A47: авто | B47: Спец№1 | C47: Алмазгеобур | D47: СУПЕРСЛАЙДЕР ГОЛД - 20 кг канистра | E47: 0056430124 | G47: 9 | H47: Самовывоз | J47: 45371 | K47: DAF О 841 ВК 29 | L47: 7 (996) 502 - 58 - 51 | M47: Жилин Андрей | N47: Презент | R47: + | T47: =S47*(F47/1000) -> 0
A48: авто (Арсэн) | B48: БС-57356 | C48: БурСервис | D48: Оптитрол Ж - 200 кг п/эт | E48: 170324 | F48: 3400 | G48: 17 | H48: Коротчаево | I48: отгружено | J48: 45371 | K48: DonFeng Р 961 ВС 159 | L48: 89920040504 | M48: Шубенкин Владимир | Q48: 3400 | R48: + | S48: 79000 | T48: =S48*(F48/1000) -> 268600
A49: авто (Арсэн) | B49: БС-57356 | C49: БурСервис | D49: Оптитрол Ж - 200 кг п/эт | E49: 180324 | F49: 7000 | G49: 35 | H49: Коротчаево | I49: отгружено | J49: 45371 | K49: DonFeng Р 961 ВС 159 | L49: 89920040504 | M49: Шубенкин Владимир | Q49: 7000 | R49: + | S49: 79000 | T49: =S49*(F49/1000) -> 553000
A50: авто (Арсэн) | B50: БС-57356 | C50: БурСервис | D50: Оптитрол Ж - 200 кг п/эт | E50: 190324 | F50: 6400 | G50: 32 | H50: Коротчаево | I50: отгружено | J50: 45371 | K50: DonFeng Р 961 ВС 159 | L50: 89920040504 | M50: Шубенкин Владимир | Q50: 6400 | R50: + | S50: 79000 | T50: =S50*(F50/1000) -> 505600
A51: авто (Арсэн) | B51: БС-57356 | C51: БурСервис | D51: Оптитрол Ж - 200 кг п/эт | E51: 200324 | F51: 800 | G51: 4 | H51: Коротчаево | I51: отгружено | J51: 45371 | K51: DonFeng Р 961 ВС 159 | L51: 89920040504 | M51: Шубенкин Владимир | Q51: 800 | R51: + | S51: 79000 | T51: =S51*(F51/1000) -> 63200
A52: авто (ГК Урал) | B52: Спец№139 | C52: Акрос | D52: КЛСП - бум 20,0 кг | E52: 220224 | F52: 20000 | G52: 1000 | H52: Н.Уренгой | I52: отгружено | J52: 45371 | K52: МАЗ рег.ном.: У292ОС 96 | L52: 89221131975 | M52: Толкачев Анатолий | P52: 20000 | R52: + | S52: 83000 | T52: =S52*(F52/1000) -> 1660000
A53: авто (ГК Урал) | B53: Спец№10 | C53: Технологии ОФС | D53: СУПЕРСЛАЙДЕР ГОЛД - 200 кг п/эт | E53: 120324 | F53: 16800 | G53: 84 | H53: Нижневартовск | I53: отгружено | J53: 45371 | K53: Камаз О 935 НР 46 | L53: 8 903 027 30 93 | M53: Емельянов Александр | Q53: 16800 | R53: + | S53: 125000 | T53: =S53*(F53/1000) -> 2100000
A54: авто (Рич трак) | B54: БС-57356 | C54: БурСервис | D54: Оптитрол Ж - 200 кг п/эт | E54: 200324 | F54: 6200 | G54: 31 | H54: Коротчаево | I54: отгружено | J54: 45372 | K54: DAF Р 575 МС 45 | L54: 8 908 002-65-90 | M54: Голосков Алексей | Q54: 6200 | R54: + | S54: 79000 | T54: =S54*(F54/1000) -> 489800
A55: авто (Рич трак) | B55: БС-57356 | C55: БурСервис | D55: Оптитрол Ж - 200 кг п/эт | E55: 200324/1 | F55: 6600 | G55: 33 | H55: Коротчаево | I55: отгружено | J55: 45372 | K55: DAF Р 575 МС 45 | L55: 8 908 002-65-90 | M55: Голосков Алексей | Q55: 6600 | R55: + | S55: 79000 | T55: =S55*(F55/1000) -> 521400
