Workbook

Sheet декабрь 2025
B1: ОТГРУЗКИ ПРОДУКЦИИ | C1: 45992
A2: заметки | B2: НОМЕР ЗАКАЗА | C2: КЛИЕНТ | D2: ПРОДУКТ | E2: ПАРТИЯ | F2: КОЛИЧЕСТВО | H2: ПУНКТ НАЗНАЧЕНИЯ | I2: СТАТУС | J2: ДАТА ОТГРУЗКИ | K2: АВТОДОСТАВКА | N2: ЖД ДОСТАВКА | O2: ИТОГО ОТГРУЖЕНО | R2: АКТЫ | S2: Цена со склада за 1 тонну
F3: КГ | G3: мешков/бочек | K3: № АВТО | L3: ТЕЛ. ВОДИТЕЛЯ | M3: ВОДИТЕЛЬ | N3: № КОНТЕЙНЕРА/ВАГОНА | O3: ЧП | P3: ИНАЯ | Q3: Жидкий | T3: Итого
A4: авто(Ванюхин) | B4: Спец№24 (2-6) | C4: КазПетроДриллинг | D4: Оптитрол Ж - 200 кг п/эт | E4: 221025 | F4: 800 | G4: 4 | H4: Жанаозен | I4: отгружено | J4: 45992 | K4: DАF Е375АМ198 | L4: 89270908660/87779998937 | M4: Каражан Арман | Q4: 800 | R4: + | S4: 82000 | T4: =S4*F4/1000 -> 65600
A5: авто(Ванюхин) | B5: Спец№24 (2-6) | C5: КазПетроДриллинг | D5: Оптитрол Ж - 200 кг п/эт | E5: 201125 | F5: 6400 | G5: 32 | H5: Жанаозен | I5: отгружено | J5: 45992 | K5: DАF Е375АМ198 | L5: 89270908660/87779998937 | M5: Каражан Арман | Q5: 6400 | R5: + | S5: 82000 | T5: =S5*F5/1000 -> 524800
A6: авто(Ванюхин) | B6: Спец№24 (2-6) | C6: КазПетроДриллинг | D6: Оптитрол Ж - 200 кг п/эт | E6: 211125 | F6: 10400 | G6: 52 | H6: Жанаозен | I6: отгружено | J6: 45992 | K6: DАF Е375АМ198 | L6: 89270908660/87779998937 | M6: Каражан Арман | Q6: 10400 | R6: + | S6: 82000 | T6: =S6*F6/1000 -> 852800
A7: авто(Самовывоз) | B7: Спец№1 | C7: Прогресс-2 | D7: BLACKTROL ж - 200 кг п/эт | E7: 071025 | F7: 1600 | G7: 8 | H7: САМОВЫВОЗ | I7: отгружено | J7: 45992 | K7: ГАЗ К627МВ763 | L7: 890223544561 | M7: Симдянов Павел | Q7: 1600 | R7: + | S7: 111000 | T7: =S7*F7/1000 -> 177600
A8: авто(Бакин) | B8: Спец№97К(4-9) | C8: ОМАС | D8: ТЕРРАПАН - бум 25,0 кг | E8: 10/2025 | F8: 20000 | G8: 800 | H8: НЖВ | I8: отгружено | J8: 45993 | K8: Вольво Р034СВ29 | L8: 89212974613 | M8: Киреев Сергей | P8: 20000 | R8: + | S8: 250000 | T8: =S8*F8/1000 -> 5000000
A9: авто(Ариал) | B9: Спец№49(2-4) | C9: Буринтех | D9: СУЛЬФОБИТ - бум 25,0 кг | E9: 090625 | F9: 20000 | G9: 800 | H9: Пыть-Ях | I9: отгружено | J9: 45993 | K9: Мерседес Е516СМ174 | L9: 89823053258 | M9: Марков Вячеслав | O9: 20000 | R9: + | S9: 41500 | T9: =S9*F9/1000 -> 830000
A10: авто(Ариал) | B10: Спец№49(2-4) | C10: Буринтех | D10: СУЛЬФОБИТ - бум 25,0 кг | E10: 050625 | F10: 1000 | G10: 40 | H10: Пыть-Ях | I10: отгружено | J10: 45993 | K10: Мерседес Е516СМ174 | L10: 89823053258 | M10: Марков Вячеслав | O10: 1000 | R10: + | S10: 41500 | T10: =S10*F10/1000 -> 41500
A11: авто(Инкам) | B11: Спец№97К(5-9) | C11: ОМАС | D11: Сульф асф - бум 25,0 кг | E11: 03/2025 | F11: 18000 | G11: 720 | H11: НЖВ | I11: отгружено | J11: 45996 | K11: DAF К008МА29 | L11: 89116825992 | M11: Белоцерковский Алексей | O11: 18000 | R11: + | S11: 44500 | T11: =S11*F11/1000 -> 801000
A12: авто(Инкам) | B12: Спец№97К(5-9) | C12: ОМАС | D12: ТЕРРАПАН - бум 25,0 кг | E12: 10/2025 | F12: 2000 | G12: 80 | H12: НЖВ | I12: отгружено | J12: 45996 | K12: DAF К008МА29 | L12: 89116825992 | M12: Белоцерковский Алексей | P12: 2000 | R12: + | S12: 250000 | T12: =S12*F12/1000 -> 500000
A13: ДЛ | B13: Счет№369 | C13: БГРП | D13: СУПЕРСЛАЙДЕР ПЛАТИНУМ - 200 кг п/эт | E13: 251125 | F13: 600 | G13: 3 | H13: самовывоз на Рубцовск | I13: отгружено | J13: 45996 | K13: Деловые линии | L13: №00250063878 | Q13: 600 | R13: + | S13: 235000 | T13: =S13*F13/1000 -> 141000
A14: авто(Бакин) | B14: Спец№97К(6-9) | C14: ОМАС | D14: ТЕРРАПАН - бум 25,0 кг | E14: 10/2025 | F14: 18000 | G14: 720 | H14: НЖВ | I14: отгружено | J14: 45999 | K14: Вольво О856УЕ29 | L14: 89216004800 | M14: Рядовкин Евгений | P14: 18000 | R14: + | S14: 250000 | T14: =S14*F14/1000 -> 4500000
A15: авто(Бакин) | B15: Спец№97К(6-9) | C15: ОМАС | D15: Сульф асф - бум 25,0 кг | E15: 03/2025 | F15: 2000 | G15: 80 | H15: НЖВ | I15: отгружено | J15: 45999 | K15: Вольво О856УЕ29 | L15: 89216004800 | M15: Рядовкин Евгений | O15: 2000 | R15: + | S15: 44500 | T15: =S15*F15/1000 -> 89000
A16: авто(Ариал) | B16: Спец№31(1-4) | C16: МАДСЕРВИС | D16: Сульф асф - бум 25,0 кг | E16: 050424 | F16: 12000 | G16: 480 | H16: Бузулук | I16: отгружено | J16: 46000 | K16: РЕНО Н451МС196 | L16: 89923370709 | M16: Дудин Андрей | O16: 12000 | R16: + | S16: 44500 | T16: =S16*F16/1000 -> 534000
A17: авто(Ариал) | B17: Спец№31(1-4) | C17: МАДСЕРВИС | D17: ПОЛИКАП - бум 25,0 кг | E17: 020725 | F17: 2000 | G17: 80 | H17: Бузулук | I17: отгружено | J17: 46000 | K17: РЕНО Н451МС196 | L17: 89923370709 | M17: Дудин Андрей | P17: 2000 | R17: + | S17: 250000 | T17: =S17*F17/1000 -> 500000
A18: авто(Ариал) | B18: Спец№31(1-4) | C18: МАДСЕРВИС | D18: СУПЕРСЛАЙДЕР ГОЛД - 200 кг п/эт | E18: 180424 | F18: 6400 | G18: 32 | H18: Бузулук | I18: отгружено | J18: 46000 | K18: РЕНО Н451МС196 | L18: 89923370709 | M18: Дудин Андрей | Q18: 6400 | R18: + | S18: 105000 | T18: =S18*F18/1000 -> 672000
A19: авто(Ариал) | B19: 01/50/14/09/1264 (1) | C19: Сургутнефтегаз | D19: Оптитрол Ж - 200 кг п/эт | E19: 200925 | F19: 3600 | G19: 18 | H19: Сургут. Белый Яр | I19: отгружено | J19: 46000 | K19: Ситрак У190МУ48 | L19: 89042871081 | M19: Кононыхин Эдуард | Q19: 3600 | R19: + | S19: 85500 | T19: =S19*F19/1000 -> 307800
A20: авто(Ариал) | B20: 01/50/14/09/1264 (1) | C20: Сургутнефтегаз | D20: Оптитрол Ж - 200 кг п/эт | E20: 011025 | F20: 6800 | G20: 34 | H20: Сургут. Белый Яр | I20: отгружено | J20: 46000 | K20: Ситрак У190МУ48 | L20: 89042871081 | M20: Кононыхин Эдуард | Q20: 6800 | R20: + | S20: 85500 | T20: =S20*F20/1000 -> 581400
A21: авто(Ариал) | B21: 01/50/14/09/1264 (1) | C21: Сургутнефтегаз | D21: Оптитрол Ж - 200 кг п/эт | E21: 141125 | F21: 7200 | G21: 36 | H21: Сургут. Белый Яр | I21: отгружено | J21: 46000 | K21: Ситрак У190МУ48 | L21: 89042871081 | M21: Кононыхин Эдуард | Q21: 7200 | R21: + | S21: 85500 | T21: =S21*F21/1000 -> 615600
A22: авто(Рич Трак) | B22: 01/50/14/09/1264 (2) | C22: Сургутнефтегаз | D22: Оптитрол Ж - 200 кг п/эт | E22: 281025 | F22: 6800 | G22: 34 | H22: Сургут. Белый Яр | I22: отгружено | J22: 46001 | K22: ФАВ В066ХЕ122 | L22: 89823630520 | M22: Пенский Дмитрий | Q22: 6800 | R22: + | S22: 85500 | T22: =S22*F22/1000 -> 581400
A23: авто(Рич Трак) | B23: 01/50/14/09/1264 (2) | C23: Сургутнефтегаз | D23: Оптитрол Ж - 200 кг п/эт | E23: 291025 | F23: 7000 | G23: 35 | H23: Сургут. Белый Яр | I23: отгружено | J23: 46001 | K23: ФАВ В066ХЕ122 | L23: 89823630520 | M23: Пенский Дмитрий | Q23: 7000 | R23: + | S23: 85500 | T23: =S23*F23/1000 -> 598500
A24: авто(Рич Трак) | B24: 01/50/14/09/1264 (2) | C24: Сургутнефтегаз | D24: Оптитрол Ж - 200 кг п/эт | E24: 311025 | F24: 3800 | G24: 19 | H24: Сургут. Белый Яр | I24: отгружено | J24: 46001 | K24: ФАВ В066ХЕ122 | L24: 89823630520 | M24: Пенский Дмитрий | Q24: 3800 | R24: + | S24: 85500 | T24: =S24*F24/1000 -> 324900
A25: авто(Рич Трак) | B25: 01/50/14/09/1264 (3) | C25: Сургутнефтегаз | D25: BLACKTROL ж - 200 кг п/эт | E25: 020925 | F25: 8800 | G25: 44 | H25: Сургут. Белый Яр | I25: отгружено | J25: 46001 | K25: СКАНИЯ Х311КУ55 | L25: 89131417754 | M25: Елпашов Ярослав | Q25: 8800 | R25: + | S25: 94500 | T25: =S25*F25/1000 -> 831600
A26: авто(Рич Трак) | B26: 01/50/14/09/1264 (3) | C26: Сургутнефтегаз | D26: BLACKTROL ж - 200 кг п/эт | E26: 040925 | F26: 8800 | G26: 44 | H26: Сургут. Белый Яр | I26: отгружено | J26: 46001 | K26: СКАНИЯ Х311КУ55 | L26: 89131417754 | M26: Елпашов Ярослав | Q26: 8800 | R26: + | S26: 94500 | T26: =S26*F26/1000 -> 831600
A27: авто(Агро) | B27: 01/50/14/09/1264 (4) | C27: Сургутнефтегаз | D27: Оптитрол Ж - 200 кг п/эт | E27: 050925 | F27: 7200 | G27: 36 | H27: Сургут. Белый Яр | I27: отгружено | J27: 46001 | K27: VOLVO С 497ОС193 | L27: 89182638560 | M27: Шаханин Александр | Q27: 7200 | R27: + | S27: 85500 | T27: =S27*F27/1000 -> 615600
A28: авто(Агро) | B28: 01/50/14/09/1264 (4) | C28: Сургутнефтегаз | D28: Оптитрол Ж - 200 кг п/эт | E28: 050925/1 | F28: 6800 | G28: 34 | H28: Сургут. Белый Яр | I28: отгружено | J28: 46001 | K28: VOLVO С 497ОС193 | L28: 89182638560 | M28: Шаханин Александр | Q28: 6800 | R28: + | S28: 85500 | T28: =S28*F28/1000 -> 581400
A29: авто(Агро) | B29: 01/50/14/09/1264 (4) | C29: Сургутнефтегаз | D29: Оптитрол Ж - 200 кг п/эт | E29: 200925 | F29: 3600 | G29: 18 | H29: Сургут. Белый Яр | I29: отгружено | J29: 46001 | K29: VOLVO С 497ОС193 | L29: 89182638560 | M29: Шаханин Александр | Q29: 3600 | R29: + | S29: 85500 | T29: =S29*F29/1000 -> 307800
... A31: авто(Ариал) | B31: 01/50/14/09/1264 (5) | C31: Сургутнефтегаз | D31: BLACKTROL ж - 200 кг п/эт | E31: 071125 | F31: 8800 | G31: 44 | H31: Сургут. Белый Яр | I31: отгружено | J31: 46001 | K31: Вольво М958МВ29 | L31: 89991688169 | M31: Манаков Юрий | Q31: 8800 | R31: + | S31: 94500 | T31: =S31*F31/1000 -> 831600
A32: авто(Агро) | B32: Спец№31(2-4) | C32: МАДСЕРВИС | D32: Сульф асф - бум 25,0 кг | E32: 050424 | F32: 20000 | G32: 800 | H32: Бузулук | I32: отгружено | J32: 46002 | K32: Ивеко А479ТУ43 | L32: 89229265251 | M32: Парфенов Василий | O32: 20000 | R32: + | S32: 44500 | T32: =S32*F32/1000 -> 890000
A33: авто (Рич Трак) | B33: Спец№155 | C33: Акрос | D33: BLACKTROL ж - 215,5 кг п/эт | E33: 101225 | F33: 18964 | G33: 88 | H33: Ноябрьск | I33: отгружено | J33: 46003 | K33: Скания В913ХВ35 | L33: 89115127033 | M33: Соколов Михаил | Q33: 18964 | R33: + | S33: 93000 | T33: =S33*F33/1000 -> 1763652
A34: авто() | B34: Спец№97К(7-9) | C34: ОМАС | D34: Сульф асф - бум 25,0 кг | E34: 03/2025 | F34: 20000 | G34: 800 | H34: НЖВ | I34: отгружено | J34: 46003 | K34: SHACMAN М274ВЕ702 | L34: 89051805168 | M34: Абдрашитов Роберт | O34: 20000 | R34: + | S34: 44500 | T34: =S34*F34/1000 -> 890000
A35: кнт | B35: БС-122779 | C35: БурСервис | D35: DRIL-N-SLIDE (СС Платинум) - 175 кг п/эт | E35: 041225 | F35: 7000 | G35: 40 | H35: Пурпе | I35: отгружено | J35: 46006 | K35: Камаз Е999СА29 | L35: 89115583359 | M35: Вайгант Сергей | N35: RZDU0728417 | Q35: 7000 | R35: + | S35: 255000 | T35: =S35*F35/1000 -> 1785000
A36: кнт | B36: БС-122779 | C36: БурСервис | D36: DRIL-N-SLIDE (СС Платинум) - 175 кг п/эт | E36: 051225 | F36: 7000 | G36: 40 | H36: Пурпе | I36: отгружено | J36: 46006 | K36: Камаз Е999СА29 | L36: 89115583359 | M36: Вайгант Сергей | N36: RZDU0728417 | Q36: 7000 | R36: + | S36: 255000 | T36: =S36*F36/1000 -> 1785000
A37: авто(Семенов) | B37: Спец№97К(8-9) | C37: ОМАС | D37: ТЕРРАПАН - бум 25,0 кг | E37: 10/2025 | F37: 20000 | G37: 800 | H37: НЖВ | I37: отгружено | J37: 46007 | K37: ДАФ У377МХ45 | L37: 89195966929 | M37: Ильин Андрей | P37: 20000 | R37: + | S37: 250000 | T37: =S37*F37/1000 -> 5000000
A38: авто(Агро) | B38: Спец№97К(9-9) | C38: ОМАС | D38: Сульф асф - бум 25,0 кг | E38: 03/2025 | F38: 18000 | G38: 720 | H38: НЖВ | I38: отгружено | J38: 46007 | K38: МЕРСЕДЕС У555ВО56 | L38: 89877892282 | M38: Садыков Михаил | O38: 18000 | R38: + | S38: 44500 | T38: =S38*F38/1000 -> 801000
A39: авто(Агро) | B39: Спец№97К(9-9) | C39: ОМАС | D39: ТЕРРАПАН - бум 25,0 кг | E39: 10/2025 | F39: 2000 | G39: 80 | H39: НЖВ | I39: отгружено | J39: 46007 | K39: МЕРСЕДЕС У555ВО56 | L39: 89877892282 | M39: Садыков Михаил | P39: 2000 | R39: + | S39: 250000 | T39: =S39*F39/1000 -> 500000
A40: авто(Ариал) | B40: 01/50/14/09/1264 (6) | C40: Сургутнефтегаз | D40: Оптитрол Ж - 200 кг п/эт | E40: 311025 | F40: 3200 | G40: 16 | H40: Сургут. Белый Яр | I40: отгружено | J40: 46007 | K40: ВОЛЬВО О951РК72 | L40: 89966862434 | M40: Добрыдин Станислав | Q40: 3200 | R40: + | S40: 85500 | T40: =S40*F40/1000 -> 273600
A41: авто(Ариал) | B41: 01/50/14/09/1264 (6) | C41: Сургутнефтегаз | D41: Оптитрол Ж - 200 кг п/эт | E41: 101225 | F41: 6400 | G41: 32 | H41: Сургут. Белый Яр | I41: отгружено | J41: 46007 | K41: ВОЛЬВО О951РК72 | L41: 89966862434 | M41: Добрыдин Станислав | Q41: 6400 | R41: + | S41: 85500 | T41: =S41*F41/1000 -> 547200
A42: авто(Ариал) | B42: 01/50/14/09/1264 (6) | C42: Сургутнефтегаз | D42: Оптитрол Ж - 200 кг п/эт | E42: 111225 | F42: 7200 | G42: 36 | H42: Сургут. Белый Яр | I42: отгружено | J42: 46007 | K42: ВОЛЬВО О951РК72 | L42: 89966862434 | M42: Добрыдин Станислав | Q42: 7200 | R42: + | S42: 85500 | T42: =S42*F42/1000 -> 615600
A43: авто(Ариал) | B43: 01/50/14/09/1264 (6) | C43: Сургутнефтегаз | D43: Оптитрол Ж - 200 кг п/эт | E43: 131225 | F43: 800 | G43: 4 | H43: Сургут. Белый Яр | I43: отгружено | J43: 46007 | K43: ВОЛЬВО О951РК72 | L43: 89966862434 | M43: Добрыдин Станислав | Q43: 800 | R43: + | S43: 85500 | T43: =S43*F43/1000 -> 68400
A44: авто(ГК Урал) | B44: 01/50/14/09/1264 (7) | C44: Сургутнефтегаз | D44: Оптитрол Ж - 200 кг п/эт | E44: 131225 | F44: 5600 | G44: 28 | H44: Сургут. Белый Яр | I44: отгружено | J44: 46007 | K44: Вольво М441ВК96 | L44: 89995402889 | M44: Краснощеков Сергей | Q44: 5600 | R44: + | S44: 85500 | T44: =S44*F44/1000 -> 478800
A45: авто(ГК Урал) | B45: 01/50/14/09/1264 (7) | C45: Сургутнефтегаз | D45: Оптитрол Ж - 200 кг п/эт | E45: 131225/1 | F45: 7200 | G45: 36 | H45: Сургут. Белый Яр | I45: отгружено | J45: 46007 | K45: Вольво М441ВК96 | L45: 89995402889 | M45: Краснощеков Сергей | Q45: 7200 | R45: + | S45: 85500 | T45: =S45*F45/1000 -> 615600
A46: авто(ГК Урал) | B46: 01/50/14/09/1264 (7) | C46: Сургутнефтегаз | D46: Оптитрол Ж - 200 кг п/эт | E46: 141225 | F46: 4800 | G46: 24 | H46: Сургут. Белый Яр | I46: отгружено | J46: 46007 | K46: Вольво М441ВК96 | L46: 89995402889 | M46: Краснощеков Сергей | Q46: 4800 | R46: + | S46: 85500 | T46: =S46*F46/1000 -> 410400
A47: авто(ГК Урал) | B47: 01/50/14/09/1264 (8) | C47: Сургутнефтегаз | D47: BLACKTROL ж - 200 кг п/эт | E47: 040925 | F47: 800 | G47: 4 | H47: Сургут. Белый Яр | I47: отгружено | J47: 46008 | K47: Вольво У251МУ72 | L47: 89199519633 | M47: Григорьев Евгений | Q47: 800 | R47: + | S47: 94500 | T47: =S47*F47/1000 -> 75600
A48: авто(ГК Урал) | B48: 01/50/14/09/1264 (8) | C48: Сургутнефтегаз | D48: BLACKTROL ж - 200 кг п/эт | E48: 111225 | F48: 7200 | G48: 36 | H48: Сургут. Белый Яр | I48: отгружено | J48: 46008 | K48: Вольво У251МУ73 | L48: 89199519633 | M48: Григорьев Евгений | Q48: 7200 | R48: + | S48: 94500 | T48: =S48*F48/1000 -> 680400
A49: авто(ГК Урал) | B49: 01/50/14/09/1264 (8) | C49: Сургутнефтегаз | D49: BLACKTROL ж - 200 кг п/эт | E49: 121225 | F49: 6800 | G49: 34 | H49: Сургут. Белый Яр | I49: отгружено | J49: 46008 | K49: Вольво У251МУ74 | L49: 89199519633 | M49: Григорьев Евгений | Q49: 6800 | R49: + | S49: 94500 | T49: =S49*F49/1000 -> 642600
A50: авто(ГК Урал) | B50: 01/50/14/09/1264 (8) | C50: Сургутнефтегаз | D50: Оптитрол Ж - 200 кг п/эт | E50: 141225 | F50: 2400 | G50: 12 | H50: Сургут. Белый Яр | I50: отгружено | J50: 46008 | K50: Вольво У251МУ75 | L50: 89199519633 | M50: Григорьев Евгений | Q50: 2400 | R50: + | S50: 85500 | T50: =S50*F50/1000 -> 205200
A51: авто(ГК Урал) | B51: 01/50/14/09/1264 (8) | C51: Сургутнефтегаз | D51: Оптитрол Ж - 200 кг п/эт | E51: 021225 | F51: 400 | G51: 2 | H51: Сургут. Белый Яр | I51: отгружено | J51: 46008 | K51: Вольво У251МУ76 | L51: 89199519633 | M51: Григорьев Евгений | Q51: 400 | R51: + | S51: 85500 | T51: =S51*F51/1000 -> 34200
A52: авто(Ариал) | B52: БС-121267 | C52: БурСервис | D52: EZ BUR DP (Поликап) - бум 25,0 кг | E52: 161225 | F52: 17500 | G52: 700 | H52: Пыть-Ях | I52: отгружено | J52: 46008 | K52: MAN В429МУ799 | L52: 89228725860 | M52: Котляр Владимир | P52: 17500 | R52: + | S52: 265000 | T52: =S52*F52/1000 -> 4637500
A53: авто(Ариал) | B53: БС-124217 | C53: БурСервис | D53: BURFLC - бум 25,0 кг | E53: 161025/1 | F53: 2625 | G53: 105 | H53: Пыть-Ях | I53: отгружено | J53: 46008 | K53: MAN В429МУ799 | L53: 89228725860 | M53: Котляр Владимир | O53: 2625 | R53: + | S53: 41000 | T53: =S53*F53/1000 -> 107625
A54: авто(Агро) | B54: Спец№31(3-4) | C54: МАДСЕРВИС | D54: Сульф асф - бум 25,0 кг | E54: 050424 | F54: 20000 | G54: 800 | H54: Бузулук | I54: отгружено | J54: 46009 | K54: SITRAK М326ХЕ33 | L54: 89202335007 | M54: Краснобаев Сергей | O54: 20000 | R54: + | S54: 44500 | T54: =S54*F54/1000 -> 890000
A55: авто(Ванюхин) | B55: Спец№24 (3-6) | C55: КазПетроДриллинг | D55: Оптитрол Ж - 200 кг п/эт | E55: 211125 | F55: 4000 | G55: 20 | H55: Жанаозен | I55: отгружено | J55: 46009 | K55: Mersedes О119КУ790 | L55: 89З79941567 | M55: Верещагин Дмитрий | Q55: 4000 | R55: + | S55: 82000 | T55: =S55*F55/1000 -> 328000
A56: авто(Ванюхин) | B56: Спец№24 (3-6) | C56: КазПетроДриллинг | D56: Оптитрол Ж - 200 кг п/эт | E56: 271125 | F56: 7200 | G56: 36 | H56: Жанаозен | I56: отгружено | J56: 46009 | K56: Mersedes О119КУ790 | L56: 89З79941567 | M56: Верещагин Дмитрий | Q56: 7200 | R56: + | S56: 82000 | T56: =S56*F56/1000 -> 590400
A57: авто(Ванюхин) | B57: Спец№24 (3-6) | C57: КазПетроДриллинг | D57: Оптитрол Ж - 200 кг п/эт | E57: 281125 | F57: 6400 | G57: 32 | H57: Жанаозен | I57: отгружено | J57: 46009 | K57: Mersedes О119КУ790 | L57: 89З79941567 | M57: Верещагин Дмитрий | Q57: 6400 | R57: + | S57: 82000 | T57: =S57*F57/1000 -> 524800
A58: авто(Ванюхин) | B58: Спец№24 (4-6) | C58: КазПетроДриллинг | D58: Оптитрол Ж - 200 кг п/эт | E58: 021225 | F58: 7200 | G58: 36 | H58: Жанаозен | I58: отгружено | J58: 46010 | K58: Mercedes Р039ВВ250 | L58: 89773804045 | M58: Котов Денис | Q58: 7200 | R58: + | S58: 82000 | T58: =S58*F58/1000 -> 590400
A59: авто(Ванюхин) | B59: Спец№24 (4-6) | C59: КазПетроДриллинг | D59: Оптитрол Ж - 200 кг п/эт | E59: 031225 | F59: 7200 | G59: 36 | H59: Жанаозен | I59: отгружено | J59: 46010 | K59: Mercedes Р039ВВ250 | L59: 89773804045 | M59: Котов Денис | Q59: 7200 | R59: + | S59: 82000 | T59: =S59*F59/1000 -> 590400
A60: авто(Ванюхин) | B60: Спец№24 (4-6) | C60: КазПетроДриллинг | D60: Оптитрол Ж - 200 кг п/эт | E60: 041225 | F60: 3200 | G60: 16 | H60: Жанаозен | I60: отгружено | J60: 46010 | K60: Mercedes Р039ВВ250 | L60: 89773804045 | M60: Котов Денис | Q60: 3200 | R60: + | S60: 82000 | T60: =S60*F60/1000 -> 262400
A61: авто(Агро) | B61: Спец№98К(1-4) | C61: ОМАС | D61: СУПЕРСЛАЙДЕР ГОЛД - 200 кг п/эт | E61: 230425 | F61: 17600 | G61: 88 | H61: Пыть-Ях | I61: отгружено | J61: 46010 | K61: Скания C800CУ59 | L61: 89082487484 | M61: Демидов Юрий | Q61: 17600 | R61: + | S61: 105000 | T61: =S61*F61/1000 -> 1848000
A62: авто(Ариал) | B62: 01/50/14/09/1264 (9) | C62: Сургутнефтегаз | D62: Оптитрол Ж - 200 кг п/эт | E62: 141225/1 | F62: 6400 | G62: 32 | H62: Сургут. Белый Яр | I62: отгружено | J62: 46010 | K62: СКАНИЯ Р740РВ716 | L62: 89178991264 | M62: Карпов Сергей | Q62: 6400 | R62: + | S62: 85500 | T62: =S62*F62/1000 -> 547200
A63: авто(Ариал) | B63: 01/50/14/09/1264 (9) | C63: Сургутнефтегаз | D63: Оптитрол Ж - 200 кг п/эт | E63: 161225 | F63: 7200 | G63: 36 | H63: Сургут. Белый Яр | I63: отгружено | J63: 46010 | K63: СКАНИЯ Р740РВ716 | L63: 89178991264 | M63: Карпов Сергей | Q63: 7200 | R63: + | S63: 85500 | T63: =S63*F63/1000 -> 615600
A64: авто(Ариал) | B64: 01/50/14/09/1264 (9) | C64: Сургутнефтегаз | D64: Оптитрол Ж - 200 кг п/эт | E64: 171225 | F64: 4000 | G64: 20 | H64: Сургут. Белый Яр | I64: отгружено | J64: 46010 | K64: СКАНИЯ Р740РВ716 | L64: 89178991264 | M64: Карпов Сергей | Q64: 4000 | R64: + | S64: 85500 | T64: =S64*F64/1000 -> 342000
A65: авто(Ариал) | B65: Спец№32 | C65: МАДСЕРВИС | D65: ДЖИ-ДРИЛЛ - 200 кг п/эт | E65: 051225 | F65: 800 | G65: 4 | H65: Пыть-Ях | I65: отгружено | J65: 46010 | K65: КАМАЗ Т733РС797 | L65: 89108992954 | M65: Кутузов Роман | Q65: 800 | R65: + | S65: 97000 | T65: =S65*F65/1000 -> 77600
A66: авто(Ариал) | B66: Спец№32 | C66: МАДСЕРВИС | D66: ПОЛИКАП - бум 25,0 кг | E66: 020725 | F66: 1000 | G66: 40 | H66: Пыть-Ях | I66: отгружено | J66: 46010 | K66: КАМАЗ Т733РС797 | L66: 89108992954 | M66: Кутузов Роман | P66: 1000 | R66: + | S66: 250000 | T66: =S66*F66/1000 -> 250000
A67: авто(Ариал) | B67: Спец№32 | C67: МАДСЕРВИС | D67: СУПЕРСЛАЙДЕР ГОЛД - 200 кг п/эт | E67: 180424 | F67: 12000 | G67: 60 | H67: Пыть-Ях | I67: отгружено | J67: 46010 | K67: КАМАЗ Т733РС797 | L67: 89108992954 | M67: Кутузов Роман | Q67: 12000 | R67: + | S67: 105000 | T67: =S67*F67/1000 -> 1260000
A68: авто(Ариал) | B68: Спец№32 | C68: МАДСЕРВИС | D68: BLACKTROL ж - 200 кг п/эт | E68: 090425 | F68: 4000 | G68: 20 | H68: Пыть-Ях | I68: отгружено | J68: 46010 | K68: КАМАЗ Т733РС797 | L68: 89108992954 | M68: Кутузов Роман | Q68: 4000 | R68: + | S68: 89000 | T68: =S68*F68/1000 -> 356000
A69: авто(Агро) | B69: Спец№31(4-4) | C69: МАДСЕРВИС | D69: СУПЕРСЛАЙДЕР ГОЛД - 200 кг п/эт | E69: 180424 | F69: 800 | G69: 4 | H69: Бузулук | I69: отгружено | J69: 46010 | K69: Камаз В956ХХ37 | L69: 89012843927 | M69: Рейс Сергей | Q69: 800 | R69: + | S69: 105000 | T69: =S69*F69/1000 -> 84000
A70: авто(Агро) | B70: Спец№31(4-4) | C70: МАДСЕРВИС | D70: ПОЛИТРОЛ - 200 кг п/эт | E70: 181225 | F70: 6000 | G70: 30 | H70: Бузулук | I70: отгружено | J70: 46010 | K70: Камаз В956ХХ37 | L70: 89012843927 | M70: Рейс Сергей | Q70: 6000 | R70: + | S70: 127000 | T70: =S70*F70/1000 -> 762000
A71: авто(Агро) | B71: Спец№31(4-4) | C71: МАДСЕРВИС | D71: ДЖИ-ДРИЛЛ - 200 кг п/эт | E71: 051225 | F71: 4400 | G71: 22 | H71: Бузулук | I71: отгружено | J71: 46010 | K71: Камаз В956ХХ37 | L71: 89012843927 | M71: Рейс Сергей | Q71: 4400 | R71: + | S71: 97000 | T71: =S71*F71/1000 -> 426800
A72: авто(Агро) | B72: Спец№31(4-4) | C72: МАДСЕРВИС | D72: КЛСП - бум 20,0 кг | E72: 081225 | F72: 8000 | G72: 400 | H72: Бузулук | I72: отгружено | J72: 46010 | K72: Камаз В956ХХ37 | L72: 89012843927 | M72: Рейс Сергей | P72: 8000 | R72: + | S72: 87000 | T72: =S72*F72/1000 -> 696000
A73: авто(Ариал) | B73: Спец№98К(2-4) | C73: ОМАС | D73: Сульф асф - бум 25,0 кг | E73: 03/2025 | F73: 20000 | G73: 800 | H73: Пыть-Ях | I73: отгружено | J73: 46013 | K73: SITRAK А510НМ155 | L73: 89131432738 | M73: Бураков Василий | O73: 20000 | R73: + | S73: 44500 | T73: =S73*F73/1000 -> 890000
A74: авто(Агро) | B74: Спец№33 | C74: МАДСЕРВИС | D74: ТЕРМАВИС РУО - бум 20,0 кг | E74: 301025 | F74: 5000 | G74: 250 | H74: Уфа | I74: отгружено | J74: 46014 | K74: Beiben У158МС716 | L74: 89872831666 | M74: Зигангиров Айрат | P74: 5000 | R74: + | S74: 270000 | T74: =S74*F74/1000 -> 1350000
A75: авто(Агро) | B75: Спец№33 | C75: МАДСЕРВИС | D75: РЕОМОД ж - 180 кг п/эт | E75: 311025 | F75: 2880 | G75: 16 | H75: Уфа | I75: отгружено | J75: 46014 | K75: Beiben У158МС716 | L75: 89872831666 | M75: Зигангиров Айрат | Q75: 2880 | R75: + | S75: 310000 | T75: =S75*F75/1000 -> 892800
A76: авто(Агро) | B76: Спец№33 | C76: МАДСЕРВИС | D76: СТАБИЛАЙТ РУО - бум 25,0 кг | E76: 281025 | F76: 4000 | G76: 160 | H76: Уфа | I76: отгружено | J76: 46014 | K76: Beiben У158МС716 | L76: 89872831666 | M76: Зигангиров Айрат | P76: 4000 | R76: + | S76: 70000 | T76: =S76*F76/1000 -> 280000
A77: авто(Агро) | B77: Спец№33 | C77: МАДСЕРВИС | D77: ЭКСТРАМУЛ-2000 - 200 кг п/эт | E77: 291025 | F77: 8000 | G77: 40 | H77: Уфа | I77: отгружено | J77: 46014 | K77: Beiben У158МС716 | L77: 89872831666 | M77: Зигангиров Айрат | Q77: 8000 | R77: + | S77: 135000 | T77: =S77*F77/1000 -> 1080000
A78: авто(Агро) | B78: Спец№36 | C78: МАДСЕРВИС | D78: Сульф асф - бум 25,0 кг | E78: 050424 | F78: 16000 | G78: 640 | H78: Самара | I78: отгружено | J78: 46014 | K78: Scania Т372МТ116 | L78: 89991645883 | M78: Низамов Фенис | O78: 16000 | R78: + | S78: 44500 | T78: =S78*F78/1000 -> 712000
A79: авто(Агро) | B79: Спец№36 | C79: МАДСЕРВИС | D79: BLACKTROL ж - 200 кг п/эт | E79: 090425 | F79: 4000 | G79: 20 | H79: Самара | I79: отгружено | J79: 46014 | K79: Scania Т372МТ116 | L79: 89991645883 | M79: Низамов Фенис | Q79: 4000 | R79: + | S79: 89000 | T79: =S79*F79/1000 -> 356000
A80: авто(Рич Трак) | B80: Спец№34 | C80: МАДСЕРВИС | D80: Сульф асф - бум 25,0 кг | E80: 050424 | F80: 20000 | G80: 800 | H80: Самара | I80: отгружено | J80: 46015 | K80: СИТРАК У212МХ48 | L80: 89103976857 | M80: Панин Артем | O80: 20000 | R80: + | S80: 44500 | T80: =S80*F80/1000 -> 890000
A81: авто(Ариал) | B81: 01/50/14/09/1264 (10) | C81: Сургутнефтегаз | D81: Оптитрол Ж - 200 кг п/эт | E81: 171225 | F81: 2400 | G81: 12 | H81: Сургут. Белый Яр | I81: отгружено | J81: 46015 | K81: Даф Х901КС72 | L81: 89129296888 | M81: Солянников Дмитрий | Q81: 2400 | R81: + | S81: 85500 | T81: =S81*F81/1000 -> 205200
A82: авто(Ариал) | B82: 01/50/14/09/1264 (10) | C82: Сургутнефтегаз | D82: Оптитрол Ж - 200 кг п/эт | E82: 181225 | F82: 7200 | G82: 36 | H82: Сургут. Белый Яр | I82: отгружено | J82: 46015 | K82: Даф Х901КС72 | L82: 89129296888 | M82: Солянников Дмитрий | Q82: 7200 | R82: + | S82: 85500 | T82: =S82*F82/1000 -> 615600
A83: авто(Ариал) | B83: 01/50/14/09/1264 (10) | C83: Сургутнефтегаз | D83: Оптитрол Ж - 200 кг п/эт | E83: 191225 | F83: 6800 | G83: 34 | H83: Сургут. Белый Яр | I83: отгружено | J83: 46015 | K83: Даф Х901КС72 | L83: 89129296888 | M83: Солянников Дмитрий | Q83: 6800 | R83: + | S83: 85500 | T83: =S83*F83/1000 -> 581400
A84: авто(Ариал) | B84: 01/50/14/09/1264 (10) | C84: Сургутнефтегаз | D84: Оптитрол Ж - 200 кг п/эт | E84: 211225 | F84: 800 | G84: 4 | H84: Сургут. Белый Яр | I84: отгружено | J84: 46015 | K84: Даф Х901КС72 | L84: 89129296888 | M84: Солянников Дмитрий | Q84: 800 | R84: + | S84: 85500 | T84: =S84*F84/1000 -> 68400
A85: авто(Инкам) | B85: Спец№49(3-4) | C85: Буринтех | D85: СУЛЬФОБИТ - бум 25,0 кг | E85: 120625 | F85: 20000 | G85: 800 | H85: Пыть-Ях | I85: отгружено | J85: 46020 | K85: DAF К008МА29 | L85: 89116825992 | M85: Белоцерковский Алексей | O85: 20000 | R85: + | S85: 41500 | T85: =S85*F85/1000 -> 830000
A86: авто(Инкам) | B86: Спец№49(3-4) | C86: Буринтех | D86: СУЛЬФОБИТ - бум 25,0 кг | E86: 050625 | F86: 1000 | G86: 40 | H86: Пыть-Ях | I86: отгружено | J86: 46020 | K86: DAF К008МА29 | L86: 89116825992 | M86: Белоцерковский Алексей | O86: 1000 | R86: + | S86: 41500 | T86: =S86*F86/1000 -> 41500
A87: авто(Бакин) | B87: Спец№37 | C87: МАДСЕРВИС | D87: СУПЕРСЛАЙДЕР ГОЛД - 200 кг п/эт | E87: 180424 | F87: 5600 | G87: 28 | H87: Пыть-Ях | I87: отгружено | J87: 46021 | K87: Вольво Р034СВ29 | L87: 89212974613 | M87: Киреев Сергей | Q87: 5600 | R87: + | S87: 105000 | T87: =S87*F87/1000 -> 588000
A88: авто(Бакин) | B88: Спец№39 | C88: МАДСЕРВИС | D88: ПОЛИТРОЛ - 200 кг п/эт | E88: 181225 | F88: 4000 | G88: 20 | H88: Пыть-Ях | I88: отгружено | J88: 46021 | K88: Вольво Р034СВ29 | L88: 89212974613 | M88: Киреев Сергей | Q88: 4000 | R88: + | S88: 127000 | T88: =S88*F88/1000 -> 508000
A89: авто(Бакин) | B89: Спец№3 | C89: ИГС | D89: ЭКСТРА-ДЕФ - 200 кг п/эт | E89: 261225 | F89: 5000 | G89: 25 | H89: Тарко-Сале | I89: отгружено | J89: 46021 | K89: Вольво Р034СВ29 | L89: 89212974613 | M89: Киреев Сергей | Q89: 5000 | R89: + | S89: 280000 | T89: =S89*F89/1000 -> 1400000
A90: авто(Бакин) | B90: Спец№49(4-4) | C90: Буринтех | D90: СУЛЬФОБИТ - бум 25,0 кг | E90: 160625 | F90: 20000 | G90: 800 | H90: Пыть-Ях | I90: отгружено | J90: 46021 | K90: Вольво О856УЕ29 | L90: 89216004800 | M90: Рядовкин Евгений | O90: 20000 | R90: + | S90: 41500 | T90: =S90*F90/1000 -> 830000
A91: самовыво СДЭК | B91: Счет №144 | C91: ЦИНКО-ТРЕЙД | D91: ТЕРРАПАН - бум 25,0 кг | F91: 6 | I91: отгружено | J91: 46020 | P91: 6 | R91: + | S91: 250000 | T91: =S91*F91/1000 -> 1500
T92: =SUM(T4:T91) -> 69039477
A93: Итого заказов на: | B93: =SUM($F$4:$F$92)/1000 -> 675.175 | C93: т
A94: Итого отгружено: | B94: =$B$95+$B$96+$B$97 -> 675.175 | C94: т | F94: образцы заказаны
A95: из них ЧП: | B95: =SUM(O4:O92)/1000 -> 230.625 | C95: т | F95: завел в отчет по отгрузкам
A96: из них ИНАЯ: | B96: =SUM(P4:P92)/1000 -> 99.506 | C96: т | F96: отправил ПК
A97: из них на жидкий: | B97: =SUM(Q4:Q92)/1000 -> 345.044 | C97: т | F97: Надо заполнить
A98: Осталось отгрузить | B98: =$B$93-$B$94 -> 0 | C98: т | F98: Не выполнено

Sheet ноябрь 2025
B1: ОТГРУЗКИ ПРОДУКЦИИ | C1: 45962
A2: заметки | B2: НОМЕР ЗАКАЗА | C2: КЛИЕНТ | D2: ПРОДУКТ | E2: ПАРТИЯ | F2: КОЛИЧЕСТВО | H2: ПУНКТ НАЗНАЧЕНИЯ | I2: СТАТУС | J2: ДАТА ОТГРУЗКИ | K2: АВТОДОСТАВКА | N2: ЖД ДОСТАВКА | O2: ИТОГО ОТГРУЖЕНО | R2: АКТЫ | S2: Цена со склада за 1 тонну
F3: КГ | G3: мешков/бочек | K3: № АВТО | L3: ТЕЛ. ВОДИТЕЛЯ | M3: ВОДИТЕЛЬ | N3: № КОНТЕЙНЕРА/ВАГОНА | O3: ЧП | P3: ИНАЯ | Q3: Жидкий | T3: Итого
A5: авто(Агро) | B5: Спец№30 | C5: МАДСЕРВИС | D5: Сульф асф - бум 25,0 кг | E5: 050424 | F5: 6000 | G5: 240 | H5: Уфа | I5: отгружено | J5: 45962 | K5: Ивеко К209РО702 | L5: 89174032153 | M5: Сафкин Денис | O5: 6000 | R5: + | S5: 44500 | T5: =S5*F5/1000 -> 267000
A6: авто(Агро) | B6: Спец№30 | C6: МАДСЕРВИС | D6: СТАБИЛАЙТ РУО - бум 25,0 кг | E6: 281025 | F6: 2000 | G6: 80 | H6: Уфа | I6: отгружено | J6: 45962 | K6: Ивеко К209РО702 | L6: 89174032153 | M6: Сафкин Денис | P6: 2000 | R6: + | S6: 70000 | T6: =S6*F6/1000 -> 140000
A7: авто(Агро) | B7: Спец№30 | C7: МАДСЕРВИС | D7: ТЕРМАВИС РУО - бум 20,0 кг | E7: 301025 | F7: 3000 | G7: 150 | H7: Уфа | I7: отгружено | J7: 45962 | K7: Ивеко К209РО702 | L7: 89174032153 | M7: Сафкин Денис | P7: 3000 | R7: + | S7: 270000 | T7: =S7*F7/1000 -> 810000
A8: авто(Агро) | B8: Спец№30 | C8: МАДСЕРВИС | D8: РЕОМОД ж - 180 кг п/эт | E8: 311025 | F8: 2160 | G8: 12 | H8: Уфа | I8: отгружено | J8: 45962 | K8: Ивеко К209РО702 | L8: 89174032153 | M8: Сафкин Денис | Q8: 2160 | R8: + | S8: 310000 | T8: =S8*F8/1000 -> 669600
A9: авто(Агро) | B9: Спец№30 | C9: МАДСЕРВИС | D9: ЭКСТРАМУЛ-2000 - 200 кг п/эт | E9: 291025 | F9: 6400 | G9: 32 | H9: Уфа | I9: отгружено | J9: 45962 | K9: Ивеко К209РО702 | L9: 89174032153 | M9: Сафкин Денис | Q9: 6400 | R9: + | S9: 135000 | T9: =S9*F9/1000 -> 864000
A10: авто (Бакин) | B10: Спец№94К | C10: ОМАС | D10: Сульф асф - бум 25,0 кг | E10: 03/2025 | F10: 4000 | G10: 160 | H10: Нижневартовск | I10: отгружено | J10: 45966 | K10: Вольво О856УЕ29 | L10: 89216004800 | M10: Рядовкин Евгений | O10: 4000 | R10: + | S10: 44500 | T10: =S10*F10/1000 -> 178000
A11: авто (Бакин) | B11: Спец№94К | C11: ОМАС | D11: СУПЕРСЛАЙДЕР ГОЛД - 200 кг п/эт | E11: 230425 | F11: 16000 | G11: 80 | H11: Нижневартовск | I11: отгружено | J11: 45966 | K11: Вольво О856УЕ29 | L11: 89216004800 | M11: Рядовкин Евгений | Q11: 16000 | R11: + | S11: 105000 | T11: =S11*F11/1000 -> 1680000
A12: авто(Агро) | B12: Спец№152(7-7) | C12: Акрос | D12: Drilling Lube (СС РУО) - 200 кг п/эт | E12: 241025 | F12: 17600 | G12: 88 | H12: Мурманск | I12: отгружено | J12: 45966 | K12: Камаз К033ТУ34 | L12: 89814308537/89315037120 | M12: Напалков Сергей | Q12: 17600 | R12: + | S12: 369000 | T12: =S12*F12/1000 -> 6494400
A13: авто(Ванюхин) | B13: Спец№22 (2-2) | C13: КазПетроДриллинг | D13: Оптитрол Ж - 200 кг п/эт | E13: 080825 | F13: 3200 | G13: 16 | H13: Жанаозен | I13: отгружено | J13: 45971 | K13: Volvo Т681МР67 | L13: 89608185086/1777918885 | M13: Ащегулов Семён | Q13: 3200 | R13: + | S13: 82000 | T13: =S13*F13/1000 -> 262400
A14: авто(Ванюхин) | B14: Спец№22 (2-2) | C14: КазПетроДриллинг | D14: Оптитрол Ж - 200 кг п/эт | E14: 120825 | F14: 6400 | G14: 32 | H14: Жанаозен | I14: отгружено | J14: 45971 | K14: Volvo Т681МР67 | L14: 89608185086/1777918885 | M14: Ащегулов Семён | Q14: 6400 | R14: + | S14: 82000 | T14: =S14*F14/1000 -> 524800
A15: авто(Ванюхин) | B15: Спец№22 (2-2) | C15: КазПетроДриллинг | D15: Оптитрол Ж - 200 кг п/эт | E15: 130825 | F15: 6800 | G15: 34 | H15: Жанаозен | I15: отгружено | J15: 45971 | K15: Volvo Т681МР67 | L15: 89608185086/1777918885 | M15: Ащегулов Семён | Q15: 6800 | R15: + | S15: 82000 | T15: =S15*F15/1000 -> 557600
A16: авто(Ванюхин) | B16: Спец№22 (2-2) | C16: КазПетроДриллинг | D16: Оптитрол Ж - 200 кг п/эт | E16: 140825 | F16: 400 | G16: 2 | H16: Жанаозен | I16: отгружено | J16: 45971 | K16: Volvo Т681МР67 | L16: 89608185086/1777918885 | M16: Ащегулов Семён | Q16: 400 | R16: + | S16: 82000 | T16: =S16*F16/1000 -> 32800
A17: авто(Ванюхин) | B17: Спец№22 (2-2) | C17: КазПетроДриллинг | D17: Оптитрол Ж - 200 кг п/эт | E17: 150825 | F17: 600 | G17: 3 | H17: Жанаозен | I17: отгружено | J17: 45971 | K17: Volvo Т681МР67 | L17: 89608185086/1777918885 | M17: Ащегулов Семён | Q17: 600 | R17: + | S17: 82000 | T17: =S17*F17/1000 -> 49200
A18: авто(Ванюхин) | B18: Спец№22 (2-2) | C18: КазПетроДриллинг | D18: Оптитрол Ж - 200 кг п/эт | E18: 190825 | F18: 200 | G18: 1 | H18: Жанаозен | I18: отгружено | J18: 45971 | K18: Volvo Т681МР67 | L18: 89608185086/1777918885 | M18: Ащегулов Семён | Q18: 200 | R18: + | S18: 82000 | T18: =S18*F18/1000 -> 16400
A19: авто(Инкам) | B19: Спец№95К | C19: ОМАС | D19: Сульф асф - бум 25,0 кг | E19: 03/2025 | F19: 20000 | G19: 800 | H19: Пыть-Ях | I19: отгружено | J19: 45971 | K19: DAF О539ОН29 | L19: 89216700606 | M19: Хрущ Александр | O19: 20000 | R19: + | S19: 44500 | T19: =S19*F19/1000 -> 890000
A20: авто(ГК Урал) | B20: Спец№95К | C20: ОМАС | D20: СУПЕРСЛАЙДЕР ГОЛД - 200 кг п/эт | E20: 230425 | F20: 17600 | G20: 88 | H20: Пыть-Ях | I20: отгружено | J20: 45974 | K20: Вольво М441ВК96 | L20: 89995402889 | M20: Краснощеков Сергей | Q20: 17600 | R20: + | S20: 105000 | T20: =S20*F20/1000 -> 1848000
A21: авто(ГК Урал) | B21: Спец№96К (1-2) | C21: ОМАС | D21: Сульф асф - бум 25,0 кг | E21: 03/2025 | F21: 20000 | G21: 800 | H21: Пыть-Ях | I21: отгружено | J21: 45975 | K21: Вольво У251МУ72 | L21: 89199519633 | M21: Григорьев Евгений | O21: 20000 | R21: + | S21: 44500 | T21: =S21*F21/1000 -> 890000
A22: авто(Вельшеда) | B22: Спец№29 | C22: МАДСЕРВИС | D22: Сульф асф - бум 25,0 кг | E22: 050424 | F22: 13000 | G22: 520 | H22: Нижневартовск | I22: отгружено | J22: 45974 | K22: Мерседес Е283РТ797 | L22: 89206754537 | M22: Хохлев Владимир | O22: 13000 | R22: + | S22: 44500 | T22: =S22*F22/1000 -> 578500
A23: авто(Вельшеда) | B23: Спец№29 | C23: МАДСЕРВИС | D23: ТЕРРАПАН - бум 25,0 кг | E23: 200825 | F23: 7000 | G23: 280 | H23: Нижневартовск | I23: отгружено | J23: 45974 | K23: Мерседес Е283РТ797 | L23: 89206754537 | M23: Хохлев Владимир | P23: 7000 | R23: + | S23: 250000 | T23: =S23*F23/1000 -> 1750000
A24: авто(Инкам) | B24: Спец№96К (2-2) | C24: ОМАС | D24: Сульф асф - бум 25,0 кг | E24: 03/2025 | F24: 20000 | G24: 800 | H24: Пыть-Ях | I24: отгружено | J24: 45975 | K24: DAF К008МА29 | L24: 89116825992 | M24: Белоцерковский Алексей | O24: 20000 | R24: + | S24: 44500 | T24: =S24*F24/1000 -> 890000
A25: Деловые Линии | B25: Счет №357 | C25: Парм-Гинс | D25: ТЕРМАВИС РУО - бум 22,7 кг | E25: 150625 | F25: 22.7 | G25: 1 | H25: Волгоград | I25: отгружено | J25: 45981 | K25: Деловые Линии | L25: Наклд. №00250060962 | P25: 22.7 | R25: + | S25: 316000.08 | T25: =S25*F25/1000 -> 7173.2018
A26: авто(Ванюхин) | B26: Спец№24 (1-6) | C26: КазПетроДриллинг | D26: Оптитрол Ж - 200 кг п/эт | E26: 190825 | F26: 4000 | G26: 20 | H26: Жанаозен | I26: отгружено | J26: 45982 | K26: Mercedes Р039ВВ250 | L26: 89773804045 | M26: Котов Денис | Q26: 4000 | R26: + | S26: 82000 | T26: =S26*F26/1000 -> 328000
A27: авто(Ванюхин) | B27: Спец№24 (1-6) | C27: КазПетроДриллинг | D27: Оптитрол Ж - 200 кг п/эт | E27: 211025 | F27: 7200 | G27: 36 | H27: Жанаозен | I27: отгружено | J27: 45982 | K27: Mercedes Р039ВВ250 | L27: 89773804045 | M27: Котов Денис | Q27: 7200 | R27: + | S27: 82000 | T27: =S27*F27/1000 -> 590400
A28: авто(Ванюхин) | B28: Спец№24 (1-6) | C28: КазПетроДриллинг | D28: Оптитрол Ж - 200 кг п/эт | E28: 221025 | F28: 6400 | G28: 32 | H28: Жанаозен | I28: отгружено | J28: 45982 | K28: Mercedes Р039ВВ250 | L28: 89773804045 | M28: Котов Денис | Q28: 6400 | R28: + | S28: 82000 | T28: =S28*F28/1000 -> 524800
A29: авто | B29: Спец№35 | C29: Энергоресурс | D29: BLACKTROL ж - 200 кг п/эт | E29: 220425 | F29: 3200 | G29: 16 | H29: Пермь | I29: отгружено | J29: 45982 | K29: С956НУ716 | L29: 89312303316 | M29: Галеев Ильгиз | Q29: 3200 | R29: + | S29: 89900 | T29: =S29*F29/1000 -> 287680
A30: авто | B30: Спец№35 | C30: Энергоресурс | D30: BLACKTROL ж - 210 кг п/эт | E30: 210125 | F30: 3360 | G30: 16 | H30: Пермь | I30: отгружено | J30: 45982 | K30: С956НУ716 | L30: 89312303316 | M30: Галеев Ильгиз | Q30: 3360 | R30: + | S30: 89900 | T30: =S30*F30/1000 -> 302064
A31: авто(Коровин) | B31: Спец№97К(1-9) | C31: ОМАС | D31: Сульф асф - бум 25,0 кг | E31: 03/2025 | F31: 20000 | G31: 800 | H31: НЖВ | I31: отгружено | J31: 45986 | K31: ДАФ У377МХ45 | L31: 89195966929 | M31: Ильин Андрей | O31: 20000 | R31: + | S31: 44500 | T31: =S31*F31/1000 -> 890000
A32: авто(Инкам) | B32: Спец№97К(2-9) | C32: ОМАС | D32: Сульф асф - бум 25,0 кг | E32: 03/2025 | F32: 20000 | G32: 800 | H32: НЖВ | I32: отгружено | J32: 45986 | K32: DAF О539ОН29 | L32: 89216700606 | M32: Хрущ Александр | O32: 20000 | R32: + | S32: 44500 | T32: =S32*F32/1000 -> 890000
A33: авто(КЛОТО) | B33: Спец№97К(3-9) | C33: ОМАС | D33: СУПЕРСЛАЙДЕР ГОЛД - 200 кг п/эт | E33: 230425 | F33: 17600 | G33: 88 | H33: НЖВ | I33: отгружено | J33: 45989 | K33: Mercedes О515ОУ29 | L33: 89115800204 | M33: Борисов Дмитрий | Q33: 17600 | R33: + | S33: 105000 | T33: =S33*F33/1000 -> 1848000
T34: =SUM(T5:T33) -> 25060817
A35: Итого заказов на: | B35: =SUM($F$5:$F$34)/1000 -> 254.1427 | C35: т
A36: Итого отгружено: | B36: =$B$37+$B$38+$B$39 -> 254.1427 | C36: т | F36: образцы заказаны
A37: из них ЧП: | B37: =SUM(O5:O34)/1000 -> 123 | C37: т | F37: завел в отчет по отгрузкам
A38: из них ИНАЯ: | B38: =SUM(P5:P34)/1000 -> 12.0227 | C38: т | F38: отправил ПК
A39: из них на жидкий: | B39: =SUM(Q5:Q34)/1000 -> 119.12 | C39: т | F39: Надо заполнить
A40: Осталось отгрузить | B40: =$B$35-$B$36 -> 0 | C40: т | F40: Не выполнено

Sheet октябрь 2025
B1: ОТГРУЗКИ ПРОДУКЦИИ | C1: 45931
A2: заметки | B2: НОМЕР ЗАКАЗА | C2: КЛИЕНТ | D2: ПРОДУКТ | E2: ПАРТИЯ | F2: КОЛИЧЕСТВО | H2: ПУНКТ НАЗНАЧЕНИЯ | I2: СТАТУС | J2: ДАТА ОТГРУЗКИ | K2: АВТОДОСТАВКА | N2: ЖД ДОСТАВКА | O2: ИТОГО ОТГРУЖЕНО | R2: АКТЫ | S2: Цена со склада за 1 тонну
F3: КГ | G3: мешков/бочек | K3: № АВТО | L3: ТЕЛ. ВОДИТЕЛЯ | M3: ВОДИТЕЛЬ | N3: № КОНТЕЙНЕРА/ВАГОНА | O3: ЧП | P3: ИНАЯ | Q3: Жидкий | T3: Итого
A5: авто(АКС) | B5: Спец№25(1-3) | C5: МАДСЕРВИС | D5: Сульф асф - бум 25,0 кг | E5: 050424 | F5: 20000 | G5: 800 | H5: Нижневартовск | I5: отгружен | J5: 45931 | K5: Даф Х 901 КС 72 | L5: 89829645340 | M5: Солянников Дмитрий | O5: 20000 | R5: + | S5: 44500 | T5: =S5*(F5/1000) -> 890000
A6: Самовывоз | B6: Спец 2 | C6: FWL | D6: ЭКСТРАМУЛ-2000 - 180 кг мет | E6: 180925 | F6: =G6*180 -> 3600 | G6: 20 | H6: Самовывоз | I6: отгружен | J6: 45931 | K6: Renault М571СУ 35 | L6: 89062807497 | M6: Доля Виталий Владимирович | Q6: 3600 | R6: + | S6: 127500 | T6: =S6*(F6/1000) -> 459000
A7: Самовывоз | B7: Спец 2 | C7: FWL | D7: ЭКСТРАМУЛ-2000 - 180 кг мет | E7: 220925 | F7: =G7*180 -> 10800 | G7: 60 | H7: Самовывоз | I7: отгружен | J7: 45931 | K7: Renault М571СУ 35 | L7: 89062807497 | M7: Доля Виталий Владимирович | Q7: 10800 | R7: + | S7: 127500 | T7: =S7*(F7/1000) -> 1377000
A8: Самовывоз | B8: Спец 2 | C8: FWL | D8: ВЕЛЛТРИТ - 180 кг мет | E8: 170925 | F8: =G8*180 -> 14400 | G8: 80 | H8: Самовывоз | I8: отгружен | J8: 45931 | K8: DAF М048КХ67 | L8: 89092943651 | M8: Ясинский Владимир | Q8: 14400 | R8: + | S8: 146500 | T8: =S8*(F8/1000) -> 2109600
A9: ВЕЛЬШЕДА | B9: RSH7.MDS.R-25-0800-008928 | C9: ТКШ | D9: АДВАНТА п - бум 14,0 кг | E9: 300925 | F9: 14000 | G9: 1000 | H9: Холмск | I9: отгружен | J9: 45933 | K9: Scania Н 244 УР29 | L9: 89648370244 | M9: Голуб Игорь Анатольевич | P9: =F9 -> 14000 | R9: + | S9: 317000 | T9: =S9*(F9/1000) -> 4438000
A10: Самовывоз | B10: Спец 2 | C10: FWL | D10: ЭКСТРАМУЛ-2000 - 180 кг мет | E10: 220925 | F10: =G10*180 -> 7200 | G10: 40 | H10: Самовывоз | I10: отгружен | J10: 45933 | K10: VOLVO Р450НК 27 | L10: 89098291001 | M10: Кутепов Евгений Александрович | Q10: =F10 -> 7200 | R10: + | S10: 127500 | T10: =S10*(F10/1000) -> 918000
A11: Самовывоз | B11: Спец 2 | C11: FWL | D11: ЭКСТРАМУЛ-2000 - 180 кг мет | E11: 240925 | F11: =G11*180 -> 7200 | G11: 40 | H11: Самовывоз | I11: отгружен | J11: 45933 | K11: VOLVO Р450НК 27 | L11: 89098291001 | M11: Кутепов Евгений Александрович | Q11: =F11 -> 7200 | R11: + | S11: 127500 | T11: =S11*(F11/1000) -> 918000
A12: авто(Авто 45) | B12: Спец№89К | C12: Омас | D12: Сульф асф - п/проп обезл 25,0 кг | E12: 03/2025 | F12: 20000 | G12: 800 | H12: Пыть-Ях | I12: отгружен | J12: 45933 | K12: DAF К298МО45 | L12: 89080063420 | M12: Антонов Евгений Васильевич | O12: =F12 -> 20000 | R12: + | S12: 44500 | T12: =S12*(F12/1000) -> 890000
A13: авто(Авто 45) | B13: Спец№27(1-2) | C13: МАДСЕРВИС | D13: Сульф асф - бум 25,0 кг | E13: 050425 | F13: 4000 | G13: 160 | H13: Нижневартовск | I13: отгружен | J13: 45933 | K13: DAF Р575МС45 | L13: 89125770562 | M13: Осипов Дмитрий Петрович | O13: =F13 -> 4000 | R13: + | S13: 44500 | T13: =S13*(F13/1000) -> 178000
A14: авто(Авто 45) | B14: Спец№27(1-2) | C14: МАДСЕРВИС | D14: ТЕРРАПАН - бум 25,0 кг | E14: 200825 | F14: 15000 | G14: 600 | H14: Нижневартовск | I14: отгружен | J14: 45933 | K14: DAF Р575МС45 | L14: 89125770562 | M14: Осипов Дмитрий Петрович | P14: =F14 -> 15000 | R14: + | S14: 250000 | T14: =S14*(F14/1000) -> 3750000
A15: авто(Авто 45) | B15: Спец№27(1-2) | C15: МАДСЕРВИС | D15: СУПЕРСЛАЙДЕР ГОЛД - 200 кг п/эт | E15: 180424 | F15: 1600 | G15: 8 | H15: Нижневартовск | I15: отгружен | J15: 45933 | K15: DAF Р575МС45 | L15: 89125770562 | M15: Осипов Дмитрий Петрович | Q15: =F15 -> 1600 | R15: + | S15: 105000 | T15: =S15*(F15/1000) -> 168000
A16: Клото | B16: Спец№3 | C16: АВК | D16: Сода кальцинированная | F16: 20000 | G16: 20 | H16: Архангельск | I16: отгружен | J16: 45933 | K16: Mercedes-Benz О515ОУ29 | L16: 89115800204 | M16: Борисов Дмитрий Сергеевич | P16: 20000 | R16: + | S16: 39000 | T16: =S16*(F16/1000) -> 780000
A17: Самовывоз | B17: Спец 2 | C17: FWL | D17: ВЕЛЛТРИТ - 180 кг мет | E17: 190925 | F17: =G17*180 -> 14400 | G17: 80 | H17: Самовывоз | I17: отгружен | J17: 45936 | K17: SCANIA М165ТА 159 | L17: 89128871037 | M17: Глазырин Виктор Геннадьевич | Q17: 14400 | R17: + | S17: 146500 | T17: =S17*(F17/1000) -> 2109600
A18: авто(Авто 45) | B18: Спец№25(2-3) | C18: МАДСЕРВИС | D18: Сульф асф - бум 25,0 кг | E18: 050424 | F18: 20000 | G18: 800 | H18: Нижневартовск | I18: отгружен | J18: 45936 | K18: DAF А032НА45 | L18: 89822215272 | M18: Бывальцев Денис Михайлович | O18: =F18 -> 20000 | R18: + | S18: 44500 | T18: =S18*(F18/1000) -> 890000
A19: авто(ИП Семенова) | B19: Спец№25(3-3) | C19: МАДСЕРВИС | D19: Сульф асф - бум 25,0 кг | E19: 050424 | F19: 20000 | G19: 800 | H19: Нижневартовск | I19: отгружен | J19: 45936 | K19: DAF В 426 МХ 45 | L19: 89125754867 | M19: Анфалов Сергей Аркадьевич | O19: =F19 -> 20000 | R19: + | S19: 44500 | T19: =S19*(F19/1000) -> 890000
A20: авто(Бакин) | B20: Спец№27 (2-2) | C20: МАДСЕРВИС | D20: Сульф асф - бум 25,0 кг | E20: 050424 | F20: 20000 | G20: 800 | H20: Нижневартовск | I20: отгружен | J20: 45937 | K20: Вольво О 618 СМ 29 | L20: 89115713730 | M20: Фокин Дмитрий Викторович | O20: =F20 -> 20000 | R20: + | S20: 44500 | T20: =S20*(F20/1000) -> 890000
A21: Авто (Клото) | B21: Спец№93К(1-6) | C21: ОМАС | D21: Сульф асф - бум 25,0 кг | E21: 03/2025 | F21: 20000 | G21: 800 | H21: Пыть-Ях | I21: Отгружен | J21: 45937 | K21: Mercedes-Benz О515ОУ29 | L21: 89115800204 | M21: Борисов Дмитрий Сергеевич | O21: =F21 -> 20000 | R21: + | S21: 44500 | T21: =S21*(F21/1000) -> 890000
A22: Самовывоз | B22: Спец 2 | C22: FWL | D22: ЭКСТРАМУЛ-2000 - 180 кг мет | E22: 240925 | F22: =G22*180 -> 10800 | G22: 60 | H22: Самовывоз | I22: отгружен | J22: 45937 | K22: VOLVO У911ОР 48 | L22: 89086044720 | M22: Помольцев Александр Викторович | Q22: 10800 | R22: + | S22: 127500 | T22: =S22*(F22/1000) -> 1377000
A23: Самовывоз | B23: Спец 2 | C23: FWL | D23: ЭКСТРАМУЛ-2000 - 180 кг мет | E23: 250925 | F23: =G23*180 -> 3600 | G23: 20 | H23: Самовывоз | I23: отгружен | J23: 45937 | K23: VOLVO У911ОР 48 | L23: 89086044720 | M23: Помольцев Александр Викторович | Q23: 3600 | R23: + | S23: 127500 | T23: =S23*(F23/1000) -> 459000
A24: Самовывоз | B24: Спец 2 | C24: FWL | D24: ЭКСТРАМУЛ-2000 - 180 кг мет | E24: 250925 | F24: =G24*180 -> 10800 | G24: 60 | H24: Самовывоз | I24: отгружен | J24: 45937 | K24: КАМАЗ А815ОТ 193 | L24: 89189908365 | M24: Дудник Кирилл Николаевич | Q24: =F24 -> 10800 | R24: + | S24: 127500 | T24: =S24*(F24/1000) -> 1377000
A25: Самовывоз | B25: Спец 2 | C25: FWL | D25: ВЕЛЛТРИТ - 180 кг мет | E25: 190925 | F25: =G25*180 -> 3600 | G25: 20 | H25: Самовывоз | I25: отгружен | J25: 45937 | K25: КАМАЗ А815ОТ 193 | L25: 89189908365 | M25: Дудник Кирилл Николаевич | Q25: =F25 -> 3600 | R25: + | S25: 146500 | T25: =S25*(F25/1000) -> 527400
A26: авто(Бакин) | B26: Спец№154 (1-2) | C26: Акрос | D26: BLACKTROL ж - 215,5 кг п/эт | E26: 071025 | F26: 18964 | G26: 88 | H26: Ноябрьск | I26: отгружен | J26: 45938 | K26: Вольво Р 034 СВ 29 | L26: 89212974613 | M26: Киреев Сергей Владимирович | Q26: =F26 -> 18964 | R26: + | S26: 93000 | T26: =S26*(F26/1000) -> 1763652
A27: авто (АГРО) | B27: Спец№1 | C27: Волганефтетранс | D27: BLACKTROL ж - 200 кг п/эт | E27: 071025 | F27: 2400 | G27: 12 | H27: Саратов | I27: отгружен | J27: 45938 | K27: газель Х 170 ТА 72 | L27: 89003337955 | M27: Демендеев Руслан Николаевич | Q27: =F27 -> 2400 | R27: + | S27: 111000 | T27: =S27*F27/1000 -> 266400
A28: авто (АГРО) | B28: БС-116085 | C28: БурСервис | D28: DRIL-N-SLIDE (СС Платинум) - 175 кг п/эт | E28: 071025 | F28: =44*175 -> 7700 | G28: 44 | H28: Пурпе | I28: отгружен | J28: 45939 | K28: Ивеко С 669 УК 56 | L28: 89878985273 | M28: Яновский Сергей Александрович | Q28: =F28 -> 7700 | R28: + | S28: 255000 | T28: =S28*F28/1000 -> 1963500
A29: авто (АГРО) | B29: БС-116085 | C29: БурСервис | D29: DRIL-N-SLIDE (СС Платинум) - 175 кг п/эт | E29: 081025 | F29: 7700 | G29: 44 | H29: Пурпе | I29: отгружен | J29: 45939 | K29: Ивеко С 669 УК 56 | L29: 89878985273 | M29: Яновский Сергей Александрович | Q29: =F29 -> 7700 | R29: + | S29: 255000 | T29: =S29*F29/1000 -> 1963500
A30: авто (АРИАЛ) | B30: Спец№93К(2-6) | C30: ОМАС | D30: ТЕРРАПАН - бум 25,0 кг | E30: 10/2025 | F30: 10000 | G30: 400 | H30: Пыть-Ях | I30: отгружен | J30: 45940 | K30: ДАФ К562УА-32 | L30: 89051761114 | M30: Антошин Андрей Иванович | P30: =F30 -> 10000 | R30: + | S30: 250000 | T30: =S30*F30/1000 -> 2500000
A31: авто (АРИАЛ) | B31: Спец№93К(2-6) | C31: ОМАС | D31: Сульф асф - бум 25,0 кг | E31: 03/2025 | F31: 10000 | G31: 400 | H31: Пыть-Ях | I31: отгружен | J31: 45940 | K31: ДАФ К562УА-32 | L31: 89051761114 | M31: Антошин Андрей Иванович | O31: =F31 -> 10000 | R31: + | S31: 44500 | T31: =S31*F31/1000 -> 445000
A32: авто (АГРО) | B32: Спец№91К | C32: ОМАС | D32: Сульф асф - бум 25,0 кг | E32: 03/2025 | F32: 15000 | G32: 600 | H32: Нижневартовск | I32: отгружен | J32: 45940 | K32: КАМАЗ Х293 РХ 790 | L32: 89325440767 | M32: Сабитов Ильдар Энварьевич | O32: =F32 -> 15000 | R32: + | S32: 44500 | T32: =S32*F32/1000 -> 667500
A33: авто (АГРО) | B33: Спец№91К | C33: ОМАС | D33: СУПЕРСЛАЙДЕР ГОЛД - 200 кг п/эт | E33: 230425 | F33: 5600 | G33: 28 | H33: Нижневартовск | I33: отгружен | J33: 45940 | K33: КАМАЗ Х293 РХ 790 | L33: 89325440767 | M33: Сабитов Ильдар Энварьевич | Q33: =F33 -> 5600 | R33: + | S33: 105000 | T33: =S33*F33/1000 -> 588000
A34: кнт(Самовывоз) | B34: БС-114257(1-2) | C34: БурСервис | D34: BURFLC - бум 25,0 кг | E34: 290925/1 | F34: 4375 | G34: 175 | H34: Пурпе | I34: отгружен | J34: 45943 | N34: TKRU3181340 | O34: 4375 | R34: + | S34: 41000 | T34: =S34*F34/1000 -> 179375
A35: кнт(Самовывоз) | B35: БС-114257(1-2) | C35: БурСервис | D35: BURFLC - бум 25,0 кг | E35: 290925/2 | F35: 4375 | G35: 175 | H35: Пурпе | I35: отгружен | J35: 45943 | N35: TKRU3181340 | O35: 4375 | R35: + | S35: 41000 | T35: =S35*F35/1000 -> 179375
A36: кнт(Самовывоз) | B36: БС-114257(1-2) | C36: БурСервис | D36: BURFLC - бум 25,0 кг | E36: 290925/3 | F36: 4375 | G36: 175 | H36: Пурпе | I36: отгружен | J36: 45943 | N36: TKRU3181340 | O36: 4375 | R36: + | S36: 41000 | T36: =S36*F36/1000 -> 179375
A37: кнт(Самовывоз) | B37: БС-114257(1-2) | C37: БурСервис | D37: BURFLC - бум 25,0 кг | E37: 290925/4 | F37: 4375 | G37: 175 | H37: Пурпе | I37: отгружен | J37: 45943 | N37: TKRU3181340 | O37: 4375 | R37: + | S37: 41000 | T37: =S37*F37/1000 -> 179375
A38: кнт(Самовывоз) | B38: БС-114257(2-2) | C38: БурСервис | D38: BURFLC - бум 25,0 кг | E38: 300925/1 | F38: 4375 | G38: 175 | H38: Пурпе | I38: отгружен | J38: 45943 | N38: TKRU3219907 | O38: 4375 | R38: + | S38: 41000 | T38: =S38*F38/1000 -> 179375
A39: кнт(Самовывоз) | B39: БС-114257(2-2) | C39: БурСервис | D39: BURFLC - бум 25,0 кг | E39: 300925/2 | F39: 4375 | G39: 175 | H39: Пурпе | I39: отгружен | J39: 45943 | N39: TKRU3219907 | O39: 4375 | R39: + | S39: 41000 | T39: =S39*F39/1000 -> 179375
A40: кнт(Самовывоз) | B40: БС-114257(2-2) | C40: БурСервис | D40: BURFLC - бум 25,0 кг | E40: 300925/3 | F40: 4375 | G40: 175 | H40: Пурпе | I40: отгружен | J40: 45943 | N40: TKRU3219907 | O40: 4375 | R40: + | S40: 41000 | T40: =S40*F40/1000 -> 179375
A41: кнт(Самовывоз) | B41: БС-114257(2-2) | C41: БурСервис | D41: BURFLC - бум 25,0 кг | E41: 300925/4 | F41: 4375 | G41: 175 | H41: Пурпе | I41: отгружен | J41: 45943 | N41: TKRU3219907 | O41: 4375 | R41: + | S41: 41000 | T41: =S41*F41/1000 -> 179375
A42: конт. | B42: БС-116097 | C42: БурСервис | D42: TORQ TRIM II PLUS (СС Голд) - 185 кг п/эт | E42: 091025 | F42: 7400 | G42: 40 | H42: Пурпе | I42: отгружен | J42: 45947 | N42: RZDU0717109 | Q42: 7400 | R42: + | S42: 125000 | T42: =S42*F42/1000 -> 925000
A43: конт. | B43: БС-116097 | C43: БурСервис | D43: TORQ TRIM II PLUS (СС Голд) - 185 кг п/эт | E43: 101025 | F43: 7400 | G43: 40 | H43: Пурпе | I43: отгружен | J43: 45947 | N43: RZDU0717109 | Q43: 7400 | R43: + | S43: 125000 | T43: =S43*F43/1000 -> 925000
A44: конт. | B44: БС-116097 | C44: БурСервис | D44: TORQ TRIM II PLUS (СС Голд) - 185 кг п/эт | E44: 111025 | F44: 7400 | G44: 40 | H44: Пурпе | I44: отгружен | J44: 45947 | N44: RZDU3029990 | Q44: 7400 | R44: + | S44: 125000 | T44: =S44*F44/1000 -> 925000
A45: конт. | B45: БС-116097 | C45: БурСервис | D45: TORQ TRIM II PLUS (СС Голд) - 185 кг п/эт | E45: 121025 | F45: 7400 | G45: 40 | H45: Пурпе | I45: отгружен | J45: 45947 | N45: RZDU3029990 | Q45: 7400 | R45: + | S45: 125000 | T45: =S45*F45/1000 -> 925000
A46: конт. | B46: БС-116097 | C46: БурСервис | D46: TORQ TRIM II PLUS (СС Голд) - 185 кг п/эт | E46: 141025 | F46: 7400 | G46: 40 | H46: Пурпе | I46: отгружен | J46: 45947 | N46: RZDU3044980 | Q46: 7400 | R46: + | S46: 125000 | T46: =S46*F46/1000 -> 925000
A47: конт. | B47: БС-116097 | C47: БурСервис | D47: TORQ TRIM II PLUS (СС Голд) - 185 кг п/эт | E47: 151025 | F47: 7400 | G47: 40 | H47: Пурпе | I47: отгружен | J47: 45947 | N47: RZDU3044980 | Q47: 7400 | R47: + | S47: 125000 | T47: =S47*F47/1000 -> 925000
A48: авто(Авто 45) | B48: Спец№93К(3-6) | C48: ОМАС | D48: Сульф асф - бум 25,0 кг | E48: 03/2025 | F48: 20000 | G48: 800 | H48: Пыть-Ях | I48: отгружен | J48: 45950 | K48: DAF К298МО45 | L48: 89080063420 | M48: Антонов Евгений | O48: 20000 | R48: + | S48: 44500 | T48: =S48*F48/1000 -> 890000
A49: авто(Авто 45) | B49: Спец№93К(6-6) | C49: ОМАС | D49: СУПЕРСЛАЙДЕР ГОЛД - 200 кг п/эт | E49: 230425 | F49: 17600 | G49: 88 | H49: Пыть-Ях | I49: отгружен | J49: 45950 | K49: DAF Р575МС45 | L49: 89125770562 | M49: Осипов Дмитрий | Q49: 17600 | R49: + | S49: 105000 | T49: =S49*F49/1000 -> 1848000
A50: авто(Ариал) | B50: Спец№28(1-2) | C50: МАДСЕРВИС | D50: Сульф асф - бум 25,0 кг | E50: 050424 | F50: 12000 | G50: 480 | H50: Нижневартовск | I50: отгружен | J50: 45951 | K50: FAW Х237СТ154 | L50: 89516118070 | M50: Гумеров Рамиль | O50: 12000 | R50: + | S50: 44500 | T50: =S50*F50/1000 -> 534000
A51: авто(Ариал) | B51: Спец№28(1-2) | C51: МАДСЕРВИС | D51: СУПЕРСЛАЙДЕР ГОЛД - 200 кг п/эт | E51: 180424 | F51: 8000 | G51: 40 | H51: Нижневартовск | I51: отгружен | J51: 45951 | K51: FAW Х237СТ154 | L51: 89516118070 | M51: Гумеров Рамиль | Q51: 8000 | R51: + | S51: 105000 | T51: =S51*F51/1000 -> 840000
A52: авто(Ариал) | B52: Спец№93К(4-6) | C52: ОМАС | D52: Сульф асф - бум 25,0 кг | E52: 03/2025 | F52: 20000 | G52: 800 | H52: Пыть-Ях | I52: отгружен | J52: 45951 | K52: СКАНИЯ Х367УК56 | L52: 89328606606/89058451070 | M52: Пухальский Павел | O52: 20000 | R52: + | S52: 44500 | T52: =S52*F52/1000 -> 890000
A53: авто(ДЛ) | B53: Счет№338 | C53: БГРП | D53: BLACKTROL ж - 200 кг п/эт | E53: 150725 | F53: 200 | G53: 1 | H53: Рубцовск | I53: отгружен | J53: 45951 | K53: Деловые линии | L53: Накл. №00250055456 | Q53: 200 | R53: + | S53: 97000 | T53: =S53*F53/1000 -> 19400
A54: авто(ДЛ) | B54: Счет№338 | C54: БГРП | D54: Оптитрол Ж - 200 кг п/эт | E54: 201025 | F54: 200 | G54: 1 | H54: Рубцовск | I54: отгружен | J54: 45951 | K54: Деловые линии | L54: Накл. №00250055456 | Q54: 200 | R54: + | S54: 85000 | T54: =S54*F54/1000 -> 17000
A55: авто(ДЛ) | B55: Счет№338 | C55: БГРП | D55: СУПЕРСЛАЙДЕР ПЛАТИНУМ - 200 кг п/эт | E55: 201025 | F55: 200 | G55: 1 | H55: Рубцовск | I55: отгружен | J55: 45951 | K55: Деловые линии | L55: Накл. №00250055456 | Q55: 200 | R55: + | S55: 230000 | T55: =S55*F55/1000 -> 46000
A56: авто(Ванюхин) | B56: Спец№23 | C56: КазПетроДриллинг | D56: Стабилайт II - бум марк 25,0 кг | E56: 131025 | F56: 20000 | G56: 800 | H56: Жанаозен | I56: отгружен | J56: 45952 | K56: DAF У594ВА790 | L56: 89273633863/87789283367 | M56: Суетин Дмитрий | O56: 20000 | R56: + | S56: 45500 | T56: =S56*F56/1000 -> 910000
A57: авто (Инкам) | B57: Спец№154 (2-2) | C57: Акрос | D57: BLACKTROL ж - 215,5 кг п/эт | E57: 091025 | F57: 18964 | G57: 88 | H57: Ноябрьск | I57: отгружен | J57: 45954 | K57: DAF К008МА29 | L57: 89116825992 | M57: Белоцерковский Алексей | Q57: 18964 | R57: + | S57: 93000 | T57: =S57*F57/1000 -> 1763652
A58: авто(Ванюхин) | B58: Спец№22 (1-2) | C58: КазПетроДриллинг | D58: Оптитрол Ж - 200 кг п/эт | E58: 060825 | F58: 7000 | G58: 35 | H58: Жанаозен | I58: отгружен | J58: 45954 | K58: Mersedes О119КУ790 | L58: 89309378814/87476119403 | M58: Дегтярев Андрей | Q58: 7000 | R58: + | S58: 82000 | T58: =S58*F58/1000 -> 574000
A59: авто(Ванюхин) | B59: Спец№22 (1-2) | C59: КазПетроДриллинг | D59: Оптитрол Ж - 200 кг п/эт | E59: 070825 | F59: 6400 | G59: 32 | H59: Жанаозен | I59: отгружен | J59: 45954 | K59: Mersedes О119КУ790 | L59: 89309378814/87476119403 | M59: Дегтярев Андрей | Q59: 6400 | R59: + | S59: 82000 | T59: =S59*F59/1000 -> 524800
A60: авто(Ванюхин) | B60: Спец№22 (1-2) | C60: КазПетроДриллинг | D60: Оптитрол Ж - 200 кг п/эт | E60: 080825 | F60: 3600 | G60: 18 | H60: Жанаозен | I60: отгружен | J60: 45954 | K60: Mersedes О119КУ790 | L60: 89309378814/87476119403 | M60: Дегтярев Андрей | Q60: 3600 | R60: + | S60: 82000 | T60: =S60*F60/1000 -> 295200
A61: авто(Ванюхин) | B61: Спец№22 (1-2) | C61: КазПетроДриллинг | D61: Оптитрол Ж - 200 кг п/эт | E61: 120825 | F61: 600 | G61: 3 | H61: Жанаозен | I61: отгружен | J61: 45954 | K61: Mersedes О119КУ790 | L61: 89309378814/87476119403 | M61: Дегтярев Андрей | Q61: 600 | R61: + | S61: 82000 | T61: =S61*F61/1000 -> 49200
A62: авто(Семенова) | B62: Спец№28(2-2) | C62: МАДСЕРВИС | D62: Сульф асф - бум 25,0 кг | E62: 050424 | F62: 8000 | G62: 320 | H62: Нижневартовск | I62: отгружен | J62: 45957 | K62: DAF В426МХ45 | L62: 89125754867 | M62: Анфалов Сергей | O62: 8000 | R62: + | S62: 44500 | T62: =S62*F62/1000 -> 356000
A63: авто(Семенова) | B63: Спец№28(2-2) | C63: МАДСЕРВИС | D63: ТЕРРАПАН - бум 25,0 кг | E63: 200825 | F63: 12000 | G63: 480 | H63: Нижневартовск | I63: отгружен | J63: 45957 | K63: DAF В426МХ45 | L63: 89125754867 | M63: Анфалов Сергей | P63: 12000 | R63: + | S63: 250000 | T63: =S63*F63/1000 -> 3000000
A64: авто(Клото) | B64: Спец№93К(5-6) | C64: ОМАС | D64: Сульф асф - бум 25,0 кг | E64: 03/2025 | F64: 20000 | G64: 800 | H64: Пыть-Ях | I64: отгружен | J64: 45958 | K64: Mercedes-Benz О515ОУ29 | L64: 89115800204 | M64: Борисов Дмитрий Сергеевич | O64: 20000 | R64: + | S64: 44500 | T64: =S64*F64/1000 -> 890000
A65: авто(дел. линии) | B65: Счет№347 | C65: НПЦ по геологии | D65: ТАНАТИН ж - 30 кг канистра | E65: 271025 | F65: 120 | G65: 4 | H65: Слуцк | I65: отгружен | J65: 45959 | K65: Деловые Линии | L65: Накл. №00250057026 | Q65: 120 | R65: + | S65: 199000 | T65: =S65*F65/1000 -> 23880
A66: авто(Ванюхин) | B66: Спец№23 | C66: КазПетроДриллинг | D66: Стабилайт II - бум марк 25,0 кг | E66: 141025 | F66: 11000 | G66: 440 | H66: Жанаозен | I66: отгружен | J66: 45960 | K66: DAF Р783ОР/790 | L66: 89963427701/87772313238 | M66: Шестопалов Александр | O66: 11000 | R66: + | S66: 45500 | T66: =S66*F66/1000 -> 500500
A67: авто(Ванюхин) | B67: Спец№22 | C67: КазПетроДриллинг | D67: Оптитрол Ж - 200 кг п/эт | E67: 140825 | F67: 6400 | G67: 32 | H67: Жанаозен | I67: отгружен | J67: 45960 | K67: DAF Р783ОР/790 | L67: 89963427701/87772313238 | M67: Шестопалов Александр | Q67: 6400 | R67: + | S67: 82000 | T67: =S67*F67/1000 -> 524800
A68: авто(Ванюхин) | B68: Спец№22 | C68: КазПетроДриллинг | D68: Оптитрол Ж - 200 кг п/эт | E68: 150825 | F68: 2400 | G68: 12 | H68: Жанаозен | I68: отгружен | J68: 45960 | K68: DAF Р783ОР/790 | L68: 89963427701/87772313238 | M68: Шестопалов Александр | Q68: 2400 | R68: + | S68: 82000 | T68: =S68*F68/1000 -> 196800
A69: авто(Бакин) | B69: Спец№152(6-7) | C69: Акрос | D69: Drilling Lube (СС РУО) - 200 кг п/эт | E69: 231025 | F69: 17600 | G69: 88 | H69: Мурманск | I69: отгружен | J69: 45961 | K69: Вольво О 618 СМ 29 | L69: 89115713730 | M69: Фокин Дмитрий Викторович | Q69: 17600 | R69: + | S69: 369000 | T69: =S69*(F69/1000) -> 6494400
T70: =SUM(T5:T69) -> 64615784
A71: Итого заказов на: | B71: =SUM($F$5:$F$70)/1000 -> 630.048 | C71: т
A72: Итого отгружено: | B72: =$B$73+$B$74+$B$75 -> 630.048 | C72: т | F72: образцы заказаны
A73: из них ЧП: | B73: =SUM(O5:O70)/1000 -> 295 | C73: т | F73: завел в отчет по отгрузкам
A74: из них ИНАЯ: | B74: =SUM(P5:P70)/1000 -> 71 | C74: т | F74: отправил ПК
A75: из них на жидкий: | B75: =SUM(Q5:Q70)/1000 -> 264.048 | C75: т | F75: Надо заполнить
A76: Осталось отгрузить | B76: =$B$71-$B$72 -> 0 | C76: т | F76: Не выполнено

Sheet сентябрь 2025
B1: ОТГРУЗКИ ПРОДУКЦИИ | C1: 45901
A2: заметки | B2: НОМЕР ЗАКАЗА | C2: КЛИЕНТ | D2: ПРОДУКТ | E2: ПАРТИЯ | F2: КОЛИЧЕСТВО | H2: ПУНКТ НАЗНАЧЕНИЯ | I2: СТАТУС | J2: ДАТА ОТГРУЗКИ | K2: АВТОДОСТАВКА | N2: ЖД ДОСТАВКА | O2: ИТОГО ОТГРУЖЕНО | R2: АКТЫ | S2: Цена со склада за 1 тонну
F3: КГ | G3: мешков/бочек | K3: № АВТО | L3: ТЕЛ. ВОДИТЕЛЯ | M3: ВОДИТЕЛЬ | N3: № КОНТЕЙНЕРА/ВАГОНА | O3: ЧП | P3: ИНАЯ | Q3: Жидкий | T3: Итого
A5: авто(АГЛ) | B5: БС-111582(3-5) | C5: БурСервис | D5: BURFLC - бум 25,0 кг | E5: 140825/2 | F5: 1750 | G5: 70 | H5: Пыть-Ях | I5: отгружен | J5: 45901 | K5: Вольво Р 034 СВ 29 | L5: 89212974613 | M5: Киреев Сергей | O5: 1750 | R5: + | S5: 41000 | T5: =S5*(F5/1000) -> 71750
A6: авто(АГЛ) | B6: БС-111582(3-5) | C6: БурСервис | D6: BURFLC - бум 25,0 кг | E6: 140825/3 | F6: 4375 | G6: 175 | H6: Пыть-Ях | I6: отгружен | J6: 45901 | K6: Вольво Р 034 СВ 29 | L6: 89212974613 | M6: Киреев Сергей | O6: 4375 | R6: + | S6: 41000 | T6: =S6*(F6/1000) -> 179375
A7: авто(АГЛ) | B7: БС-111582(3-5) | C7: БурСервис | D7: BURFLC - бум 25,0 кг | E7: 140825/4 | F7: 4375 | G7: 175 | H7: Пыть-Ях | I7: отгружен | J7: 45901 | K7: Вольво Р 034 СВ 29 | L7: 89212974613 | M7: Киреев Сергей | O7: 4375 | R7: + | S7: 41000 | T7: =S7*(F7/1000) -> 179375
A8: авто(АГЛ) | B8: БС-111582(3-5) | C8: БурСервис | D8: BURFLC - бум 25,0 кг | E8: 150825/1 | F8: 4375 | G8: 175 | H8: Пыть-Ях | I8: отгружен | J8: 45901 | K8: Вольво Р 034 СВ 29 | L8: 89212974613 | M8: Киреев Сергей | O8: 4375 | R8: + | S8: 41000 | T8: =S8*(F8/1000) -> 179375
A9: авто(АГЛ) | B9: БС-111582(3-5) | C9: БурСервис | D9: BURFLC - бум 25,0 кг | E9: 150825/2 | F9: 4375 | G9: 175 | H9: Пыть-Ях | I9: отгружен | J9: 45901 | K9: Вольво Р 034 СВ 29 | L9: 89212974613 | M9: Киреев Сергей | O9: 4375 | R9: + | S9: 41000 | T9: =S9*(F9/1000) -> 179375
A10: авто(АГЛ) | B10: БС-111582(3-5) | C10: БурСервис | D10: BURFLC - бум 25,0 кг | E10: 150825/3 | F10: 1750 | G10: 70 | H10: Пыть-Ях | I10: отгружен | J10: 45901 | K10: Вольво Р 034 СВ 29 | L10: 89212974613 | M10: Киреев Сергей | O10: 1750 | R10: + | S10: 41000 | T10: =S10*(F10/1000) -> 71750
A11: авто(Ариал) | B11: Спец№152(3-7) | C11: Акрос | D11: Drilling Lube (СС РУО) - 200 кг п/эт | E11: 260825 | F11: 17600 | G11: 88 | H11: Мурманск | I11: отгружен | J11: 45901 | K11: ВОЛЬВО Х 933 КО 52 | L11: 89200569667 | M11: Воинов Леонид | Q11: 17600 | R11: + | S11: 369000 | T11: =S11*(F11/1000) -> 6494400
A12: авто(Ариал) | B12: Спец№152(4-7) | C12: Акрос | D12: Drilling Lube (СС РУО) - 200 кг п/эт | E12: 280825 | F12: 17600 | G12: 88 | H12: Мурманск | I12: отгружен | J12: 45902 | K12: МАН М 884 ОЕ 35 | L12: 89211459714 | M12: Лучкин Евгений | Q12: 17600 | R12: + | S12: 369000 | T12: =S12*(F12/1000) -> 6494400
A13: авто(Агро) | B13: БС-111582(4-5) | C13: БурСервис | D13: BURFLC - бум 25,0 кг | E13: 150825/3 | F13: 2625 | G13: 105 | H13: Пыть-Ях | I13: отгружен | J13: 45902 | K13: Камаз В 139 РХ 790 | L13: 89162954327 | M13: Матушкин Анатолий | O13: 2625 | R13: + | S13: 41000 | T13: =S13*(F13/1000) -> 107625
A14: авто(Агро) | B14: БС-111582(4-5) | C14: БурСервис | D14: BURFLC - бум 25,0 кг | E14: 150825/4 | F14: 4375 | G14: 175 | H14: Пыть-Ях | I14: отгружен | J14: 45902 | K14: Камаз В 139 РХ 790 | L14: 89162954327 | M14: Матушкин Анатолий | O14: 4375 | R14: + | S14: 41000 | T14: =S14*(F14/1000) -> 179375
A15: авто(Агро) | B15: БС-111582(4-5) | C15: БурСервис | D15: BURFLC - бум 25,0 кг | E15: 160825/1 | F15: 4375 | G15: 175 | H15: Пыть-Ях | I15: отгружен | J15: 45902 | K15: Камаз В 139 РХ 790 | L15: 89162954327 | M15: Матушкин Анатолий | O15: 4375 | R15: + | S15: 41000 | T15: =S15*(F15/1000) -> 179375
A16: авто(Агро) | B16: БС-111582(4-5) | C16: БурСервис | D16: BURFLC - бум 25,0 кг | E16: 160825/2 | F16: 4375 | G16: 175 | H16: Пыть-Ях | I16: отгружен | J16: 45902 | K16: Камаз В 139 РХ 790 | L16: 89162954327 | M16: Матушкин Анатолий | O16: 4375 | R16: + | S16: 41000 | T16: =S16*(F16/1000) -> 179375
A17: авто(Агро) | B17: БС-111582(4-5) | C17: БурСервис | D17: BURFLC - бум 25,0 кг | E17: 160825/3 | F17: 4375 | G17: 175 | H17: Пыть-Ях | I17: отгружен | J17: 45902 | K17: Камаз В 139 РХ 790 | L17: 89162954327 | M17: Матушкин Анатолий | O17: 4375 | R17: + | S17: 41000 | T17: =S17*(F17/1000) -> 179375
A18: авто(Агро) | B18: БС-111582(4-5) | C18: БурСервис | D18: BURFLC - бум 25,0 кг | E18: 160825/4 | F18: 875 | G18: 35 | H18: Пыть-Ях | I18: отгружен | J18: 45902 | K18: Камаз В 139 РХ 790 | L18: 89162954327 | M18: Матушкин Анатолий | O18: 875 | R18: + | S18: 41000 | T18: =S18*(F18/1000) -> 35875
A19: авто(Авто 45) | B19: Спец№153 | C19: Акрос | D19: BLACKTROL ж - 215,5 кг п/эт | E19: 200825 | F19: 18964 | G19: 88 | H19: Ноябрьск | I19: отгружен | J19: 45902 | K19: DAF К 298 МО 45 | L19: 89080063420 | M19: Антонов Евгений | Q19: 18964 | R19: + | S19: 89000 | T19: =S19*(F19/1000) -> 1687796
A20: авто(Ариал) | B20: БС-111582(5-5) | C20: БурСервис | D20: EZ-MUD DP (Поликап) - бум 25,0 кг | E20: 020925 | F20: 17500 | G20: 700 | H20: Пыть-Ях | I20: отгружен | J20: 45905 | K20: МАЗ М 508 ОХ 196 | L20: 89220214604 | M20: Быков Алексей | P20: 17500 | R20: + | S20: 265000 | T20: =S20*(F20/1000) -> 4637500
A21: авто(Ариал) | B21: БС-111582(5-5) | C21: БурСервис | D21: BURFLC - бум 25,0 кг | E21: 160825/4 | F21: 3500 | G21: 140 | H21: Пыть-Ях | I21: отгружен | J21: 45905 | K21: МАЗ М 508 ОХ 196 | L21: 89220214604 | M21: Быков Алексей | O21: 3500 | R21: + | S21: 41000 | T21: =S21*(F21/1000) -> 143500
A22: авто(Ариал) | B22: Спец№85К(1-2) | C22: Омас | D22: СУПЕРСЛАЙДЕР ГОЛД - 200 кг п/эт | E22: 230425 | F22: 4000 | G22: 20 | H22: Пыть-Ях | I22: отгружен | J22: 45905 | K22: ДАФ Т 428 УК 750 | L22: 89123368550 | M22: Пушкарев Виктор | Q22: 4000 | R22: + | S22: 105000 | T22: =S22*(F22/1000) -> 420000
A23: авто(Ариал) | B23: Спец№85К(1-2) | C23: Омас | D23: ТЕРРАПАН - бум 25,0 кг | E23: 12/2024 | F23: 8000 | G23: 320 | H23: Пыть-Ях | I23: отгружен | J23: 45905 | K23: ДАФ Т 428 УК 750 | L23: 89123368550 | M23: Пушкарев Виктор | P23: 8000 | R23: + | S23: 250000 | T23: =S23*(F23/1000) -> 2000000
A24: авто(Ариал) | B24: Спец№85К(1-2) | C24: Омас | D24: Сульф асф - п/проп обезл 25,0 кг | E24: 03/2025 | F24: 8000 | G24: 320 | H24: Пыть-Ях | I24: отгружен | J24: 45905 | K24: ДАФ Т 428 УК 750 | L24: 89123368550 | M24: Пушкарев Виктор | O24: 8000 | R24: + | S24: 43500 | T24: =S24*(F24/1000) -> 348000
A25: авто(Агро) | B25: Спец№78К (3-3) | C25: Омас | D25: Сульф асф - п/проп обезл 25,0 кг | E25: 03/2025 | F25: 20000 | G25: 800 | H25: Пыть-Ях | I25: отгружен | J25: 45908 | K25: МАЗ Н 99 5ЕО 72 | L25: 89220464746 | M25: Кузнецов Андрей | O25: 20000 | R25: + | S25: 43500 | T25: =S25*(F25/1000) -> 870000
A26: авто(Ариал) | B26: Спец№82К(1-3) | C26: Омас | D26: Сульф асф - п/проп обезл 25,0 кг | E26: 03/2025 | F26: 20000 | G26: 800 | H26: Пыть-Ях | I26: отгружен | J26: 45908 | K26: Скания В 050 КА 156 | L26: 89198650586 | M26: Шатун Евгений | O26: 20000 | R26: + | S26: 43500 | T26: =S26*(F26/1000) -> 870000
A27: авто(Агро) | B27: Спец№86К | C27: Омас | D27: СУПЕРСЛАЙДЕР ГОЛД - 200 кг п/эт | E27: 230425 | F27: 12000 | G27: 60 | H27: Бузулук | I27: отгружен | J27: 45908 | K27: FOTON AUMAN М 149 ХТ 702 | L27: 89374798860 | M27: Биккинин Эльвир | Q27: 12000 | R27: + | S27: 105000 | T27: =S27*(F27/1000) -> 1260000
A28: авто(Агро) | B28: Спец№86К | C28: Омас | D28: КЛСП - бум 20,0 кг | E28: 150425 | F28: 8000 | G28: 400 | H28: Бузулук | I28: отгружен | J28: 45908 | K28: FOTON AUMAN М 149 ХТ 702 | L28: 89374798860 | M28: Биккинин Эльвир | P28: 8000 | R28: + | S28: 87000 | T28: =S28*(F28/1000) -> 696000
A29: авто(Бакин) | B29: Спец№82К(2-3) | C29: Омас | D29: Сульф асф - п/проп обезл 25,0 кг | E29: 03/2025 | F29: 20000 | G29: 800 | H29: Пыть-Ях | I29: отгружен | J29: 45909 | K29: Вольво О 618 СМ 29 | L29: 89115713730 | M29: Фокин Дмитрий | O29: 20000 | R29: + | S29: 43500 | T29: =S29*(F29/1000) -> 870000
A30: авто(Инкам) | B30: Спец№82К(3-3) | C30: Омас | D30: Сульф асф - п/проп обезл 25,0 кг | E30: 03/2025 | F30: 20000 | G30: 800 | H30: Пыть-Ях | I30: отгружен | J30: 45909 | K30: DAF О539ОН29/DAF К008МА29 | L30: 89216700606/89116825992 | M30: Хрущ/Белоцерковский | O30: 20000 | R30: + | S30: 43500 | T30: =S30*(F30/1000) -> 870000
A31: авто(Агро) | B31: Спец№87К | C31: Омас | D31: Сульф асф - п/проп обезл 25,0 кг | E31: 03/2025 | F31: 11000 | G31: 440 | H31: Нижевартовск | I31: отгружен | J31: 45909 | K31: KENWORTH У 181 ЕЕ 142 | L31: 89234704019 | M31: Заика Николай | O31: 11000 | R31: + | S31: 43500 | T31: =S31*(F31/1000) -> 478500
A32: авто(Агро) | B32: Спец№87К | C32: Омас | D32: СУПЕРСЛАЙДЕР ГОЛД - 200 кг п/эт | E32: 230425 | F32: 8000 | G32: 40 | H32: Нижевартовск | I32: отгружен | J32: 45909 | K32: KENWORTH У 181 ЕЕ 142 | L32: 89234704019 | M32: Заика Николай | Q32: 8000 | R32: + | S32: 105000 | T32: =S32*(F32/1000) -> 840000
A33: кнт | B33: Спец№5(1-3) | C33: ИНК-Сервис | D33: Стабилайт II - бум марк 25,0 кг | E33: 270825 | F33: 17500 | G33: 700 | H33: Усть-Кут | I33: отгружен | J33: 45909 | M33: ЗПУ Клещ 60СЦ номер В5654303 | N33: GQRU3142153 | O33: 17500 | R33: + | S33: 39000 | T33: =S33*(F33/1000) -> 682500
A34: кнт | B34: Спец№5(2-3) | C34: ИНК-Сервис | D34: Стабилайт II - бум марк 25,0 кг | E34: 280825 | F34: 17500 | G34: 700 | H34: Усть-Кут | I34: отгружен | J34: 45909 | M34: ЗПУ Клещ 60СЦ номер В5654304 | N34: TKRU3034457 | O34: 17500 | R34: + | S34: 39000 | T34: =S34*(F34/1000) -> 682500
A35: кнт(БС) | B35: БС-111914 | C35: БурСервис | D35: TORQ TRIM II PLUS (СС Голд) - 185 кг п/эт | E35: 010925 | F35: 14800 | G35: 80 | H35: Пурпе | I35: отгружен | J35: 45910 | K35: Ман О 531 НТ 29 | L35: 89212430941 | M35: Пепельницын Алексей | N35: TKRU3127539 | Q35: 14800 | R35: + | S35: 125000 | T35: =S35*(F35/1000) -> 1850000
A36: авто(Ариал) | B36: Спец№85К(2-2) | C36: Омас | D36: ТЕРРАПАН - бум 25,0 кг | E36: 12/2024 | F36: 8000 | G36: 320 | H36: Пыть-Ях | I36: отгружен | J36: 45911 | K36: Камаз В 102 РХ 790 | L36: 89226266773 | M36: Севергин Александр | P36: 8000 | R36: + | S36: 250000 | T36: =S36*(F36/1000) -> 2000000
A37: авто(Ариал) | B37: Спец№85К(2-2) | C37: Омас | D37: Сульф асф - п/проп обезл 25,0 кг | E37: 03/2025 | F37: 2000 | G37: 80 | H37: Пыть-Ях | I37: отгружен | J37: 45911 | K37: Камаз В 102 РХ 790 | L37: 89226266773 | M37: Севергин Александр | O37: 2000 | R37: + | S37: 43500 | T37: =S37*(F37/1000) -> 87000
A38: авто(Ариал) | B38: Спец№88К | C38: Омас | D38: ТЕРРАПАН - бум 25,0 кг | E38: 12/2024 | F38: 10000 | G38: 400 | H38: Пыть-Ях | I38: отгружен | J38: 45911 | K38: Камаз В 102 РХ 790 | L38: 89226266773 | M38: Севергин Александр | P38: 10000 | R38: + | S38: 250000 | T38: =S38*(F38/1000) -> 2500000
A39: авто(Бакин) | B39: Спец№53(1-5) | C39: Инко-Сервис | D39: Сульф асф - бум 25,0 кг | E39: 20250829 | F39: 21000 | G39: 840 | H39: Демьянка | I39: отгружен | J39: 45912 | K39: Вольво О 856 УЕ 29 | L39: 89216004800 | M39: Рядовкин Евгений | O39: 21000 | R39: + | S39: 45000 | T39: =S39*(F39/1000) -> 945000
A40: авто(Ариал) | B40: Спец№53(2-5) | C40: Инко-Сервис | D40: Сульф асф - бум 25,0 кг | E40: 20250829 | F40: 21000 | G40: 840 | H40: Демьянка | I40: отгружен | J40: 45912 | K40: Скания У 580 ВР 48 | L40: 89802610619/89802643561 | M40: Малютин Виктор | O40: 21000 | R40: + | S40: 45000 | T40: =S40*(F40/1000) -> 945000
A41: авто(Клото) | B41: Спец№53(3-5) | C41: Инко-Сервис | D41: Сульф асф - бум 25,0 кг | E41: 20250829 | F41: 21000 | G41: 840 | H41: Демьянка | I41: отгружен | J41: 45915 | K41: Mercedes О 515 ОУ 29 | L41: 89539399073/89115800204 | M41: Борисов Дмитрий | O41: 21000 | R41: + | S41: 45000 | T41: =S41*(F41/1000) -> 945000
A42: авто(Ариал) | B42: Спец№53(4-5) | C42: Инко-Сервис | D42: Сульф асф - бум 25,0 кг | E42: 20250829 | F42: 21000 | G42: 840 | H42: Демьянка | I42: отгружен | J42: 45916 | K42: СИТРАК Р 334 ОН 48 | L42: 89158592905 | M42: Гребенщиков Алексей | O42: 21000 | R42: + | S42: 45000 | T42: =S42*(F42/1000) -> 945000
A43: авто(Ариал) | B43: Спец№53(5-5) | C43: Инко-Сервис | D43: Сульф асф - бум 25,0 кг | E43: 20250829 | F43: 21000 | G43: 840 | H43: Демьянка | I43: отгружен | J43: 45917 | K43: ДАФ Р 831 МВ 67 | L43: 89107273787 | M43: Асташов Сергей | O43: 21000 | R43: + | S43: 45000 | T43: =S43*(F43/1000) -> 945000
A44: авто(Бакин) | B44: Спец№24 | C44: МАДСЕРВИС | D44: Сульф асф - бум 25,0 кг | E44: 050425 | F44: 7000 | G44: 280 | H44: Нижневартовск | I44: отгружен | J44: 45923 | K44: Вольво О 618 СМ 29 | L44: 89115713730 | M44: Фокин Дмитрий | O44: 7000 | R44: + | S44: 44500 | T44: =S44*(F44/1000) -> 311500
A45: авто(Бакин) | B45: Спец№24 | C45: МАДСЕРВИС | D45: ТЕРРАПАН - бум 25,0 кг | E45: 200825 | F45: 8000 | G45: 320 | H45: Нижневартовск | I45: отгружен | J45: 45923 | K45: Вольво О 618 СМ 29 | L45: 89115713730 | M45: Фокин Дмитрий | P45: 8000 | R45: + | S45: 250000 | T45: =S45*(F45/1000) -> 2000000
A46: авто(Бакин) | B46: Спец№24 | C46: МАДСЕРВИС | D46: СУПЕРСЛАЙДЕР ГОЛД - 200 кг п/эт | E46: 290924 | F46: 5600 | G46: 28 | H46: Нижневартовск | I46: отгружен | J46: 45923 | K46: Вольво О 618 СМ 29 | L46: 89115713730 | M46: Фокин Дмитрий | Q46: 5600 | R46: + | S46: 105000 | T46: =S46*(F46/1000) -> 588000
A47: кнт(Клото) | B47: БС-114189(1-2) | C47: БурСервис | D47: BURFLC - бум 25,0 кг | E47: 170925/1 | F47: 4375 | G47: 175 | H47: Пыть-Ях | I47: отгружен | J47: 45924 | N47: TKRU3036296 | O47: 4375 | R47: + | S47: 41000 | T47: =S47*(F47/1000) -> 179375
A48: кнт(Клото) | B48: БС-114189(1-2) | C48: БурСервис | D48: BURFLC - бум 25,0 кг | E48: 170925/2 | F48: 4375 | G48: 175 | H48: Пыть-Ях | I48: отгружен | J48: 45924 | N48: TKRU3036296 | O48: 4375 | R48: + | S48: 41000 | T48: =S48*(F48/1000) -> 179375
A49: кнт(Клото) | B49: БС-114189(1-2) | C49: БурСервис | D49: BURFLC - бум 25,0 кг | E49: 170925/3 | F49: 4375 | G49: 175 | H49: Пыть-Ях | I49: отгружен | J49: 45924 | N49: TKRU3036296 | O49: 4375 | R49: + | S49: 41000 | T49: =S49*(F49/1000) -> 179375
A50: кнт(Клото) | B50: БС-114189(1-2) | C50: БурСервис | D50: BURFLC - бум 25,0 кг | E50: 170925/4 | F50: 4375 | G50: 175 | H50: Пыть-Ях | I50: отгружен | J50: 45924 | N50: TKRU3036296 | O50: 4375 | R50: + | S50: 41000 | T50: =S50*(F50/1000) -> 179375
A51: кнт(Клото) | B51: БС-114189(2-2) | C51: БурСервис | D51: BURFLC - бум 25,0 кг | E51: 180925/1 | F51: 4375 | G51: 175 | H51: Пыть-Ях | I51: отгружен | J51: 45924 | N51: TKRU3538210 | O51: 4375 | R51: + | S51: 41000 | T51: =S51*(F51/1000) -> 179375
A52: кнт(Клото) | B52: БС-114189(2-2) | C52: БурСервис | D52: BURFLC - бум 25,0 кг | E52: 180925/2 | F52: 4375 | G52: 175 | H52: Пыть-Ях | I52: отгружен | J52: 45924 | N52: TKRU3538210 | O52: 4375 | R52: + | S52: 41000 | T52: =S52*(F52/1000) -> 179375
A53: кнт(Клото) | B53: БС-114189(2-2) | C53: БурСервис | D53: BURFLC - бум 25,0 кг | E53: 180925/3 | F53: 4375 | G53: 175 | H53: Пыть-Ях | I53: отгружен | J53: 45924 | N53: TKRU3538210 | O53: 4375 | R53: + | S53: 41000 | T53: =S53*(F53/1000) -> 179375
A54: кнт(Клото) | B54: БС-114189(2-2) | C54: БурСервис | D54: BURFLC - бум 25,0 кг | E54: 180925/4 | F54: 4375 | G54: 175 | H54: Пыть-Ях | I54: отгружен | J54: 45924 | N54: TKRU3538210 | O54: 4375 | R54: + | S54: 41000 | T54: =S54*(F54/1000) -> 179375
A55: авто(Агро) | B55: Спец№26 | C55: МАДСЕРВИС | D55: Сульф асф - бум 25,0 кг | E55: 040625 | F55: 18000 | G55: 720 | H55: Самара | I55: отгружен | J55: 45924 | K55: Камаз Т 504 КХ 716 | L55: 89172785703 | M55: Искалиев Сергей | O55: 18000 | R55: + | S55: 44500 | T55: =S55*(F55/1000) -> 801000
A56: авто(Агро) | B56: Спец№26 | C56: МАДСЕРВИС | D56: ТЕРРАПАН - бум 25,0 кг | E56: 200825 | F56: 1000 | G56: 40 | H56: Самара | I56: отгружен | J56: 45924 | K56: Камаз Т 504 КХ 716 | L56: 89172785703 | M56: Искалиев Сергей | P56: 1000 | R56: + | S56: 250000 | T56: =S56*(F56/1000) -> 250000
A57: авто(Агро) | B57: Спец№26 | C57: МАДСЕРВИС | D57: BLACKTROL ж - 200 кг п/эт | E57: 110324 | F57: 1600 | G57: 8 | H57: Самара | I57: отгружен | J57: 45924 | K57: Камаз Т 504 КХ 716 | L57: 89172785703 | M57: Искалиев Сергей | Q57: 1600 | R57: + | S57: 89000 | T57: =S57*(F57/1000) -> 142400
A58: авто(ГК Урал) | B58: БС-115808(1-4) | C58: БурСервис | D58: BURFLC - бум 25,0 кг | E58: 170925/1 | F58: 7000 | G58: 280 | H58: Демьянка | I58: отгружен | J58: 45925 | K58: Скания Х 877 РВ 43 | L58: 89127082511 | M58: Волков Сергей | O58: 7000 | R58: + | S58: 41000 | T58: =S58*(F58/1000) -> 287000
A59: авто(ГК Урал) | B59: БС-115808(1-4) | C59: БурСервис | D59: BURFLC - бум 25,0 кг | E59: 170925/2 | F59: 4375 | G59: 175 | H59: Демьянка | I59: отгружен | J59: 45925 | K59: Скания Х 877 РВ 43 | L59: 89127082511 | M59: Волков Сергей | O59: 4375 | R59: + | S59: 41000 | T59: =S59*(F59/1000) -> 179375
A60: авто(ГК Урал) | B60: БС-115808(1-4) | C60: БурСервис | D60: BURFLC - бум 25,0 кг | E60: 170925/3 | F60: 4375 | G60: 175 | H60: Демьянка | I60: отгружен | J60: 45925 | K60: Скания Х 877 РВ 43 | L60: 89127082511 | M60: Волков Сергей | O60: 4375 | R60: + | S60: 41000 | T60: =S60*(F60/1000) -> 179375
A61: авто(ГК Урал) | B61: БС-115808(1-4) | C61: БурСервис | D61: BURFLC - бум 25,0 кг | E61: 170925/4 | F61: 4375 | G61: 175 | H61: Демьянка | I61: отгружен | J61: 45925 | K61: Скания Х 877 РВ 43 | L61: 89127082511 | M61: Волков Сергей | O61: 4375 | R61: + | S61: 41000 | T61: =S61*(F61/1000) -> 179375
A62: авто(Ариал) | B62: БС-115808(2-4) | C62: БурСервис | D62: BURFLC - бум 25,0 кг | E62: 180925/1 | F62: 7000 | G62: 280 | H62: Демьянка | I62: отгружен | J62: 45925 | K62: Мерседес О 097 ЕС 29 | L62: 89115513455 | M62: Васильянов Константин | O62: 7000 | R62: + | S62: 41000 | T62: =S62*(F62/1000) -> 287000
A63: авто(Ариал) | B63: БС-115808(2-4) | C63: БурСервис | D63: BURFLC - бум 25,0 кг | E63: 180925/2 | F63: 4375 | G63: 175 | H63: Демьянка | I63: отгружен | J63: 45925 | K63: Мерседес О 097 ЕС 29 | L63: 89115513455 | M63: Васильянов Константин | O63: 4375 | R63: + | S63: 41000 | T63: =S63*(F63/1000) -> 179375
A64: авто(Ариал) | B64: БС-115808(2-4) | C64: БурСервис | D64: BURFLC - бум 25,0 кг | E64: 180925/3 | F64: 4375 | G64: 175 | H64: Демьянка | I64: отгружен | J64: 45925 | K64: Мерседес О 097 ЕС 29 | L64: 89115513455 | M64: Васильянов Константин | O64: 4375 | R64: + | S64: 41000 | T64: =S64*(F64/1000) -> 179375
A65: авто(Ариал) | B65: БС-115808(2-4) | C65: БурСервис | D65: BURFLC - бум 25,0 кг | E65: 180925/4 | F65: 4375 | G65: 175 | H65: Демьянка | I65: отгружен | J65: 45925 | K65: Мерседес О 097 ЕС 29 | L65: 89115513455 | M65: Васильянов Константин | O65: 4375 | R65: + | S65: 41000 | T65: =S65*(F65/1000) -> 179375
A66: кнт | B66: Спец№5(3-3) | C66: ИНК-Сервис | D66: Стабилайт II - бум марк 25,0 кг | E66: 010925 | F66: 17500 | G66: 700 | H66: Усть-Кут | I66: отгружен | J66: 45925 | M66: ЗПУ Клещ 60СЦ В5654306 | N66: TKRU3403621 | O66: 17500 | R66: + | S66: 39000 | T66: =S66*(F66/1000) -> 682500
A67: кнт(Самовывоз) | B67: БС-114682 | C67: БурСервис | D67: BaraFLC(0) - бум 25,0 кг | E67: 230925/1 | F67: 4375 | G67: 175 | H67: Усинск | I67: отгружен | J67: 45926 | K67: ИЛ Направлен МАЗ М326ОХ29 | L67: 89116806638 | M67: Орлов Павел | N67: TKRU3409996 | O67: 4375 | R67: + | S67: 41000 | T67: =S67*(F67/1000) -> 179375
A68: кнт(Самовывоз) | B68: БС-114682 | C68: БурСервис | D68: BaraFLC(0) - бум 25,0 кг | E68: 230925/2 | F68: 4375 | G68: 175 | H68: Усинск | I68: отгружен | J68: 45926 | K68: ИЛ Направлен МАЗ М326ОХ29 | L68: 89116806638 | M68: Орлов Павел | N68: TKRU3409996 | O68: 4375 | R68: + | S68: 41000 | T68: =S68*(F68/1000) -> 179375
A69: кнт(Самовывоз) | B69: БС-114682 | C69: БурСервис | D69: BaraFLC(0) - бум 25,0 кг | E69: 230925/3 | F69: 4375 | G69: 175 | H69: Усинск | I69: отгружен | J69: 45926 | K69: ИЛ Направлен МАЗ М326ОХ29 | L69: 89116806638 | M69: Орлов Павел | N69: TKRU3409996 | O69: 4375 | R69: + | S69: 41000 | T69: =S69*(F69/1000) -> 179375
A70: кнт(Самовывоз) | B70: БС-114682 | C70: БурСервис | D70: BaraFLC(0) - бум 25,0 кг | E70: 230925/4 | F70: 4375 | G70: 175 | H70: Усинск | I70: отгружен | J70: 45926 | K70: ИЛ Направлен МАЗ М326ОХ29 | L70: 89116806638 | M70: Орлов Павел | N70: TKRU3409996 | O70: 4375 | R70: + | S70: 41000 | T70: =S70*(F70/1000) -> 179375
A71: авто(Бакин) | B71: БС-115808(3-4) | C71: БурСервис | D71: BURFLC - бум 25,0 кг | E71: 240925/1 | F71: 5250 | G71: 210 | H71: Демьянка | I71: отгружен | J71: 45926 | K71: Вольво О 856 УЕ 29 | L71: 89216004800 | M71: Рядовкин Евгений | O71: 5250 | R71: + | S71: 41000 | T71: =S71*(F71/1000) -> 215250
A72: авто(Бакин) | B72: БС-115808(3-4) | C72: БурСервис | D72: BURFLC - бум 25,0 кг | E72: 240925/2 | F72: 5250 | G72: 210 | H72: Демьянка | I72: отгружен | J72: 45926 | K72: Вольво О 856 УЕ 29 | L72: 89216004800 | M72: Рядовкин Евгений | O72: 5250 | R72: + | S72: 41000 | T72: =S72*(F72/1000) -> 215250
A73: авто(Бакин) | B73: БС-115808(3-4) | C73: БурСервис | D73: BURFLC - бум 25,0 кг | E73: 240925/3 | F73: 5250 | G73: 210 | H73: Демьянка | I73: отгружен | J73: 45926 | K73: Вольво О 856 УЕ 29 | L73: 89216004800 | M73: Рядовкин Евгений | O73: 5250 | R73: + | S73: 41000 | T73: =S73*(F73/1000) -> 215250
A74: авто(Бакин) | B74: БС-115808(3-4) | C74: БурСервис | D74: BURFLC - бум 25,0 кг | E74: 240925/4 | F74: 4375 | G74: 175 | H74: Демьянка | I74: отгружен | J74: 45926 | K74: Вольво О 856 УЕ 29 | L74: 89216004800 | M74: Рядовкин Евгений | O74: 4375 | R74: + | S74: 41000 | T74: =S74*(F74/1000) -> 179375
A75: авто(Ариал) | B75: Спец№152(5-7) | C75: Акрос | D75: Drilling Lube (СС РУО) - 200 кг п/эт | E75: 230925 | F75: 17600 | G75: 88 | H75: Мурманск | I75: отгружен | J75: 45926 | K75: Вольво Н 864 КА 198 | L75: 89697258551 | M75: Голиков Николай | Q75: 17600 | R75: + | S75: 369000 | T75: =S75*(F75/1000) -> 6494400
A76: авто(Агро) | B76: БС-115808(4-4) | C76: БурСервис | D76: BURFLC - бум 25,0 кг | E76: 250925/1 | F76: 5250 | G76: 210 | H76: Демьянка | I76: отгружен | J76: 45926 | K76: Мерседес AXOR К558УР 73 | L76: 89378737561 | M76: Порубов Виктор | O76: 5250 | R76: + | S76: 41000 | T76: =S76*(F76/1000) -> 215250
A77: авто(Агро) | B77: БС-115808(4-4) | C77: БурСервис | D77: BURFLC - бум 25,0 кг | E77: 250925/2 | F77: 5250 | G77: 210 | H77: Демьянка | I77: отгружен | J77: 45926 | K77: Мерседес AXOR К558УР 73 | L77: 89378737561 | M77: Порубов Виктор | O77: 5250 | R77: + | S77: 41000 | T77: =S77*(F77/1000) -> 215250
A78: авто(Агро) | B78: БС-115808(4-4) | C78: БурСервис | D78: BURFLC - бум 25,0 кг | E78: 250925/3 | F78: 5250 | G78: 210 | H78: Демьянка | I78: отгружен | J78: 45926 | K78: Мерседес AXOR К558УР 73 | L78: 89378737561 | M78: Порубов Виктор | O78: 5250 | R78: + | S78: 41000 | T78: =S78*(F78/1000) -> 215250
A79: авто(Агро) | B79: БС-115808(4-4) | C79: БурСервис | D79: BURFLC - бум 25,0 кг | E79: 250925/4 | F79: 4375 | G79: 175 | H79: Демьянка | I79: отгружен | J79: 45926 | K79: Мерседес AXOR К558УР 73 | L79: 89378737561 | M79: Порубов Виктор | O79: 4375 | R79: + | S79: 41000 | T79: =S79*(F79/1000) -> 179375
A80: авто | B80: Спец 2 | C80: FWL | D80: ЭКСТРАМУЛ-2000 - 180 кг мет | E80: 180925 | F80: =G80*180 -> 14400 | G80: 80 | H80: Самовывоз | I80: отгружен | J80: 45929 | K80: МАН Н 894 ММ/136 | L80: 89397721035, 89204442316 | M80: Пустовалов Евгений Викторович | Q80: 14400 | R80: + | S80: 127500 | T80: =S80*(F80/1000) -> 1836000
A81: авто | B81: Спец 2 | C81: FWL | D81: ВЕЛЛТРИТ - 180 кг мет | E81: 160925 | F81: =G81*180 -> 14400 | G81: 80 | H81: Самовывоз | I81: отгружен | J81: 45929 | K81: DAF М591КВ67 | L81: 8 910 242-62-32 | M81: Таранда Игорь Геннадьевич | Q81: 14400 | R81: + | S81: 146500 | T81: =S81*(F81/1000) -> 2109600
A82: авто(Агро) | B82: Спец№90К | C82: Омас | D82: КЛСП - бум 20,0 кг | E82: 150925 | F82: 14000 | G82: 700 | H82: Бузулук | I82: отгружен | J82: 45929 | K82: Scania Т372МТ/116 | L82: 89991645883 | M82: Низамов Фенис | P82: 14000 | R82: + | S82: 87000 | T82: =S82*(F82/1000) -> 1218000
A83: авто(Агро) | B83: Спец№90К | C83: Омас | D83: СУПЕРСЛАЙДЕР ГОЛД - 200 кг п/эт | E83: 230425 | F83: 6400 | G83: 32 | H83: Бузулук | I83: отгружен | J83: 45929 | K83: Scania Т372МТ/116 | L83: 89991645883 | M83: Низамов Фенис | Q83: 6400 | R83: + | S83: 105000 | T83: =S83*(F83/1000) -> 672000
A84: Итого заказов на: | B84: =SUM($F$5:$F$83)/1000 -> 689.464 | C84: т | T84: =SUM(T5:T83) -> 65787496
A85: Итого отгружено: | B85: =$B$86+$B$87+$B$88 -> 689.464 | C85: т | F85: образцы заказаны
A86: из них ЧП: | B86: =SUM(O5:O83)/1000 -> 462 | C86: т | F86: завел в отчет по отгрузкам
A87: из них ИНАЯ: | B87: =SUM(P5:P83)/1000 -> 74.5 | C87: т | F87: отправил ПК
A88: из них на жидкий: | B88: =SUM(Q5:Q83)/1000 -> 152.964 | C88: т | F88: Надо заполнить
A89: Осталось отгрузить | B89: =$B$84-$B$85 -> 0 | C89: т | F89: Не выполнено

Sheet август 2025
B1: ОТГРУЗКИ ПРОДУКЦИИ | C1: 45870
A2: заметки | B2: НОМЕР ЗАКАЗА | C2: КЛИЕНТ | D2: ПРОДУКТ | E2: ПАРТИЯ | F2: КОЛИЧЕСТВО | H2: ПУНКТ НАЗНАЧЕНИЯ | I2: СТАТУС | J2: ДАТА ОТГРУЗКИ | K2: АВТОДОСТАВКА | N2: ЖД ДОСТАВКА | O2: ИТОГО ОТГРУЖЕНО | R2: АКТЫ | S2: Цена со склада за 1 тонну
F3: КГ | G3: мешков/бочек | K3: № АВТО | L3: ТЕЛ. ВОДИТЕЛЯ | M3: ВОДИТЕЛЬ | N3: № КОНТЕЙНЕРА/ВАГОНА | O3: ЧП | P3: ИНАЯ | Q3: Жидкий | T3: Итого
A5: авто(Ванюхин) | B5: Спец№20(1-2) | C5: КазПетроДриллинг | D5: Стабилайт II - бум 25,0 кг | E5: 120625 | F5: 20000 | G5: 800 | H5: Жанаозен | I5: отгружен | J5: 45870 | K5: Volvo Т 681 MP 67 | L5: 89608185086/87777918885 | M5: Ащегулов Семён | O5: 20000 | R5: + | S5: 45000 | T5: =S5*(F5/1000) -> 900000
A6: авто(Ариал) | B6: БС-101657(6-8) | C6: БурСервис | D6: BURFLC - бум 25,0 кг | E6: 270525 | F6: 20125 | G6: 805 | H6: Пыть-Ях | I6: отгружен | J6: 45870 | K6: МАЗ Н 995 ЕО 72 | L6: 89220464746 | M6: Кузнецов Андрей | O6: 20125 | R6: + | S6: 41000 | T6: =S6*(F6/1000) -> 825125
A7: авто(Инкам) | B7: БС-101657(7-8) | C7: БурСервис | D7: BURFLC - бум 25,0 кг | E7: 290525 | F7: 20125 | G7: 805 | H7: Пыть-Ях | I7: отгружен | J7: 45870 | K7: DAF К 008 МА 29 | L7: 89116825992 | M7: Белоцерковский Алексей | O7: 20125 | R7: + | S7: 41000 | T7: =S7*(F7/1000) -> 825125
A8: авто(Агро) | B8: Спец№51 | C8: Инко-Сервис | D8: Стабилайт II - бум марк 25,0 кг | E8: 220725 | F8: 20000 | G8: 800 | H8: Новосемейкино | I8: отгружен | J8: 45870 | K8: FAW У 769 ЕА 152 | L8: 89601818667 | M8: Курапов Дмитрий | O8: 20000 | R8: + | S8: 45000 | T8: =S8*(F8/1000) -> 900000
A9: авто(Авто 45) | B9: БС-102928(2-3) | C9: БурСервис | D9: BURFLC - бум 25,0 кг | E9: 020625 | F9: 20125 | G9: 805 | H9: Пыть-Ях | I9: отгружен | J9: 45873 | K9: КАМАЗ О 773 НМ 45 | L9: 89195697888 | M9: Шмаков Александр | O9: 20125 | R9: + | S9: 41000 | T9: =S9*(F9/1000) -> 825125
A10: авто(ИП Семенова) | B10: БС-102928(3-3) | C10: БурСервис | D10: BURFLC - бум 25,0 кг | E10: 050625 | F10: 20125 | G10: 805 | H10: Пыть-Ях | I10: отгружен | J10: 45873 | K10: DAF У 377 МХ 45 | L10: 89195966929 | M10: Ильин Андрей | O10: 20125 | R10: + | S10: 41000 | T10: =S10*(F10/1000) -> 825125
A11: авто(Ванюхин) | B11: Спец№20(2-2) | C11: КазПетроДриллинг | D11: Стабилайт II - бум 25,0 кг | E11: 190625 | F11: 20000 | G11: 800 | H11: Жанаозен | I11: отгружен | J11: 45874 | K11: DAF У 690 РК 790 | L11: 89273817812/87773777323 | M11: Портнов Дмитрий | O11: 20000 | R11: + | S11: 45000 | T11: =S11*(F11/1000) -> 900000
A12: кнт | B12: БС-108150(1-3) | C12: БурСервис | D12: BURFLC - бум 25,0 кг | E12: 010825/1 | F12: 4375 | G12: 175 | H12: Пурпе | I12: отгружен | J12: 45876 | N12: TKRU3440733 | O12: 4375 | R12: + | S12: 41000 | T12: =S12*(F12/1000) -> 179375
A13: кнт | B13: БС-108150(1-3) | C13: БурСервис | D13: BURFLC - бум 25,0 кг | E13: 010825/2 | F13: 4375 | G13: 175 | H13: Пурпе | I13: отгружен | J13: 45876 | N13: TKRU3440733 | O13: 4375 | R13: + | S13: 41000 | T13: =S13*(F13/1000) -> 179375
A14: кнт | B14: БС-108150(1-3) | C14: БурСервис | D14: BURFLC - бум 25,0 кг | E14: 010825/3 | F14: 4375 | G14: 175 | H14: Пурпе | I14: отгружен | J14: 45876 | N14: TKRU3440733 | O14: 4375 | R14: + | S14: 41000 | T14: =S14*(F14/1000) -> 179375
A15: кнт | B15: БС-108150(1-3) | C15: БурСервис | D15: BURFLC - бум 25,0 кг | E15: 010825/4 | F15: 4375 | G15: 175 | H15: Пурпе | I15: отгружен | J15: 45876 | N15: TKRU3440733 | O15: 4375 | R15: + | S15: 41000 | T15: =S15*(F15/1000) -> 179375
A16: кнт | B16: БС-108150(2-3) | C16: БурСервис | D16: BURFLC - бум 25,0 кг | E16: 020825/1 | F16: 4375 | G16: 175 | H16: Пурпе | I16: отгружен | J16: 45876 | N16: TKRU3056836 | O16: 4375 | R16: + | S16: 41000 | T16: =S16*(F16/1000) -> 179375
A17: кнт | B17: БС-108150(2-3) | C17: БурСервис | D17: BURFLC - бум 25,0 кг | E17: 020825/2 | F17: 4375 | G17: 175 | H17: Пурпе | I17: отгружен | J17: 45876 | N17: TKRU3056836 | O17: 4375 | R17: + | S17: 41000 | T17: =S17*(F17/1000) -> 179375
A18: кнт | B18: БС-108150(2-3) | C18: БурСервис | D18: BURFLC - бум 25,0 кг | E18: 020825/3 | F18: 4375 | G18: 175 | H18: Пурпе | I18: отгружен | J18: 45876 | N18: TKRU3056836 | O18: 4375 | R18: + | S18: 41000 | T18: =S18*(F18/1000) -> 179375
A19: кнт | B19: БС-108150(2-3) | C19: БурСервис | D19: BURFLC - бум 25,0 кг | E19: 020825/4 | F19: 4375 | G19: 175 | H19: Пурпе | I19: отгружен | J19: 45876 | N19: TKRU3056836 | O19: 4375 | R19: + | S19: 41000 | T19: =S19*(F19/1000) -> 179375
A20: авто(Ванюхин) | B20: Спец№21(2-2) | C20: КазПетроДриллинг | D20: Оптитрол Ж - 200 кг п/эт | E20: 270626 | F20: 17600 | G20: 88 | H20: Жанаозен | I20: отгружен | J20: 45880 | K20: DAF Е 375 AM 198 | L20: 89270908660/87779998937 | M20: Каражан Арман | Q20: 17600 | R20: + | S20: 81500 | T20: =S20*(F20/1000) -> 1434400
A21: авто(Ванюхин) | B21: Спец№21(1-2) | C21: КазПетроДриллинг | D21: Оптитрол Ж - 200 кг п/эт | E21: 200525 | F21: 17600 | G21: 88 | H21: Жанаозен | I21: отгружен | J21: 45880 | K21: DAF У 594 ВА 790 | L21: 89277644533/87789283367 | M21: Суетин Дмитрий | Q21: 17600 | R21: + | S21: 81500 | T21: =S21*(F21/1000) -> 1434400
A22: Самовывоз | B22: Спец№3 | C22: Комар эпокси | D22: СУПЕРСЛАЙДЕР ГОЛД - 200 кг п/эт | E22: 080825 | F22: 6000 | G22: 30 | H22: Самовывоз | I22: отгружен | J22: 45881 | K22: Джак К 194 HM 136 | L22: 89771324621 | M22: Мейзер Игорь | Q22: 6000 | R22: + | S22: 170000 | T22: =S22*(F22/1000) -> 1020000
A23: кнт | B23: БС-109055 | C23: БурСервис | D23: RADIAGREEN RA - 950 кг еврокуб | E23: ОЕ50411003 | F23: 9500 | G23: 10 | H23: Корсаков | I23: отгружен | J23: 45883 | K23: КУРС ЕВРО НА 15.08 93,0588 | N23: GESU1286125 | Q23: 9500 | R23: + | S23: 790348.39 | T23: =S23*(F23/1000) -> 7508309.7
A24: кнт | B24: БС-109055 | C24: БурСервис | D24: RADIAGREEN RA - 950 кг еврокуб | E24: ОЕ50411003 | F24: 9500 | G24: 10 | H24: Корсаков | I24: отгружен | J24: 45883 | K24: КУРС ЕВРО НА 15.08 93,0588 | N24: TCKU3763060 | Q24: 9500 | R24: + | S24: 790348.39 | T24: =S24*(F24/1000) -> 7508309.7
A25: атво(Бакин) | B25: Спец№34 | C25: Энергоресурс | D25: BLACKTROL ж - 200 кг п/эт | E25: 220425 | F25: 6400 | G25: 32 | H25: Пермь | I25: отгружен | J25: 45887 | K25: Вольво О 618 СМ 29 | L25: 89115713730 | M25: Фокин Дмитрий | Q25: =F25 -> 6400 | R25: + | S25: 89900 | T25: =S25*(F25/1000) -> 575360
A26: атво(Бакин) | B26: Спец№34 | C26: Энергоресурс | D26: Стабилайт II - п/проп обезл 22,7 кг | E26: б/п | F26: 13620 | G26: 600 | H26: Пермь | I26: отгружен | J26: 45887 | K26: Вольво О 618 СМ 29 | L26: 89115713730 | M26: Фокин Дмитрий | O26: =F26 -> 13620 | R26: + | S26: 45800 | T26: =S26*(F26/1000) -> 623796
A27: авто(Агро) | B27: Спец№152(1-7) | C27: Акрос | D27: Drilling Lube (СС РУО) - 200 кг п/эт | E27: 120825 | F27: 17600 | G27: 88 | H27: Мурманск | I27: отгружен | J27: 45888 | K27: Ситрак У 674 КУ 716 | L27: 89375266623 | M27: Салимзянов Радик Зифирович | Q27: 17600 | R27: + | S27: 369000 | T27: =S27*(F27/1000) -> 6494400
A28: авто(Ариал) | B28: Спец№152(2-7) | C28: Акрос | D28: Drilling Lube (СС РУО) - 200 кг п/эт | E28: 140825 | F28: 17600 | G28: 88 | H28: Мурманск | I28: отгружен | J28: 45889 | K28: Ситрак Р 751 ЕН 32 | L28: 89532884114, 89506984652 | M28: Павлюченков Геннадий | Q28: 17600 | R28: + | S28: 369000 | T28: =S28*(F28/1000) -> 6494400
A29: авто(Инкам) | B29: БС-111582(1-5) | C29: БурСервис | D29: BURFLC - бум 25,0 кг | E29: 120825/1 | F29: 4375 | G29: 175 | H29: Пыть-Ях | I29: отгружен | J29: 45889 | K29: DAF К 008 МА 29 | L29: 89116825992 | M29: Белоцерковский Алексей | O29: 4375 | R29: + | S29: 41000 | T29: =S29*(F29/1000) -> 179375
A30: авто(Инкам) | B30: БС-111582(1-5) | C30: БурСервис | D30: BURFLC - бум 25,0 кг | E30: 120825/2 | F30: 4375 | G30: 175 | H30: Пыть-Ях | I30: отгружен | J30: 45889 | K30: DAF К 008 МА 29 | L30: 89116825992 | M30: Белоцерковский Алексей | O30: 4375 | R30: + | S30: 41000 | T30: =S30*(F30/1000) -> 179375
A31: авто(Инкам) | B31: БС-111582(1-5) | C31: БурСервис | D31: BURFLC - бум 25,0 кг | E31: 120825/3 | F31: 4375 | G31: 175 | H31: Пыть-Ях | I31: отгружен | J31: 45889 | K31: DAF К 008 МА 29 | L31: 89116825992 | M31: Белоцерковский Алексей | O31: 4375 | R31: + | S31: 41000 | T31: =S31*(F31/1000) -> 179375
A32: авто(Инкам) | B32: БС-111582(1-5) | C32: БурСервис | D32: BURFLC - бум 25,0 кг | E32: 120825/4 | F32: 4375 | G32: 175 | H32: Пыть-Ях | I32: отгружен | J32: 45889 | K32: DAF К 008 МА 29 | L32: 89116825992 | M32: Белоцерковский Алексей | O32: 4375 | R32: + | S32: 41000 | T32: =S32*(F32/1000) -> 179375
A33: авто(Инкам) | B33: БС-111582(1-5) | C33: БурСервис | D33: BURFLC - бум 25,0 кг | E33: 130825/1 | F33: 3500 | G33: 140 | H33: Пыть-Ях | I33: отгружен | J33: 45889 | K33: DAF К 008 МА 29 | L33: 89116825992 | M33: Белоцерковский Алексей | O33: 3500 | R33: + | S33: 41000 | T33: =S33*(F33/1000) -> 143500
A34: авто(Агро) | B34: Спец№52(1-2) | C34: Инко-Сервис | D34: Сульф асф - бум 25,0 кг | E34: 20250808 | F34: 20000 | G34: 800 | H34: Демьянка | I34: отгружен | J34: 45889 | K34: DAF М982АА15 | L34: 89824419561 | M34: Вильгельм Павел | O34: 20000 | R34: + | S34: 45000 | T34: =S34*(F34/1000) -> 900000
A35: авто(Агро) | B35: Спец№52(2-2) | C35: Инко-Сервис | D35: Сульф асф - бум 25,0 кг | E35: 20250808 | F35: 20000 | G35: 800 | H35: Демьянка | I35: отгружен | J35: 45889 | K35: РЕНО Н 451 МС 196 | L35: 89995590766 | M35: Михайлов Денис | O35: 20000 | R35: + | S35: 45000 | T35: =S35*(F35/1000) -> 900000
A36: авто(Авто 45) | B36: Спец№22 | C36: МАДСЕРВИС | D36: Сульф асф - бум 25,0 кг | E36: 050424 | F36: 20000 | G36: 800 | H36: Нижневартовск | I36: отгружен | J36: 45890 | K36: КАМАЗ О773НМ 45 | L36: 89125770562 | M36: Осипов Дмитрий | O36: 20000 | R36: + | S36: 43500 | T36: =S36*(F36/1000) -> 870000
A37: кнт | B37: БС-110580 | C37: БурСервис | D37: EZ-MUD DP (Поликап) - бум 25,0 кг | E37: 080825 | F37: 8750 | G37: 350 | H37: Пурпе | I37: отгружен | J37: 45890 | N37: TKRU3399732 | O37: 8750 | R37: + | S37: 265000 | T37: =S37*(F37/1000) -> 2318750
A38: кнт | B38: БС-108150(3-3) | C38: БурСервис | D38: BURFLC - бум 25,0 кг | E38: 030825/3 | F38: 4375 | G38: 175 | H38: Пурпе | I38: отгружен | J38: 45890 | N38: TKRU3399732 | O38: 4375 | R38: + | S38: 41000 | T38: =S38*(F38/1000) -> 179375
A39: кнт | B39: БС-108150(3-3) | C39: БурСервис | D39: BURFLC - бум 25,0 кг | E39: 030825/4 | F39: 4375 | G39: 175 | H39: Пурпе | I39: отгружен | J39: 45890 | N39: TKRU3399732 | O39: 4375 | R39: + | S39: 41000 | T39: =S39*(F39/1000) -> 179375
A40: кнт | B40: БС-110580 | C40: БурСервис | D40: EZ-MUD DP (Поликап) - бум 25,0 кг | E40: 080825 | F40: 8750 | G40: 350 | H40: Пурпе | I40: отгружен | J40: 45890 | N40: TKRU3407503 | O40: 8750 | R40: + | S40: 265000 | T40: =S40*(F40/1000) -> 2318750
A41: кнт | B41: БС-108150(3-3) | C41: БурСервис | D41: BURFLC - бум 25,0 кг | E41: 030825/1 | F41: 4375 | G41: 175 | H41: Пурпе | I41: отгружен | J41: 45890 | N41: TKRU3407503 | O41: 4375 | R41: + | S41: 41000 | T41: =S41*(F41/1000) -> 179375
A42: кнт | B42: БС-108150(3-3) | C42: БурСервис | D42: BURFLC - бум 25,0 кг | E42: 030825/2 | F42: 4375 | G42: 175 | H42: Пурпе | I42: отгружен | J42: 45890 | N42: TKRU3407503 | O42: 4375 | R42: + | S42: 41000 | T42: =S42*(F42/1000) -> 179375
A43: авто(Авто 45) | B43: Спец№22 | C43: МАДСЕРВИС | D43: ТЕРРАПАН - бум 25,0 кг | E43: 200825 | F43: 20000 | G43: 800 | H43: Нижневартовск | I43: отгружен | J43: 45891 | K43: DAF К 298 МО 45 | L43: 89080063420 | M43: Антонов Евгений | P43: 20000 | R43: + | S43: 250000 | T43: =S43*(F43/1000) -> 5000000
A44: Самовывоз | B44: Счет №263 | C44: НГС | D44: АПП-490, бочка п/э 200кг | E44: 200825 | F44: 1000 | G44: 5 | H44: Самовывоз | I44: отгружен | J44: 45891 | K44: ГАЗЕЛЬ К 699 СР 82 | L44: 89611889688 | M44: Мирошниченко Максим | Q44: 1000 | R44: + | S44: 330000 | T44: =S44*(F44/1000) -> 330000
A45: авто(Ариал) | B45: Спец№23 | C45: МАДСЕРВИС | D45: Стабилайт II - бум 25,0 кг | E45: 040625 | F45: 20000 | G45: 800 | H45: Самара | I45: отгружен | J45: 45894 | K45: СИТРАК Т 111 ЕС 35 | L45: 89211439016 | M45: Рогозин Сергей | O45: 20000 | R45: + | S45: 43500 | T45: =S45*(F45/1000) -> 870000
A46: авто(Клото) | B46: БС-111582(2-5) | C46: БурСервис | D46: BURFLC - бум 25,0 кг | E46: 130825/1 | F46: 875 | G46: 35 | H46: Пыть-Ях | I46: отгружен | J46: 45896 | K46: Mercedes О 515 ОУ 29 | L46: 89539399073/89115800204 | M46: Борисов Дмитрий | O46: 875 | R46: + | S46: 41000 | T46: =S46*(F46/1000) -> 35875
A47: авто(Клото) | B47: БС-111582(2-5) | C47: БурСервис | D47: BURFLC - бум 25,0 кг | E47: 130825/2 | F47: 4375 | G47: 175 | H47: Пыть-Ях | I47: отгружен | J47: 45896 | K47: Mercedes О 515 ОУ 29 | L47: 89539399073/89115800204 | M47: Борисов Дмитрий | O47: 4375 | R47: + | S47: 41000 | T47: =S47*(F47/1000) -> 179375
A48: авто(Клото) | B48: БС-111582(2-5) | C48: БурСервис | D48: BURFLC - бум 25,0 кг | E48: 130825/3 | F48: 4375 | G48: 175 | H48: Пыть-Ях | I48: отгружен | J48: 45896 | K48: Mercedes О 515 ОУ 29 | L48: 89539399073/89115800204 | M48: Борисов Дмитрий | O48: 4375 | R48: + | S48: 41000 | T48: =S48*(F48/1000) -> 179375
A49: авто(Клото) | B49: БС-111582(2-5) | C49: БурСервис | D49: BURFLC - бум 25,0 кг | E49: 130825/4 | F49: 4375 | G49: 175 | H49: Пыть-Ях | I49: отгружен | J49: 45896 | K49: Mercedes О 515 ОУ 29 | L49: 89539399073/89115800204 | M49: Борисов Дмитрий | O49: 4375 | R49: + | S49: 41000 | T49: =S49*(F49/1000) -> 179375
A50: авто(Клото) | B50: БС-111582(3-5) | C50: БурСервис | D50: BURFLC - бум 25,0 кг | E50: 140825/1 | F50: 4375 | G50: 175 | H50: Пыть-Ях | I50: отгружен | J50: 45896 | K50: Mercedes О 515 ОУ 29 | L50: 89539399073/89115800204 | M50: Борисов Дмитрий | O50: 4375 | R50: + | S50: 41000 | T50: =S50*(F50/1000) -> 179375
A51: авто(Клото) | B51: БС-111582(3-5) | C51: БурСервис | D51: BURFLC - бум 25,0 кг | E51: 140825/2 | F51: 2625 | G51: 105 | H51: Пыть-Ях | I51: отгружен | J51: 45896 | K51: Mercedes О 515 ОУ 29 | L51: 89539399073/89115800204 | M51: Борисов Дмитрий | O51: 2625 | R51: + | S51: 41000 | T51: =S51*(F51/1000) -> 107625
A52: кнт | B52: БС-110062(1-2) | C52: БурСервис | D52: BURFLC - бум 25,0 кг | E52: 040825/1 | F52: 4375 | G52: 175 | H52: Пыть-Ях | I52: отгружен | J52: 45897 | N52: TKRU3061278 | O52: 4375 | R52: + | S52: 41000 | T52: =S52*(F52/1000) -> 179375
A53: кнт | B53: БС-110062(1-2) | C53: БурСервис | D53: BURFLC - бум 25,0 кг | E53: 040825/2 | F53: 4375 | G53: 175 | H53: Пыть-Ях | I53: отгружен | J53: 45897 | N53: TKRU3061278 | O53: 4375 | R53: + | S53: 41000 | T53: =S53*(F53/1000) -> 179375
A54: кнт | B54: БС-110062(1-2) | C54: БурСервис | D54: BURFLC - бум 25,0 кг | E54: 040825/3 | F54: 4375 | G54: 175 | H54: Пыть-Ях | I54: отгружен | J54: 45897 | N54: TKRU3061278 | O54: 4375 | R54: + | S54: 41000 | T54: =S54*(F54/1000) -> 179375
A55: кнт | B55: БС-110062(1-2) | C55: БурСервис | D55: BURFLC - бум 25,0 кг | E55: 040825/4 | F55: 4375 | G55: 175 | H55: Пыть-Ях | I55: отгружен | J55: 45897 | N55: TKRU3061278 | O55: 4375 | R55: + | S55: 41000 | T55: =S55*(F55/1000) -> 179375
A56: кнт | B56: БС-110062(2-2) | C56: БурСервис | D56: BURFLC - бум 25,0 кг | E56: 050825/1 | F56: 4375 | G56: 175 | H56: Пыть-Ях | I56: отгружен | J56: 45897 | N56: TKRU3451928 | O56: 4375 | R56: + | S56: 41000 | T56: =S56*(F56/1000) -> 179375
A57: кнт | B57: БС-110062(2-2) | C57: БурСервис | D57: BURFLC - бум 25,0 кг | E57: 050825/2 | F57: 4375 | G57: 175 | H57: Пыть-Ях | I57: отгружен | J57: 45897 | N57: TKRU3451928 | O57: 4375 | R57: + | S57: 41000 | T57: =S57*(F57/1000) -> 179375
A58: кнт | B58: БС-110062(2-2) | C58: БурСервис | D58: BURFLC - бум 25,0 кг | E58: 050825/3 | F58: 4375 | G58: 175 | H58: Пыть-Ях | I58: отгружен | J58: 45897 | N58: TKRU3451928 | O58: 4375 | R58: + | S58: 41000 | T58: =S58*(F58/1000) -> 179375
A59: кнт | B59: БС-110062(2-2) | C59: БурСервис | D59: BURFLC - бум 25,0 кг | E59: 050825/4 | F59: 4375 | G59: 175 | H59: Пыть-Ях | I59: отгружен | J59: 45897 | N59: TKRU3451928 | O59: 4375 | R59: + | S59: 41000 | T59: =S59*(F59/1000) -> 179375
A60: Итого заказов на: | B60: =SUM($F$5:$F$59)/1000 -> 503.92 | C60: т | T60: =SUM(T5:T59) -> 57910875
A61: Итого отгружено: | B61: =$B$62+$B$63+$B$64 -> 503.92 | C61: т | F61: образцы заказаны
A62: из них ЧП: | B62: =SUM(O5:O59)/1000 -> 381.12 | C62: т | F62: завел в отчет по отгрузкам
A63: из них ИНАЯ: | B63: =SUM(P5:P59)/1000 -> 20 | C63: т | F63: отправил ПК
A64: из них на жидкий: | B64: =SUM(Q5:Q59)/1000 -> 102.8 | C64: т | F64: Надо заполнить
A65: Осталось отгрузить | B65: =$B$60-$B$61 -> 0 | C65: т | F65: Не выполнено

Sheet июль 2025
B1: ОТГРУЗКИ ПРОДУКЦИИ | C1: 45839
A2: заметки | B2: НОМЕР ЗАКАЗА | C2: КЛИЕНТ | D2: ПРОДУКТ | E2: ПАРТИЯ | F2: КОЛИЧЕСТВО | H2: ПУНКТ НАЗНАЧЕНИЯ | I2: СТАТУС | J2: ДАТА ОТГРУЗКИ | K2: АВТОДОСТАВКА | N2: ЖД ДОСТАВКА | O2: ИТОГО ОТГРУЖЕНО | R2: АКТЫ | S2: Цена со склада за 1 тонну
F3: КГ | G3: мешков/бочек | K3: № АВТО | L3: ТЕЛ. ВОДИТЕЛЯ | M3: ВОДИТЕЛЬ | N3: № КОНТЕЙНЕРА/ВАГОНА | O3: ЧП | P3: ИНАЯ | Q3: Жидкий | T3: Итого
A5: авто(авто 45) | B5: Спец№151 | C5: Акрос | D5: BLACKTROL ж - 215,5 кг п/эт | E5: 260625 | F5: 18964 | G5: 88 | H5: Ноябрьск | I5: отгружен | J5: 45847 | K5: А/М КАМАЗ Х268 НМ 45 | L5: 89822215272 | M5: Бывальцев Денис Михайлович | Q5: =F5 -> 18964 | R5: + | S5: 89000 | T5: =S5*(F5/1000) -> 1687796
A6: авто(Ариал Транс) | B6: Спец№50 | C6: Инко-Сервис | D6: ВЕЛЛТРИТ - 200 кг п/эт | E6: 20250625 | F6: 3200 | G6: 16 | H6: Волгоград | I6: отгружен | J6: 45848 | K6: SCANIA С742АН550 | L6: 79170959670 | M6: Чукалин Сергей Георгиевич | Q6: =F6 -> 3200 | R6: + | S6: 167500 | T6: =S6*(F6/1000) -> 536000
A7: авто(Ариал Транс) | B7: Спец№50 | C7: Инко-Сервис | D7: ЭКСТРАМУЛ-2000 - 200 кг п/эт | E7: 20250627 | F7: 14400 | G7: 72 | H7: Волгоград | I7: отгружен | J7: 45848 | K7: SCANIA С742АН550 | L7: 79170959670 | M7: Чукалин Сергей Георгиевич | Q7: =F7 -> 14400 | R7: + | S7: 128000 | T7: =S7*(F7/1000) -> 1843200
A8: авто(Бакин) | B8: Спец№81К | C8: Омас | D8: Сульф асф - п/проп обезл 25,0 кг | E8: 03/2025 | F8: 10000 | G8: 400 | H8: Нижневартовск | I8: отгружен | J8: 45849 | K8: Вольво О 618 СМ 29 | L8: 89115713730 | M8: Фокин Дмитрий Викторович | O8: =F8 -> 10000 | R8: + | S8: 43500 | T8: =S8*(F8/1000) -> 435000
A9: авто(Бакин) | B9: Спец№81К | C9: Омас | D9: ТЕРРАПАН - бум 25,0 кг | E9: 12/2024 | F9: 10000 | G9: 400 | H9: Нижневартовск | I9: отгружен | J9: 45849 | K9: Вольво О 618 СМ 29 | L9: 89115713730 | M9: Фокин Дмитрий Викторович | P9: =F9 -> 10000 | R9: + | S9: 250000 | T9: =S9*(F9/1000) -> 2500000
A10: деловые линии | B10: Счет №226 | C10: ОХОТСКАЯ ГГК | D10: ШЕЙЛ-ИКС п - бум 25,0 кг | E10: 100725 | F10: 500 | G10: 20 | H10: Хабаровск | I10: отгружен | J10: 45852 | K10: 55334659 | M10: Деловые линии | Q10: =F10 -> 500 | R10: + | S10: 110000 | T10: =S10*(F10/1000) -> 55000
A11: деловые линии | B11: Счет №226 | C11: ОХОТСКАЯ ГГК | D11: BLACKTROL ж - 200 кг мет | E11: 090725 | F11: 600 | G11: 3 | H11: Хабаровск | I11: отгружен | J11: 45852 | K11: 55334659 | M11: Деловые линии | Q11: =F11 -> 600 | R11: + | S11: 89000 | T11: =S11*(F11/1000) -> 53400
A12: Самовывоз | B12: Счет №235 | C12: Прогресс-2 | D12: BLACKTROL ж - 200 кг п/эт | E12: 150725 | F12: 800 | G12: 4 | H12: Отгружено | I12: отгружен | J12: 45860 | K12: Газ М 326 ХА 164 | L12: 89966264435 | M12: Айнахов Евгений | Q12: 800 | R12: + | S12: 111000 | T12: =S12*(F12/1000) -> 88800
A13: авто(Борисов) | B13: Спец№84К | C13: Омас | D13: СУПЕРСЛАЙДЕР ГОЛД - 200 кг п/эт | E13: 230425 | F13: 5600 | G13: 28 | H13: Нижневартовск | I13: отгружен | J13: 45863 | K13: Mercedes О 515 ОУ 29 | L13: 89539399073/89115800204 | M13: Борисов Дмитрий | Q13: 5600 | R13: + | S13: 105000 | T13: =S13*(F13/1000) -> 588000
A14: авто(Борисов) | B14: Спец№84К | C14: Омас | D14: ТЕРРАПАН - бум 25,0 кг | E14: 12/2024 | F14: 14000 | G14: 560 | H14: Нижневартовск | I14: отгружен | J14: 45863 | K14: Mercedes О 515 ОУ 29 | L14: 89539399073/89115800204 | M14: Борисов Дмитрий | P14: 14000 | R14: + | S14: 250000 | T14: =S14*(F14/1000) -> 3500000
A15: авто(Бакин) | B15: Спец№1-СТ | C15: ССК-Технологии | D15: Стабилайт II - п/проп обезл 25,0 кг | E15: 210725 | F15: 20000 | G15: 800 | H15: Демьянка | I15: отгружен | J15: 45866 | K15: Вольво Р 034 СВ 29 | L15: 89212974613 | M15: Киреев Сергей | O15: 20000 | R15: + | S15: 43000 | T15: =S15*(F15/1000) -> 860000
A16: авто(Ванюхин) | B16: Спец№18(2-2) | C16: КазПетроДриллинг | D16: Стабилайт II - бум 25,0 кг | E16: 130525 | F16: 20000 | G16: 800 | H16: Жанаозен | I16: отгружен | J16: 45866 | K16: Mersedes О 119 КУ 790 | L16: 89608340879/87476119403 | M16: Дегтярев Андрей | O16: 20000 | R16: + | S16: 45000 | T16: =S16*(F16/1000) -> 900000
A17: авто(Бакин) | B17: БС-102928(1-3) | C17: БурСервис | D17: BURFLC - бум 25,0 кг | E17: 040625 | F17: 20125 | G17: 805 | H17: Пыть-Ях | I17: отгружен | J17: 45869 | K17: Вольво О 618 СМ 29 | L17: 89115713730 | M17: Фокин Дмитрий | O17: 20125 | R17: + | S17: 41000 | T17: =S17*(F17/1000) -> 825125
A18: авто(Ариал) | B18: БС-101657(8-8) | C18: БурСервис | D18: BURFLC - бум 25,0 кг | E18: 310525 | F18: 20125 | G18: 805 | H18: Пыть-Ях | I18: отгружен | J18: 45869 | K18: ДАФ У 498 АК 31 | L18: 89038775411 | M18: Степаненко Василий | O18: 20125 | R18: + | S18: 41000 | T18: =S18*(F18/1000) -> 825125
T19: =SUM(T5:T18) -> 14697446
A20: Итого заказов на: | B20: =SUM($F$4:$F$19)/1000 -> 158.314 | C20: т
A21: Итого отгружено: | B21: =$B$22+$B$23+$B$24 -> 158.314 | C21: т | F21: образцы заказаны
A22: из них ЧП: | B22: =SUM(O5:O19)/1000 -> 90.25 | C22: т | F22: завел в отчет по отгрузкам
A23: из них ИНАЯ: | B23: =SUM(P5:P19)/1000 -> 24 | C23: т | F23: отправил ПК
A24: из них на жидкий: | B24: =SUM(Q5:Q19)/1000 -> 44.064 | C24: т | F24: Надо заполнить
A25: Осталось отгрузить | B25: =$B$20-$B$21 -> 0 | C25: т | F25: Не выполнено

Sheet июнь 2025
B1: ОТГРУЗКИ ПРОДУКЦИИ | C1: 45809
A2: заметки | B2: НОМЕР ЗАКАЗА | C2: КЛИЕНТ | D2: ПРОДУКТ | E2: ПАРТИЯ | F2: КОЛИЧЕСТВО | H2: ПУНКТ НАЗНАЧЕНИЯ | I2: СТАТУС | J2: ДАТА ОТГРУЗКИ | K2: АВТОДОСТАВКА | N2: ЖД ДОСТАВКА | O2: ИТОГО ОТГРУЖЕНО | R2: АКТЫ | S2: Цена со склада за 1 тонну
F3: КГ | G3: мешков/бочек | K3: № АВТО | L3: ТЕЛ. ВОДИТЕЛЯ | M3: ВОДИТЕЛЬ | N3: № КОНТЕЙНЕРА/ВАГОНА | O3: ЧП | P3: ИНАЯ | Q3: Жидкий | T3: Итого
A4: авто(Клото) | B4: Спец№79К | C4: Омас | D4: Сульф асф - п/проп обезл 25,0 кг | E4: 03/2025 | F4: 20000 | G4: 800 | H4: Бузулук | I4: отгружено | J4: 45810 | K4: Mercedes О 515 ОУ 29 | L4: 89539399073/89115800204 | M4: Борисов Дмитрий | O4: 20000 | R4: + | S4: 43500 | T4: =S4*(F4/1000) -> 870000
A5: авто (Авто 45) | B5: БС-100127 | C5: БурСервис | D5: BURFLC - бум 25,0 кг | E5: 070525 | F5: 17500 | G5: 700 | H5: Нягань | I5: отгружено | J5: 45810 | K5: КАМАЗ О 773 НМ 45 | L5: 89195697888 | M5: Шмаков Александр | N5: Переадресация на Пыть-Ях | O5: 17500 | R5: + | S5: 41000 | T5: =S5*(F5/1000) -> 717500
A6: авто (Авто 45) | B6: Спец№148 | C6: Акрос | D6: MEX-RBD (СС Солт) - бочка п/э 200 кг | E6: 250425 | F6: 3600 | G6: 18 | H6: Ноябрьск | I6: отгружено | J6: 45810 | K6: КАМАЗ О 773 НМ 45 | L6: 89195697888 | M6: Шмаков Александр | Q6: 3600 | R6: + | S6: 598000 | T6: =S6*(F6/1000) -> 2152800
A7: авто(Авто 45) | B7: Спец№25397 | C7: Петроинжиниринг | D7: АДВАНТА ж - 200 кг п/эт | E7: 270525 | F7: 17600 | G7: 88 | H7: Сургут | I7: отгружено | J7: 45810 | K7: DAF Р 575 МС 45 | L7: 89125770562 | M7: Осипов Дмитрий | Q7: 17600 | R7: + | S7: 242000 | T7: =S7*(F7/1000) -> 4259200
A8: авто(Авто 45) | B8: Спец№77К (2-2) | C8: Омас | D8: Сульф асф - п/проп обезл 25,0 кг | E8: 03/2025 | F8: 20000 | G8: 800 | H8: Нижневартовск | I8: отгружено | J8: 45811 | K8: DAF К 298 МО 44 | L8: 89080063420 | M8: Антонов Евгений | O8: 20000 | R8: + | S8: 43500 | T8: =S8*(F8/1000) -> 870000
A9: кнт(Клото) | B9: БС-101457 | C9: БурСервис | D9: BURFLC - бум 25,0 кг | E9: 220525 | F9: 17500 | G9: 700 | H9: Пурпе | I9: отгружено | J9: 45812 | K9: МАН О 531 НТ 29 | L9: 89095563417 | M9: Татарский Николай | N9: TKRU3309997 | O9: 17500 | R9: + | S9: 41000 | T9: =S9*(F9/1000) -> 717500
A10: кнт(Клото) | B10: БС-101457 | C10: БурСервис | D10: BURFLC - бум 25,0 кг | E10: 240525 | F10: 17500 | G10: 700 | H10: Пурпе | I10: отгружено | J10: 45812 | K10: МАН О 531 НТ 29 | L10: 89095563417 | M10: Татарский Николай | N10: TKRU3354487 | O10: 17500 | R10: + | S10: 41000 | T10: =S10*(F10/1000) -> 717500
B11: Спец 1 | C11: FWL | D11: ЭКСТРАМУЛ-2000 - 180 кг п/эт | E11: 200525 | F11: 14400 | G11: 80 | H11: Турция | I11: отгружено | J11: 45812 | K11: VOLVO FH-TRUCK Н878УС 126 | L11: 89054480721 | M11: Матвейко Андрей | Q11: 14400 | R11: + | S11: 125000 | T11: =S11*(F11/1000) -> 1800000
B12: Спец 1 | C12: FWL | D12: ЭКСТРАМУЛ-2000 - 180 кг п/эт | E12: 200525 | F12: 3600 | G12: 20 | H12: Турция | I12: отгружено | J12: 45812 | K12: МАН К642УК134 | L12: 89608886573 | M12: Хрулькевич Максим | Q12: 3600 | R12: + | S12: 125000 | T12: =S12*(F12/1000) -> 450000
B13: Спец 1 | C13: FWL | D13: ЭКСТРАМУЛ-2000 - 180 кг п/эт | E13: 210525 | F13: 7200 | G13: 40 | H13: Турция | I13: отгружено | J13: 45812 | K13: МАН К642УК134 | L13: 89608886573 | M13: Хрулькевич Максим | Q13: 7200 | R13: + | S13: 125000 | T13: =S13*(F13/1000) -> 900000
B14: Спец 1 | C14: FWL | D14: ВЕЛЛТРИТ - 180 кг п/эт | E14: 190525 | F14: 3600 | G14: 20 | H14: Турция | I14: отгружено | J14: 45812 | K14: МАН К642УК134 | L14: 89608886573 | M14: Хрулькевич Максим | Q14: 3600 | R14: + | S14: 141000 | T14: =S14*(F14/1000) -> 507600
B15: Спец 1 | C15: FWL | D15: ВЕЛЛТРИТ - 180 кг п/эт | E15: 190525 | F15: 14400 | G15: 80 | H15: Турция | I15: отгружено | J15: 45812 | K15: DAF М536НО 126 | L15: 89602134306 | M15: Чурсин Андрей | Q15: 14400 | R15: + | S15: 141000 | T15: =S15*(F15/1000) -> 2030400
B16: Спец 1 | C16: FWL | D16: ЭКСТРАМУЛ-2000 - 180 кг п/эт | E16: 210525 | F16: 10800 | G16: 60 | H16: Турция | I16: отгружено | J16: 45813 | K16: Камаз У650КН 152 | L16: 8915-955-72-92 8915-955-72-92 | M16: Молодцов Антон | Q16: 10800 | R16: + | S16: 125000 | T16: =S16*(F16/1000) -> 1350000
B17: Спец 1 | C17: FWL | D17: ЭКСТРАМУЛ-2000 - 180 кг п/эт | E17: 220525 | F17: 3600 | G17: 20 | H17: Турция | I17: отгружено | J17: 45813 | K17: Камаз У650КН 152 | L17: 8915-955-72-92 8915-955-72-92 | M17: Молодцов Антон | Q17: 3600 | R17: + | S17: 125000 | T17: =S17*(F17/1000) -> 450000
B18: Спец 1 | C18: FWL | D18: ЭКСТРАМУЛ-2000 - 180 кг п/эт | E18: 220525 | F18: 14400 | G18: 80 | H18: Турция | I18: отгружено | J18: 45814 | K18: Камаз У738ВС 152 | M18: Малышкин Виктор | Q18: 14400 | R18: + | S18: 125000 | T18: =S18*(F18/1000) -> 1800000
A19: авто(Ариал) | B19: Спец№80К | C19: Омас | D19: Сульф асф - п/проп обезл 25,0 кг | E19: 03/2025 | F19: 14000 | G19: 560 | H19: Пыть-Ях | I19: отгружено | J19: 45814 | K19: СИТРАК С 030 РС 36 | L19: 89805365880 | M19: Малюсь Алексей | O19: 14000 | R19: + | S19: 43500 | T19: =S19*(F19/1000) -> 609000
A20: авто(Ариал) | B20: Спец№80К | C20: Омас | D20: ВЕЛЛБОНД - 200 кг п/эт | E20: 280525 | F20: 400 | G20: 2 | H20: Пыть-Ях | I20: отгружено | J20: 45814 | K20: СИТРАК С 030 РС 36 | L20: 89805365880 | M20: Малюсь Алексей | Q20: 400 | R20: + | S20: 95000 | T20: =S20*(F20/1000) -> 38000
A21: авто(Ариал) | B21: Спец№80К | C21: Омас | D21: Жидкая обсадная колонна ULTRAFINE (100 мкм) - бум 10,0 кг | E21: 150525 | F21: 530 | G21: 53 | H21: Пыть-Ях | I21: отгружено | J21: 45814 | K21: СИТРАК С 030 РС 36 | L21: 89805365880 | M21: Малюсь Алексей | P21: 530 | R21: + | S21: 275000 | T21: =S21*(F21/1000) -> 145750
A22: авто(Ариал) | B22: Спец№80К | C22: Омас | D22: Жидкая обсадная колонна FINE (270 мкм) - бум 10,0 кг | E22: 160525 | F22: 2260 | G22: 226 | H22: Пыть-Ях | I22: отгружено | J22: 45814 | K22: СИТРАК С 030 РС 36 | L22: 89805365880 | M22: Малюсь Алексей | P22: 2260 | R22: + | S22: 275000 | T22: =S22*(F22/1000) -> 621500
A23: авто(Ариал) | B23: Спец№80К | C23: Омас | D23: Жидкая обсадная колонна MEDIUM (500 мкм) - бум 10,0 кг | E23: 190525 | F23: 850 | G23: 85 | H23: Пыть-Ях | I23: отгружено | J23: 45814 | K23: СИТРАК С 030 РС 36 | L23: 89805365880 | M23: Малюсь Алексей | P23: 850 | R23: + | S23: 275000 | T23: =S23*(F23/1000) -> 233750
A24: авто(Ариал) | B24: Спец№80К | C24: Омас | D24: Жидкая обсадная колонна COARSE (1100 мкм) - бум 10,0 кг | E24: 250525 | F24: 590 | G24: 59 | H24: Пыть-Ях | I24: отгружено | J24: 45814 | K24: СИТРАК С 030 РС 36 | L24: 89805365880 | M24: Малюсь Алексей | P24: 590 | R24: + | S24: 275000 | T24: =S24*(F24/1000) -> 162250
A25: авто(Ванюхин) | B25: Спец№19(4-4) | C25: КазПетроДриллинг | D25: Оптитрол Ж - 200 кг п/эт | E25: 100425 | F25: 17600 | G25: 88 | H25: Жанаозен | I25: отгружено | J25: 45818 | K25: DAF У 690 РК 790 | L25: 89273817812/87773777323 | M25: Портнов Дмитрий | Q25: 17600 | R25: + | S25: 81500 | T25: =S25*(F25/1000) -> 1434400
A26: авто(Бакин) | B26: БС-103186 | C26: БурСервис | D26: BURF MUL NTR (ЭКСТРАМУЛ СУПРИМ), бочка п/э 190 кг | E26: 280525 | F26: 16720 | G26: 88 | H26: Пыть-Ях | I26: отгружено | J26: 45818 | K26: Вольво О 618 СМ 29 | L26: 89115713730 | M26: Фокин Дмитрий | Q26: 16720 | R26: + | S26: 155000 | T26: =S26*(F26/1000) -> 2591600
A27: авто(Инкам) | B27: Спец№149 | C27: Акрос | D27: BLACKTROL ж - 215,5 кг п/эт | E27: 050625 | F27: 18964 | G27: 88 | H27: Ноябрьск | I27: отгружено | J27: 45818 | K27: DAF О 539 ОН 29 | L27: 89216700606 | M27: Хрущ Александр | Q27: 18964 | R27: + | S27: 89000 | T27: =S27*(F27/1000) -> 1687796
A28: авто(Ариал) | B28: Спец№21 | C28: МадСервис | D28: Стабилайт II - бум 25,0 кг | E28: 040625 | F28: 20000 | G28: 800 | H28: Самара | I28: отгружено | J28: 45819 | K28: КАМАЗ Т 776 ЕЕ 774 | L28: 89050064545 | M28: Хафизов Марат | O28: 20000 | R28: + | S28: 43500 | T28: =S28*(F28/1000) -> 870000
A29: авто(ИП Семенова) | B29: Спец№149 | C29: Акрос | D29: BLACKTROL ж - 215,5 кг п/эт | E29: 090625 | F29: 18964 | G29: 88 | H29: Ноябрьск | I29: отгружено | J29: 45819 | K29: DAF В 426 МХ 45 | L29: 89125754867 | M29: Анфалов Сергей | Q29: 18964 | R29: + | S29: 89000 | T29: =S29*(F29/1000) -> 1687796
A30: кнт(Клото) | B30: БС-100892 | C30: БурСервис | D30: BURFLC - бум 25,0 кг | E30: 150525 | F30: 17500 | G30: 700 | H30: Усть-Кут | I30: отгружено | J30: 45819 | K30: Камаз Е 999 СА 29 | L30: 89115583359 | M30: Вайгант Сергей | N30: TKRU3273615 | O30: 17500 | R30: + | S30: 41000 | T30: =S30*(F30/1000) -> 717500
A31: кнт(Клото) | B31: БС-105120 | C31: БурСервис | D31: BURFLC - бум 25,0 кг | E31: 030625 | F31: 17500 | G31: 700 | H31: Пурпе | I31: отгружено | J31: 45819 | K31: Маз М 326 ОХ 29 | L31: 89116806638 | M31: Орлов Павел | N31: TKRU3241897 | O31: 17500 | R31: + | S31: 41000 | T31: =S31*(F31/1000) -> 717500
A32: кнт(Клото) | B32: БС-105120 | C32: БурСервис | D32: BURFLC - бум 25,0 кг | E32: 060625 | F32: 17500 | G32: 700 | H32: Пурпе | I32: отгружено | J32: 45819 | K32: Камаз Е 999 СА 29 | L32: 89115583359 | M32: Вайгант Сергей | N32: TKRU3284477 | O32: 17500 | R32: + | S32: 41000 | T32: =S32*(F32/1000) -> 717500
A33: авто(Ариал) | B33: Спец№1,2 | C33: Комар эпокси | D33: МАКС-ФЛЕКС - 200 кг мет | E33: 170325 | F33: 16800 | G33: 84 | H33: Волжский | I33: отгружено | J33: 45825 | K33: СИТРАК Х 827 ЕВ 31 | L33: 89803845575 | M33: Макшанов Игорь | Q33: 16800 | R33: + | S33: 197000 | T33: =S33*(F33/1000) -> 3309600
A34: Самовывоз | B34: Спец№6 | C34: Алмазгеобур | D34: СУПЕРСЛАЙДЕР ГОЛД - 20 кг канистра | E34: 0066430525 | F34: 1500 | G34: 75 | H34: Самовывоз | I34: отгружено | J34: 45825 | K34: ГАЗ Т 049 ЕН 136 | L34: 89284445976 | M34: Бедросов Давид | Q34: 1500 | R34: + | S34: 106885 | T34: =S34*(F34/1000) -> 160327.5
A35: авто(Семенова) | B35: Спец №49(1-2) | C35: Инко-Сервис | D35: Сульф асф - бум 25,0 кг | E35: 20240913 | F35: 21000 | G35: 840 | H35: Демьянка | I35: отгружено | J35: 45826 | K35: DAF У 377 МХ 45 | L35: 89924293811 | M35: Беляков Игорь | O35: 21000 | R35: + | S35: 42500 | T35: =S35*(F35/1000) -> 892500
A36: авто(Бакин) | B36: Спец №49(2-2) | C36: Инко-Сервис | D36: Сульф асф - бум 25,0 кг | E36: 20240913 | F36: 21000 | G36: 840 | H36: Демьянка | I36: отгружено | J36: 45827 | K36: Вольво О 856 УЕ 29 | L36: 89216004800 | M36: Рядовкин Евгений | O36: 21000 | R36: + | S36: 42500 | T36: =S36*(F36/1000) -> 892500
A37: авто(Ариал) | B37: Спец№150 | C37: Акрос | D37: Drilling Lube (СС РУО) - 200 кг п/эт | E37: 170625 | F37: 17600 | G37: 88 | H37: Мурманск | I37: отгружено | J37: 45827 | K37: Форд М 266 МО 35 | L37: 89814356493 | M37: Фатиев Валерий | Q37: 17600 | R37: + | S37: 369000 | T37: =S37*(F37/1000) -> 6494400
A38: Самовывоз | B38: Счет №204 | C38: Прогресс-2 | D38: BLACKTROL ж - 200 кг п/эт | E38: 180625 | F38: 1600 | G38: 8 | H38: Самовывоз | I38: отгружено | J38: 45828 | K38: Газель А 571 ХЕ 43 | L38: 89536949021 | M38: Южанин Олег | Q38: 1600 | R38: + | S38: 111000 | T38: =S38*(F38/1000) -> 177600
A39: авто(Агро) | B39: Спец№32 | C39: МК Сервис | D39: Реагент В - 200 кг п/эт | E39: 110521 | F39: 10400 | G39: 52 | H39: Сорочинск | I39: отгружено | J39: 45832 | K39: КАМАЗ Н 807 ТВ 159 | L39: 89922202804 | M39: Пендюрин Сергей | Q39: 10400 | R39: + | S39: 81500 | T39: =S39*(F39/1000) -> 847600
A40: Самовывоз | B40: Спец№2 | C40: Мрские платформы | D40: Оптитрол Ж - 200 кг п/эт | E40: 160525 | F40: 1200 | G40: 6 | H40: Самовывоз | I40: отгружено | J40: 45833 | K40: ГАЗ О 424 ОУ 29 | M40: Селининов Дмитрий | Q40: 1200 | R40: + | S40: 83000 | T40: =S40*(F40/1000) -> 99600
A41: Самовывоз | B41: Спец№2 | C41: Мрские платформы | D41: BLACKTROL ж - 200 кг п/эт | E41: 230525 | F41: 1200 | G41: 6 | H41: Самовывоз | I41: отгружено | J41: 45833 | K41: ГАЗ О 424 ОУ 29 | M41: Селининов Дмитрий | Q41: 1200 | R41: + | S41: 95000 | T41: =S41*(F41/1000) -> 114000
A42: авто(Ариал) | B42: Спец№82К | C42: Омас | D42: ТЕРРАПАН - бум 25,0 кг | E42: 12/2024 | F42: 3000 | G42: 120 | H42: Пыть-Ях | I42: отгружено | J42: 45833 | K42: КАМАЗ С 382 ОС 89 | L42: 89995113877 | M42: Протопопов Александр | P42: 3000 | R42: + | S42: 250000 | T42: =S42*(F42/1000) -> 750000
A43: авто(Ариал) | B43: Спец№82К | C43: Омас | D43: Сульф асф - п/проп обезл 25,0 кг | E43: 03/2025 | F43: 17000 | G43: 680 | H43: Пыть-Ях | I43: отгружено | J43: 45833 | K43: КАМАЗ С 382 ОС 89 | L43: 89995113877 | M43: Протопопов Александр | O43: 17000 | R43: + | S43: 43500 | T43: =S43*(F43/1000) -> 739500
A44: авто(ГК Урал) | B44: Спец№50 | C44: Буринтех | D44: РЕОМОД ж - 190 кг п/эт | E44: 040625 | F44: 3040 | G44: 16 | H44: Пыть-Ях | I44: отгружено | J44: 45834 | K44: Шахман Р 311 ОМ 716 | L44: 89174847838 | M44: Заляев Ильшат/Сабитов | Q44: 3040 | R44: + | S44: 339000 | T44: =S44*(F44/1000) -> 1030560
A45: авто(ГК Урал) | B45: Спец№49(1-4) | C45: Буринтех | D45: СУЛЬФОБИТ - бум 25,0 кг | E45: 050625 | F45: 18000 | G45: 720 | H45: Пыть-Ях | I45: отгружено | J45: 45834 | K45: Шахман Р 311 ОМ 716 | L45: 89174847838 | M45: Заляев Ильшат/Сабитов | O45: 18000 | R45: + | S45: 41500 | T45: =S45*(F45/1000) -> 747000
A46: авто(Ариал) | B46: Спец№83К | C46: Омас | D46: СУПЕРСЛАЙДЕР ГОЛД - 200 кг п/эт | E46: 200125 | F46: 3200 | G46: 16 | H46: Бузулук | I46: отгружено | J46: 45834 | K46: FAW X 290 КВ 31 | L46: 89192826075 | M46: Дмитренко Роман | Q46: 3200 | R46: + | S46: 105000 | T46: =S46*(F46/1000) -> 336000
A47: авто(Ариал) | B47: Спец№83К | C47: Омас | D47: ЭКСТРАМУЛ ДИРЕКТ - 190 кг п/эт | E47: 160425 | F47: 3040 | G47: 16 | H47: Бузулук | I47: отгружено | J47: 45834 | K47: FAW X 290 КВ 31 | L47: 89192826075 | M47: Дмитренко Роман | Q47: 3040 | R47: + | S47: 235000 | T47: =S47*(F47/1000) -> 714400
A48: авто(Ариал) | B48: Спец№83К | C48: Омас | D48: КЛСП - бум 20,0 кг | E48: 150425 | F48: 4000 | G48: 200 | H48: Бузулук | I48: отгружено | J48: 45834 | K48: FAW X 290 КВ 31 | L48: 89192826075 | M48: Дмитренко Роман | P48: 4000 | R48: + | S48: 87000 | T48: =S48*(F48/1000) -> 348000
A49: авто(Ариал) | B49: Спец№83К | C49: Омас | D49: Оптитрол Ж - 200 кг п/эт | E49: 130425 | F49: 4000 | G49: 20 | H49: Бузулук | I49: отгружено | J49: 45834 | K49: FAW X 290 КВ 31 | L49: 89192826075 | M49: Дмитренко Роман | Q49: 4000 | R49: + | S49: 81500 | T49: =S49*(F49/1000) -> 326000
A50: авто(Ариал) | B50: Спец№83К | C50: Омас | D50: BLACKTROL ж - 200 кг п/эт | E50: 090425 | F50: 4000 | G50: 20 | H50: Бузулук | I50: отгружено | J50: 45834 | K50: FAW X 290 КВ 31 | L50: 89192826075 | M50: Дмитренко Роман | Q50: 4000 | R50: + | S50: 89000 | T50: =S50*(F50/1000) -> 356000
A51: авто(Агро) | B51: Спец№81К | C51: Омас | D51: Сульф асф - п/проп обезл 25,0 кг | E51: 03/2025 | F51: 15000 | G51: 600 | H51: Нижневартовск | I51: ГОТОВ | J51: 45838 | K51: Мерседес С 481 ХХ 174 | L51: 89823027534 | M51: Шурухин Павел | O51: 15000 | R51: + | S51: 43500 | T51: =S51*(F51/1000) -> 652500
A52: авто(Агро) | B52: Спец№81К | C52: Омас | D52: ТЕРРАПАН - бум 25,0 кг | E52: 12/2024 | F52: 5000 | G52: 200 | H52: Нижневартовск | I52: ГОТОВ | J52: 45838 | K52: Мерседес С 481 ХХ 174 | L52: 89823027534 | M52: Шурухин Павел | P52: 5000 | R52: + | S52: 250000 | T52: =S52*(F52/1000) -> 1250000
A53: Итого заказов на: | B53: =SUM($F$4:$F$52)/1000 -> 520.658 | C53: т | T53: =SUM(T4:T52) -> 52064930
A54: Итого отгружено: | B54: =$B$55+$B$56+$B$57 -> 520.658 | C54: т | F54: образцы заказаны
A55: из них ЧП: | B55: =SUM($O$4:$O$113)/1000 -> 271 | C55: т | F55: завел в отчет по отгрузкам
A56: из них ИНАЯ: | B56: =SUM($P$4:$P$113)/1000 -> 16.23 | C56: т | F56: отправил ПК
A57: из них на жидкий: | B57: =SUM($Q$5:$Q$113)/1000 -> 233.428 | C57: т | F57: Надо заполнить
A58: Осталось отгрузить | B58: =$B$53-$B$54 -> 0 | C58: т | F58: Не выполнено

Sheet май 2025
B1: ОТГРУЗКИ ПРОДУКЦИИ | C1: 45778
A2: заметки | B2: НОМЕР ЗАКАЗА | C2: КЛИЕНТ | D2: ПРОДУКТ | E2: ПАРТИЯ | F2: КОЛИЧЕСТВО | H2: ПУНКТ НАЗНАЧЕНИЯ | I2: СТАТУС | J2: ДАТА ОТГРУЗКИ | K2: АВТОДОСТАВКА | N2: ЖД ДОСТАВКА | O2: ИТОГО ОТГРУЖЕНО | R2: АКТЫ | S2: Цена со склада за 1 тонну
F3: КГ | G3: мешков/бочек | K3: № АВТО | L3: ТЕЛ. ВОДИТЕЛЯ | M3: ВОДИТЕЛЬ | N3: № КОНТЕЙНЕРА/ВАГОНА | O3: ЧП | P3: ИНАЯ | Q3: Жидкий | T3: Итого
A5: авто (Бакин) | B5: БС-098669(3-6) | C5: БурСервис | D5: BURFLC - бум 25,0 кг | E5: 030525 | F5: 20125 | G5: 805 | H5: Пыть-Ях | I5: отгружен | J5: 45782 | K5: Вольво О 618 СМ 29 | L5: 89115713730 | M5: Фокин Дмитрий | O5: =F5 -> 20125 | R5: + | S5: 41000 | T5: =S5*(F5/1000) -> 825125
A6: авто(Инкам) | B6: Спец№44(10-10) | C6: Буринтех | D6: СУЛЬФОБИТ - бум 25,0 кг | E6: 040525 | F6: 20000 | G6: 800 | H6: Пыть-Ях СТС | I6: отгружен | J6: 45782 | K6: DAF К 008 МА 29 | L6: 89116825992 | M6: Белоцерковский Алексей | O6: =F6 -> 20000 | R6: + | S6: 41500 | T6: =S6*(F6/1000) -> 830000
A7: авто(Ариал) | B7: Спец№47(1-10) | C7: Буринтех | D7: СУЛЬФОБИТ - бум 25,0 кг | E7: 220425 | F7: 20000 | G7: 800 | H7: Пыть-Ях СТС | I7: отгружен | J7: 45783 | K7: FAW О 884 РС 29 | L7: 89021984502 | M7: Бутвин Николай | O7: =F7 -> 20000 | R7: + | S7: 41500 | T7: =S7*(F7/1000) -> 830000
A8: авто (Ариал) | B8: БС-098669(4-6) | C8: БурСервис | D8: BURFLC - бум 25,0 кг | E8: 080525 | F8: 20125 | G8: 805 | H8: Пыть-Ях | I8: отгружен | J8: 45783 | K8: SITRAK С 139 ХР 716 | L8: 89173996659 | M8: Каримов Рим | O8: =F8 -> 20125 | R8: + | S8: 41000 | T8: =S8*(F8/1000) -> 825125
A9: авто(Ариал) | B9: Спец№47(2-10) | C9: Буринтех | D9: СУЛЬФОБИТ - бум 25,0 кг | E9: 010525 | F9: 20000 | G9: 800 | H9: Пыть-Ях СТС | I9: отгружен | J9: 45784 | K9: SITRAK Р 416 МС 193 | L9: 89615923892 | M9: Василенко Алексей | O9: =F9 -> 20000 | R9: + | S9: 41500 | T9: =S9*(F9/1000) -> 830000
A10: авто (Бакин) | B10: Спец№76К (3-4) | C10: Омас | D10: Сульф асф - п/проп обезл 25,0 кг | E10: 03/2025 | F10: 20000 | G10: 800 | H10: Пыть-Ях | I10: отгружен | J10: 45784 | K10: Вольво О 856 УЕ 29 | L10: 89216004800 | M10: Рядовкин Евгений | O10: =F10 -> 20000 | R10: + | S10: 43500 | T10: =S10*(F10/1000) -> 870000
A11: авто (АГРО) | B11: Спец№47(3-10) | C11: Буринтех | D11: СУЛЬФОБИТ - бум 25,0 кг | E11: 070525 | F11: 20000 | G11: 800 | H11: Пыть-Ях СТС | I11: отгружен | J11: 45789 | K11: SITRAK У312ВМ774 | L11: 89049773510 | M11: Голомаздин Алексей | O11: 20000 | S11: 41500 | T11: =S11*(F11/1000) -> 830000
A12: авто (Ариал) | B12: Спец№76К (4-4) | C12: Омас | D12: Сульф асф - п/проп обезл 25,0 кг | E12: 03/2025 | F12: 20000 | G12: 800 | H12: Пыть-Ях | I12: отгружен | J12: 45789 | K12: Камаз С 382 ОС 89 | L12: 89995113877 | M12: Протопопов Александр | O12: 20000 | R12: + | S12: 43500 | T12: =S12*(F12/1000) -> 870000
A13: авто (ИП Семенова) | B13: БС-098669(6-6) | C13: БурСервис | D13: BURFLC - бум 25,0 кг | E13: 100525 | F13: 20125 | G13: 805 | H13: Пыть-Ях | I13: отгружен | J13: 45789 | K13: DAF В 426 МХ 45 | L13: 89125754867 | M13: Анфалов Сергей | O13: 20125 | R13: + | S13: 41000 | T13: =S13*(F13/1000) -> 825125
A14: авто (Авто45) | B14: Спец№47(4-10) | C14: Буринтех | D14: СУЛЬФОБИТ - бум 25,0 кг | E14: 100525 | F14: 20000 | G14: 800 | H14: Пыть-Ях СТС | I14: отгружен | J14: 45789 | K14: DAF К 298 МО 45 | L14: 89080063420 | M14: Антонов Евгений | O14: 20000 | R14: + | S14: 41500 | T14: =S14*(F14/1000) -> 830000
A15: авто (Агро) | B15: Спец№47(5-10) | C15: Буринтех | D15: СУЛЬФОБИТ - бум 25,0 кг | E15: 130525 | F15: 20000 | G15: 800 | H15: Пыть-Ях СТС | I15: отгружен | J15: 45790 | K15: КАМАЗ Х 293 РХ 790 | L15: 89376575368 | M15: Александров Дмитрий | O15: 20000 | R15: + | S15: 41500 | T15: =S15*(F15/1000) -> 830000
A16: авто (Агро) | B16: Спец№47(6-10) | C16: Буринтех | D16: СУЛЬФОБИТ - бум 25,0 кг | E16: 160525 | F16: 20000 | G16: 800 | H16: Пыть-Ях СТС | I16: отгружен | J16: 45790 | K16: VOLVO С497ОС 193 | L16: 89182638560 | M16: Шаханин Александр | O16: 20000 | R16: + | S16: 41500 | T16: =S16*(F16/1000) -> 830000
A17: авто (Инкам) | B17: БС-098669(5-6) | C17: БурСервис | D17: BURFLC - бум 25,0 кг | E17: 090525 | F17: 20125 | G17: 805 | H17: Пыть-Ях | I17: отгружен | J17: 45790 | K17: DAF О 539 ОН 29 | L17: 89216700606 | M17: Хрущ Алексадр | O17: 20125 | R17: + | S17: 41000 | T17: =S17*(F17/1000) -> 825125
A18: авто(Ванюхин) | B18: Спец№18(1-2) | C18: КазПетроДриллинг | D18: Стабилайт II - бум 25,0 кг | E18: 130525 | F18: 20000 | G18: 800 | H18: Жанаозен | I18: отгружен | J18: 45793 | K18: DAF Р 783 ОР 790 | L18: 89963427701/87772313238 | M18: Шестопалов Александр | O18: 20000 | R18: + | S18: 45000 | T18: =S18*(F18/1000) -> 900000
A19: авто(Ариал) | B19: Спец№78К | C19: Омас | D19: ТЕРРАПАН - бум 25,0 кг | E19: 12/2024 | F19: 12000 | G19: 480 | H19: Пыть-Ях | I19: отгружен | J19: 45793 | K19: Ивеко Р 566 ТВ 159 | L19: 89824607289 | M19: Осипов Олег | P19: 12000 | R19: + | S19: 250000 | T19: =S19*(F19/1000) -> 3000000
A20: авто(Ариал) | B20: Спец№78К | C20: Омас | D20: Сульф асф - п/проп обезл 25,0 кг | E20: 03/2025 | F20: 8000 | G20: 320 | H20: Пыть-Ях | I20: отгружен | J20: 45793 | K20: Ивеко Р 566 ТВ 159 | L20: 89824607289 | M20: Осипов Олег | O20: 8000 | R20: + | S20: 43500 | T20: =S20*(F20/1000) -> 348000
A21: авто(Клото) | B21: Спец№33 | C21: Энергоресурс | D21: BLACKTROL ж - 200 кг п/эт | E21: 220425 | F21: 6400 | G21: 32 | H21: Пермь | I21: отгружен | J21: 45796 | K21: FOTON О 571 ХН 29 | L21: 89116753297 | M21: Детков Ян | Q21: 6400 | R21: + | S21: 89900 | T21: =S21*(F21/1000) -> 575360
A22: авто(Авто45) | B22: Спец№78К | C22: Омас | D22: СУПЕРСЛАЙДЕР ГОЛД - 200 кг п/эт | E22: 200125 | F22: 17600 | G22: 88 | H22: Пыть-Ях | I22: отгружен | J22: 45796 | K22: DAF Р 575 МС 45 | L22: 89125770562 | M22: Осипов Дмитрий | Q22: 17600 | R22: + | S22: 105000 | T22: =S22*(F22/1000) -> 1848000
A23: авто (Ариал) | B23: Спец№47(7-10) | C23: Буринтех | D23: СУЛЬФОБИТ - бум 25,0 кг | E23: 190525 | F23: 20000 | G23: 800 | H23: Пыть-Ях СТС | I23: отгружен | J23: 45796 | K23: МАН М 517 ОА 29 | L23: 89009155546 | M23: Стефанков Дмитрий | O23: 20000 | R23: + | S23: 41500 | T23: =S23*(F23/1000) -> 830000
A24: авто(Ванюхин) | B24: Спец№19(1-4) | C24: КазПетроДриллинг | D24: Оптитрол Ж - 200 кг п/эт | E24: 200125 | F24: 17600 | G24: 88 | H24: Жанаозен | I24: отгружен | J24: 45796 | K24: Mersedes О 119 КУ 790 | L24: 89608340879/87476119403 | M24: Дегтярев Андрей | Q24: 17600 | R24: + | S24: 81500 | T24: =S24*(F24/1000) -> 1434400
A25: авто(Ариал) | B25: БС-101657(1-8) | C25: БурСервис | D25: BURFLC - бум 25,0 кг | E25: 140525 | F25: 20125 | G25: 805 | H25: Пыть-Ях | I25: отгружен | J25: 45796 | K25: Ивеко Р 486 ВТ 159 | L25: 89125895413 | M25: Хакимов Николай | O25: 20125 | R25: + | S25: 41000 | T25: =S25*(F25/1000) -> 825125
A26: авто (Бакин) | B26: Спец№47(8-10) | C26: Буринтех | D26: СУЛЬФОБИТ - бум 25,0 кг | E26: 210525 | F26: 20000 | G26: 800 | H26: Пыть-Ях СТС | I26: отгружен | J26: 45798 | K26: Вольво О 618 СМ 29 | L26: 89115713730 | M26: Фокин Дмитрий | O26: 20000 | R26: + | S26: 41500 | T26: =S26*(F26/1000) -> 830000
A27: авто(ГК Урал) | B27: БС-101657(2-8) | C27: БурСервис | D27: BURFLC - бум 25,0 кг | E27: 190525 | F27: 20125 | G27: 805 | H27: Пыть-Ях | I27: отгружен | J27: 45799 | K27: FAW JH6 Р 541 УС 159 | L27: 89129859057 | M27: Дроздов Александр | O27: 20125 | R27: + | S27: 41000 | T27: =S27*(F27/1000) -> 825125
A28: авто (Агро) | B28: Спец№78К (1-3) | C28: Омас | D28: Сульф асф - п/проп обезл 25,0 кг | E28: 03/2025 | F28: 20000 | G28: 800 | H28: Пыть-Ях | I28: отгружен | J28: 45799 | K28: SANY Е 140 ТР 08 | L28: 89129456970 | M28: Лукьянов Константин | O28: 20000 | R28: + | S28: 43500 | T28: =S28*(F28/1000) -> 870000
A29: авто(Ванюхин) | B29: Спец№19(2-4) | C29: КазПетроДриллинг | D29: Оптитрол Ж - 200 кг п/эт | E29: 250225 | F29: 17600 | G29: 88 | H29: Жанаозен | I29: отгружен | J29: 45800 | K29: DAF Е 375 АМ 197 | L29: 89270908660/87779998937 | M29: Каражан Арман | Q29: 17600 | R29: + | S29: 81500 | T29: =S29*(F29/1000) -> 1434400
A30: авто (Бакин) | B30: Спец№47(9-10) | C30: Буринтех | D30: СУЛЬФОБИТ - бум 25,0 кг | E30: 240525 | F30: 20000 | G30: 800 | H30: Пыть-Ях СТС | I30: отгружен | J30: 45800 | K30: Вольво Р 034 СВ 29 | L30: 89212974613 | M30: Киреев Сергей | O30: 20000 | R30: + | S30: 41500 | T30: =S30*(F30/1000) -> 830000
A31: авто(Клото) | B31: Спец№79К | C31: Омас | D31: СУПЕРСЛАЙДЕР ГОЛД - 200 кг п/эт | E31: 200125 | F31: 17600 | G31: 88 | H31: Бузулук | I31: отгружен | J31: 45800 | K31: Mercedes О 515 ОУ 29 | L31: 89539399073/89115800204 | M31: Борисов Дмитрий | Q31: 17600 | R31: + | S31: 105000 | T31: =S31*(F31/1000) -> 1848000
A32: авто(Ариал) | B32: БС-101657(3-8) | C32: БурСервис | D32: BURFLC - бум 25,0 кг | E32: 210525 | F32: 20125 | G32: 805 | H32: Пыть-Ях | I32: отгружен | J32: 45800 | K32: СКАНИЯ А 246 РТ 716 | L32: 89883062182 | M32: Абдурахманов Магомед | O32: 20125 | R32: + | S32: 41000 | T32: =S32*(F32/1000) -> 825125
A33: авто(ГК Урал) | B33: Спец№77К | C33: Омас | D33: ТЕРРАПАН - бум 25,0 кг | E33: 12/2024 | F33: 10000 | G33: 400 | H33: Нижневартовск | I33: отгружен | J33: 45803 | K33: ВОЛЬВО М 441 ВК 96 | L33: 89995402889 | M33: Краснощеков Сергей | P33: 10000 | R33: + | S33: 250000 | T33: =S33*(F33/1000) -> 2500000
A34: авто(ГК Урал) | B34: Спец№77К | C34: Омас | D34: СУПЕРСЛАЙДЕР ГОЛД - 200 кг п/эт | E34: 200125 | F34: 9600 | G34: 48 | H34: Нижневартовск | I34: отгружен | J34: 45803 | K34: ВОЛЬВО М 441 ВК 96 | L34: 89995402889 | M34: Краснощеков Сергей | Q34: 9600 | R34: + | S34: 105000 | T34: =S34*(F34/1000) -> 1008000
A35: авто(ГК Урал) | B35: Спец№77К (1-2) | C35: Омас | D35: Сульф асф - п/проп обезл 25,0 кг | E35: 03/2025 | F35: 20000 | G35: 800 | H35: Нижневартовск | I35: отгружен | J35: 45803 | K35: ВОЛЬВО У 251 МУ 72 | L35: 89199519633 | M35: Григорьев Евгений | O35: 20000 | R35: + | S35: 43500 | T35: =S35*(F35/1000) -> 870000
A36: авто(ГК Урал) | B36: Спец№147 | C36: Акрос | D36: Drilling Lube (СС РУО) - 200 кг п/эт | E36: 130525 | F36: 17600 | G36: 88 | H36: Мурманск | I36: отгружен | J36: 45803 | K36: Scania Н 244 УР 29 | L36: 89217202287 | M36: Голуб Игорь | Q36: 17600 | R36: + | S36: 369000 | T36: =S36*(F36/1000) -> 6494400
A37: авто(ГК Урал) | B37: БС-101657(4-8) | C37: БурСервис | D37: BURFLC - бум 25,0 кг | E37: 230525 | F37: 20125 | G37: 805 | H37: Пыть-Ях | I37: отгружен | J37: 45804 | K37: ДАФ Р 375 УЕ 196 | L37: 89221082355 | M37: Рябков Вадим | O37: 20125 | R37: + | S37: 41000 | T37: =S37*(F37/1000) -> 825125
A38: авто(ГК Урал) | B38: Спец№48 | C38: Буринтех | D38: ВАЛЬКИРИЯ (BLACKTROL ж) - 200 кг п/эт | E38: 210525 | F38: 8800 | G38: 44 | H38: Пыть-Ях СТС | I38: отгружен | J38: 45803 | K38: МАЗ С 039 ЕУ 96 | L38: 89222151396 | M38: Шимолин Николай | Q38: 8800 | R38: + | S38: 85000 | T38: =S38*(F38/1000) -> 748000
A39: авто(ГК Урал) | B39: Спец№48 | C39: Буринтех | D39: ВАЛЬКИРИЯ (BLACKTROL ж) - 200 кг п/эт | E39: 220525 | F39: 8800 | G39: 44 | H39: Пыть-Ях СТС | I39: отгружен | J39: 45803 | K39: МАЗ С 039 ЕУ 96 | L39: 89222151396 | M39: Шимолин Николай | Q39: 8800 | R39: + | S39: 85000 | T39: =S39*(F39/1000) -> 748000
A40: кнт(Клото) | B40: БС-087078 | C40: БурСервис | D40: RADIAGREEN RA - 950 кг еврокуб | E40: ОЕ41023023 | F40: 9500 | G40: 10 | H40: Корсаков | I40: отгружен | J40: 45804 | N40: YMLU3240082 | Q40: 9500 | R40: + | S40: 713900 | T40: =S40*(F40/1000) -> 6782050
A41: кнт(Клото) | B41: БС-087078 | C41: БурСервис | D41: RADIAGREEN RA - 950 кг еврокуб | E41: ОЕ41023023 | F41: 9500 | G41: 10 | H41: Корсаков | I41: отгружен | J41: 45804 | N41: OOLU1430148 | Q41: 9500 | R41: + | S41: 713900 | T41: =S41*(F41/1000) -> 6782050
A42: авто(ГК Урал) | B42: БС-100380 | C42: БурСервис | D42: BURFLC - бум 25,0 кг | E42: 050525 | F42: 20125 | G42: 805 | H42: Пурпе | I42: отгружен | J42: 45804 | K42: МАЗ С 334 ЕУ 96 | L42: 89676377429 | M42: Шимолин Олег | O42: 20125 | R42: + | S42: 41000 | T42: =S42*(F42/1000) -> 825125
A43: кнт | B43: Спец№6 | C43: ИНК-Сервис | D43: СУПЕРСЛАЙДЕР ГОЛД - 200 кг п/эт | E43: 230425 | F43: 16000 | G43: 80 | H43: Усть-Кут | I43: отгружен | J43: 45805 | K43: Камаз Е 999 СА 29 | L43: 89115583359 | M43: Вайгант Сергей | N43: TKRU3158951 | Q43: 16000 | R43: + | S43: 105000 | T43: =S43*(F43/1000) -> 1680000
A44: авто(Ванюхин) | B44: Спец№19(3-4) | C44: КазПетроДриллинг | D44: Оптитрол Ж - 200 кг п/эт | E44: 050325 | F44: 17600 | G44: 88 | H44: Жанаозен | I44: отгружен | J44: 45805 | K44: Volvo Т 681 МР 67 | L44: 89608185086/87777918885 | M44: Ащегулов Семён | Q44: 17600 | R44: + | S44: 81500 | T44: =S44*(F44/1000) -> 1434400
A45: авто(Ариал) | B45: Спец№47(10-10) | C45: Буринтех | D45: СУЛЬФОБИТ - бум 25,0 кг | E45: 270525 | F45: 20000 | G45: 800 | H45: Пыть-Ях СТС | I45: отгружен | J45: 45805 | K45: DONGFENG Х 539 ОЕ 37 | L45: 89109924368 | M45: Жигулёв Николай | O45: 20000 | R45: + | S45: 41500 | T45: =S45*(F45/1000) -> 830000
A46: авто(Агро) | B46: Спец№78К (2-3) | C46: Омас | D46: Сульф асф - п/проп обезл 25,0 кг | E46: 03/2025 | F46: 20000 | G46: 800 | H46: Пыть-Ях | I46: отгружен | J46: 45806 | K46: Мерседес К 682 ХК 198 | L46: 89643781970 | M46: Ружицкий Сергей | O46: 20000 | R46: + | S46: 43500 | T46: =S46*(F46/1000) -> 870000
A47: авто(Легион) | B47: БС-101657(5-8) | C47: БурСервис | D47: BURFLC - бум 25,0 кг | E47: 250525 | F47: 20125 | G47: 805 | H47: Пыть-Ях | I47: отгружен | J47: 45806 | K47: СКАНИЯ М 503 СМ 159 | L47: 89197101726 | M47: Ракшин Андрей | O47: 20125 | R47: + | S47: 41000 | T47: =S47*(F47/1000) -> 825125
A48: Итого заказов на: | B48: =SUM($F$5:$F$108)/1000 -> 745.45 | C48: т | T48: =SUM(T5:T47) -> 61296310
A49: Итого отгружено: | B49: =$B$50+$B$51+$B$52 -> 745.45 | C49: т | F49: образцы заказаны
A50: из них ЧП: | B50: =SUM($O$5:$O$108)/1000 -> 549.25 | C50: т | F50: завел в отчет по отгрузкам
A51: из них ИНАЯ: | B51: =SUM($P$5:$P$108)/1000 -> 22 | C51: т | F51: отправил ПК
A52: из них на жидкий: | B52: =SUM($Q$5:$Q$108)/1000 -> 174.2 | C52: т | F52: Надо заполнить
A53: Осталось отгрузить | B53: =$B$48-$B$49 -> 0 | C53: т | F53: Не выполнено

Sheet апрель 2025
B1: ОТГРУЗКИ ПРОДУКЦИИ | C1: 45748
A2: заметки | B2: НОМЕР ЗАКАЗА | C2: КЛИЕНТ | D2: ПРОДУКТ | E2: ПАРТИЯ | F2: КОЛИЧЕСТВО | H2: ПУНКТ НАЗНАЧЕНИЯ | I2: СТАТУС | J2: ДАТА ОТГРУЗКИ | K2: АВТОДОСТАВКА | N2: ЖД ДОСТАВКА | O2: ИТОГО ОТГРУЖЕНО | R2: АКТЫ | S2: Цена со склада за 1 тонну
F3: КГ | G3: мешков/бочек | K3: № АВТО | L3: ТЕЛ. ВОДИТЕЛЯ | M3: ВОДИТЕЛЬ | N3: № КОНТЕЙНЕРА/ВАГОНА | O3: ЧП | P3: ИНАЯ | Q3: Жидкий | T3: Итого
A4: кнт(самовывоз) | B4: БС-093277 | C4: БурСервис | D4: BUR TRIM II PLUS (СС Голд) - 185 кг п/эт | E4: 250225 | F4: 7400 | G4: 40 | H4: Усть-Кут | I4: Отгружено | J4: 45748 | K4: Камаз Е 999 СА 29 | L4: 89115583359 | M4: Вайгант Сергей | N4: TKRU3126050 | Q4: 7400 | R4: + | S4: 125000 | T4: =S4*(F4/1000) -> 925000
A5: кнт(самовывоз) | B5: БС-093277 | C5: БурСервис | D5: BUR TRIM II PLUS (СС Голд) - 185 кг п/эт | E5: 270225 | F5: 7400 | G5: 40 | H5: Усть-Кут | I5: Отгружено | J5: 45748 | K5: Камаз Е 999 СА 29 | L5: 89115583359 | M5: Вайгант Сергей | N5: TKRU3126050 | Q5: 7400 | R5: + | S5: 125000 | T5: =S5*(F5/1000) -> 925000
A6: авто(Ариал) | B6: Спец№43(1-4) | C6: Буринтех | D6: СУЛЬФОБИТ - бум 25,0 кг | E6: 090325 | F6: 20000 | G6: 800 | H6: Пыть-Ях | I6: Отгружено | J6: 45749 | K6: КАМАЗ С 382 ОС 89 | L6: 89995113877 | M6: Протопопов Александр | O6: 20000 | R6: + | S6: 41500 | T6: =S6*(F6/1000) -> 830000
A7: авто (ГК Урал) | B7: БС-097000(2-2) | C7: БурСервис | D7: BURFLC - бум 25,0 кг | E7: 020425 | F7: 20125 | G7: 805 | H7: Пыть-Ях | I7: Отгружено | J7: 45749 | K7: Renault Р 777 НМ 196 | L7: 89193878020 | M7: Белозеров Леонид | O7: 20125 | R7: + | S7: 41000 | T7: =S7*(F7/1000) -> 825125
A8: авто(Агро) | B8: Спец№45 | C8: Буринтех | D8: СУЛЬФОБИТ - бум 25,0 кг | E8: 120325 | F8: 21000 | G8: 840 | H8: Пурпе | I8: Отгружено | J8: 45750 | K8: Mercedes А424УТ 763 | L8: 89649685516 | M8: Городецкий Дмитрий | O8: 21000 | R8: + | S8: 41500 | T8: =S8*(F8/1000) -> 871500
A9: авто(Ариал) | B9: Спец№73К | C9: Омас | D9: СУПЕРСЛАЙДЕР ГОЛД - 200 кг п/эт | E9: 200125 | F9: 17600 | G9: 88 | H9: Пыть-Ях | I9: Отгружено | J9: 45751 | K9: МАН М 517 ОА 29 | L9: 89009189331 | M9: Загвоздин Алексей | Q9: 17600 | R9: + | S9: 105000 | T9: =S9*(F9/1000) -> 1848000
A10: авто(Агро) | B10: Спец№45 | C10: Инко-Сервис | D10: Сульф асф - п/проп обезл 25,0 кг | E10: 20250327 | F10: 8000 | G10: 320 | H10: Волгоград | I10: Отгружено | J10: 45751 | K10: Мерседес Т742ЕО 790 | L10: 89045375452 | M10: Круговых Роман | O10: 8000 | R10: + | S10: 42500 | T10: =S10*(F10/1000) -> 340000
A11: авто | B11: Спец№45 | C11: Инко-Сервис | D11: Стабилайт II - бум 25,0 кг | E11: 030425 | F11: 10000 | G11: 400 | H11: Волгоград | I11: Отгружено | J11: 45751 | K11: Мерседес Т742ЕО 790 | L11: 89045375452 | M11: Круговых Роман | O11: 10000 | R11: + | S11: 42500 | T11: =S11*(F11/1000) -> 425000
A12: авто | B12: Спец№45 | C12: Инко-Сервис | D12: ВЕЛЛТРИТ - 200 кг п/эт | E12: 20250320 | F12: 2400 | G12: 12 | H12: Волгоград | I12: Отгружено | J12: 45751 | K12: Мерседес Т742ЕО 790 | L12: 89045375452 | M12: Круговых Роман | Q12: 2400 | R12: + | S12: 167500 | T12: =S12*(F12/1000) -> 402000
A13: авто(ТК авто 45) | B13: Спец№71К(5-5) | C13: Омас | D13: Сульф асф - п/проп обезл 25,0 кг | E13: 03/2025 | F13: 20000 | G13: 800 | H13: Пыть-Ях | I13: Отгружено | J13: 45755 | K13: DAF Р 575 МС 45 | L13: 89080026590 | M13: Голосков Алексей | O13: 20000 | R13: + | S13: 43500 | T13: =S13*(F13/1000) -> 870000
A14: авто(Бакин) | B14: Спец№43(2-4) | C14: Буринтех | D14: СУЛЬФОБИТ - бум 25,0 кг | E14: 160325 | F14: 20000 | G14: 800 | H14: Пыть-Ях | I14: Отгружено | J14: 45755 | K14: Вольво Р 034 СВ 29 | L14: 89212974613 | M14: Киреев Сергей | O14: 20000 | R14: + | S14: 41500 | T14: =S14*(F14/1000) -> 830000
A15: (самовывоз) | B15: БС-097486 | C15: БурСервис | D15: DRIL-N-SLIDE (СС Платинум) - 175 кг п/эт | E15: 140325 | F15: 9100 | G15: 52 | H15: Пурпе | I15: Отгружено | J15: 45756 | K15: МАН О 531 НТ29 | L15: 89095563417 | M15: Татарский Николай | N15: TKRU3390015 | Q15: 9100 | R15: + | S15: 255000 | T15: =S15*(F15/1000) -> 2320500
A16: (самовывоз) | B16: БС-097486 | C16: БурСервис | D16: DRIL-N-SLIDE (СС Платинум) - 175 кг п/эт | E16: 020425 | F16: 4900 | G16: 28 | H16: Пурпе | I16: Отгружено | J16: 45756 | K16: МАН О 531 НТ29 | L16: 89095563417 | M16: Татарский Николай | N16: TKRU3390015 | Q16: 4900 | R16: + | S16: 255000 | T16: =S16*(F16/1000) -> 1249500
A17: (самовывоз) | B17: БС-097486 | C17: БурСервис | D17: DRIL-N-SLIDE (СС Платинум) - 175 кг п/эт | E17: 150325 | F17: 9100 | G17: 52 | H17: Пурпе | I17: Отгружено | J17: 45756 | K17: МАН О 531 НТ29 | L17: 89095563417 | M17: Татарский Николай | N17: RZDU3042523 | Q17: 9100 | R17: + | S17: 255000 | T17: =S17*(F17/1000) -> 2320500
A18: (самовывоз) | B18: БС-097486 | C18: БурСервис | D18: DRIL-N-SLIDE (СС Платинум) - 175 кг п/эт | E18: 020425 | F18: 4900 | G18: 28 | H18: Пурпе | I18: Отгружено | J18: 45756 | K18: МАН О 531 НТ29 | L18: 89095563417 | M18: Татарский Николай | N18: RZDU3042523 | Q18: 4900 | R18: + | S18: 255000 | T18: =S18*(F18/1000) -> 1249500
A19: авто(ТК авто 45) | B19: Спец№43(3-4) | C19: Буринтех | D19: СУЛЬФОБИТ - бум 25,0 кг | E19: 180325 | F19: 20000 | G19: 800 | H19: Пыть-Ях СТС | I19: Отгружено | J19: 45756 | K19: DAF К 298 МО 45 | L19: 89080063420 | M19: Антонов Евгений | O19: 20000 | R19: + | S19: 41500 | T19: =S19*(F19/1000) -> 830000
A20: авто(Агро) | B20: Спец к Договору126010У | C20: Сургутнефтегаз | D20: Оптитрол Ж - 200 кг п/эт | E20: 270325 | F20: 10000 | G20: 50 | H20: Белый Яр | I20: Отгружено | J20: 45756 | K20: МАН О 011 ВЕ 159 | L20: 89194817347 | M20: Каюмов Айгиз | Q20: 10000 | R20: + | S20: 85500 | T20: =S20*(F20/1000) -> 855000
A21: авто(Агро) | B21: Спец к Договору126010У | C21: Сургутнефтегаз | D21: BLACKTROL ж - 200 кг п/эт | E21: 260325 | F21: 10000 | G21: 50 | H21: Белый Яр | I21: Отгружено | J21: 45756 | K21: МАН О 011 ВЕ 159 | L21: 89194817347 | M21: Каюмов Айгиз | Q21: 10000 | R21: + | S21: 85500 | T21: =S21*(F21/1000) -> 855000
A22: конт (самовывоз) | B22: БС-096752 | C22: БурСервис | D22: BURFLC - бум 25,0 кг | E22: 210325 | F22: 17500 | G22: 700 | H22: Усиинск | I22: Отгружено | J22: 45757 | K22: Камаз Е 999 СА 29 | L22: 89115583359 | M22: Вайгант Сергей | N22: RZDU3007081 | O22: 17500 | R22: + | S22: 41000 | T22: =S22*(F22/1000) -> 717500
A23: авто (самовывоз) | B23: Счет №76 | C23: ЗИПО НПП | D23: ПОЛИКАП - бум 25,0 кг | E23: 110325 | F23: 25 | G23: 1 | H23: Самовывоз | I23: Отгружено | J23: 45757 | K23: Деловые Линии | P23: 25 | R23: + | S23: 250000 | T23: =S23*(F23/1000) -> 6250
A24: авто(Ариал) | B24: Спец№72К(2-2) | C24: Омас | D24: Сульф асф - п/проп обезл 25,0 кг | E24: 200125 | F24: 20000 | G24: 800 | H24: НЖВ | I24: Отгружено | J24: 45758 | K24: MERSEDES В 134 ТА 69 | L24: 89201584436/89829252877 | M24: Квашнин Виктор | O24: 20000 | R24: + | S24: 43500 | T24: =S24*(F24/1000) -> 870000
A25: кнт (КЛОТО) | B25: Спец№5 | C25: ИНК-Сервис | D25: Стабилайт II - бум 25,0 кг | E25: 060425 | F25: 17500 | G25: 700 | H25: Усть-Кут | I25: Отгружено | J25: 45758 | K25: Камаз Е 999 СА 29 | L25: 89115583359 | M25: Вайгант Сергей | N25: RZDU3044418 | O25: 17500 | R25: + | S25: 39000 | T25: =S25*(F25/1000) -> 682500
A26: (самовывоз) | B26: Спецификация 14 | C26: Eriell | D26: BLACKTROL ж - 200 кг п/эт | E26: 100225 | F26: 17600 | G26: 88 | H26: Карши | I26: Отгружено | J26: 45758 | K26: Volvo 50Q197UA | M26: Давранов Илхомжон | Q26: 17600 | R26: + | S26: 81900 | T26: =S26*(F26/1000) -> 1441440
A27: (самовывоз) | B27: Спецификация 14 | C27: Eriell | D27: BLACKTROL ж - 200 кг п/эт | E27: 110225 | F27: 17600 | G27: 88 | H27: Карши | I27: Отгружено | J27: 45758 | K27: Volvo 50V175XA | M27: Жураев Ихтиёр | Q27: 17600 | R27: + | S27: 81900 | T27: =S27*(F27/1000) -> 1441440
A28: авто(Бакин) | B28: Спец№43(4-4) | C28: Буринтех | D28: СУЛЬФОБИТ - бум 25,0 кг | E28: 050425 | F28: 20000 | G28: 800 | H28: Пыть-Ях СТС | I28: Отгружено | J28: 45758 | K28: Вольво О 618 СМ 29 | L28: 89115713730 | M28: Фокин Дмитрий | O28: 20000 | R28: + | S28: 41500 | T28: =S28*(F28/1000) -> 830000
A29: авто(Инкам) | B29: Спец№44(1-10) | C29: Буринтех | D29: СУЛЬФОБИТ - бум 25,0 кг | E29: 070425 | F29: 20000 | G29: 800 | H29: Пыть-Ях СТС | I29: Отгружено | J29: 45761 | K29: DAF К 008 МА 29 | L29: 89116825992 | M29: Белоцерковский Алексей | O29: 20000 | R29: + | S29: 41500 | T29: =S29*(F29/1000) -> 830000
A30: (самовывоз) | B30: Спецификация 12 | C30: Eriell | D30: LG-DRILL - п/проп 25,0 кг | E30: 070425 | F30: 20000 | G30: 800 | H30: Карши | I30: Отгружено | J30: 45762 | K30: MERCEDES 60006QBA / KRONE 606208AA | M30: ДЕХКОНОВ ШОХРУХБЕК | O30: 20000 | R30: + | S30: 38000 | T30: =S30*(F30/1000) -> 760000
A31: (самовывоз) | B31: Спецификация 12 | C31: Eriell | D31: LG-DRILL - п/проп 25,0 кг | E31: 140425 | F31: 20000 | G31: 800 | H31: Карши | I31: Отгружено | J31: 45762 | K31: MERCEDES 60775PBA / SCHMITZ 605304AA | M31: ТУЛАНОВ МУРОДИЛЛО | O31: 20000 | R31: + | S31: 38000 | T31: =S31*(F31/1000) -> 760000
A32: (самовывоз) | B32: Спецификация 11 | C32: Eriell | D32: ТЕРРАПАН - бум 20,0 кг | E32: 050425 | F32: 20000 | G32: 1000 | H32: Карши | I32: Отгружено | J32: 45762 | K32: DAF 60157WBA / KRONE 606207AA | M32: ЮЛДОШЕВ МУХАММАДАЛИ | P32: 20000 | R32: + | S32: 245000 | T32: =S32*(F32/1000) -> 4900000
A33: авто(Ариал) | B33: Спец№75К (1-2) | C33: Омас | D33: Сульф асф - п/проп обезл 25,0 кг | E33: 11/2024 | F33: 20000 | G33: 800 | H33: НЖВ | I33: Отгружено | J33: 45762 | K33: Скания О 240 ТА 44 | L33: 89109501313 | M33: Салига Валерий | O33: 20000 | R33: + | S33: 43500 | T33: =S33*(F33/1000) -> 870000
A34: авто(Ариал) | B34: Спец №47 | C34: Инко-Сервис | D34: Сульф асф - п/проп обезл 25,0 кг | E34: 20250407 | F34: 20000 | G34: 800 | H34: Волгоград | I34: Отгружено | J34: 45763 | K34: SITRAK О 909 РК 154 | L34: 89505821657 | M34: Москвин Роман | O34: 20000 | R34: + | S34: 42500 | T34: =S34*(F34/1000) -> 850000
A35: кнт (КЛОТО) | B35: Спец№6 | C35: ИНК-Сервис | D35: СУПЕРСЛАЙДЕР ПЛАТИНУМ - 200 кг п/эт | E35: 180325 | F35: 16000 | G35: 80 | H35: Усть-Кут | I35: Отгружено | J35: 45764 | K35: МАН К 733 ТТ 29 | L35: 89815516137 | M35: Чернаков Константин | N35: TKRU3127502 | Q35: 16000 | R35: + | S35: 230000 | T35: =S35*(F35/1000) -> 3680000
A36: авто(Гандвик) | B36: Спец№76К (1-4) | C36: Омас | D36: ТЕРРАПАН - бум 25,0 кг | E36: 12/2024 | F36: 7000 | G36: 280 | H36: Пыть-Ях | I36: Отгружено | J36: 45765 | K36: VOLVO М 773 ОВ 29 | L36: 89991681050 | M36: Парфенов Роман | Q36: 7000 | R36: + | S36: 250000 | T36: =S36*(F36/1000) -> 1750000
A37: авто(Гандвик) | B37: Спец№76К (1-4) | C37: Омас | D37: Сульф асф - п/проп обезл 25,0 кг | E37: 03/2025 | F37: 13000 | G37: 520 | H37: Пыть-Ях | I37: Отгружено | J37: 45765 | K37: VOLVO М 773 ОВ 29 | L37: 89991681050 | M37: Парфенов Роман | O37: 13000 | R37: + | S37: 43500 | T37: =S37*(F37/1000) -> 565500
A38: авто(Гандвик) | B38: Спец№44(2-10) | C38: Буринтех | D38: СУЛЬФОБИТ - бум 25,0 кг | E38: 090425 | F38: 20000 | G38: 800 | H38: Пыть-Ях СТС | I38: Отгружено | J38: 45765 | K38: DAF М 910 РУ 29 | L38: 89116853405 | M38: Вишняков Денис | O38: 20000 | R38: + | S38: 41500 | T38: =S38*(F38/1000) -> 830000
A39: авто(Агро) | B39: Спец№44(3-10) | C39: Буринтех | D39: СУЛЬФОБИТ - бум 25,0 кг | E39: 110425 | F39: 20000 | G39: 800 | H39: Пыть-Ях СТС | I39: Отгружено | J39: 45765 | K39: Маз Н 416 ЕН 21 | L39: 89876739579/89613654643 | M39: Изюмов Олег | O39: 20000 | R39: + | S39: 41500 | T39: =S39*(F39/1000) -> 830000
A40: авто(Агро) | B40: Спец№74К (1-2) | C40: Омас | D40: BLACKTROL ж - 200 кг п/эт | E40: 090425 | F40: 2400 | G40: 12 | H40: Бузулук | I40: Отгружено | J40: 45765 | K40: Мерседес А 373 РТ 716 | L40: 89093140410 | M40: Колчерин Николай | Q40: 2400 | R40: + | S40: 89000 | T40: =S40*(F40/1000) -> 213600
A41: авто(Агро) | B41: Спец№74К (1-2) | C41: Омас | D41: СУПЕРСЛАЙДЕР ГОЛД - 200 кг п/эт | E41: 200125 | F41: 15200 | G41: 76 | H41: Бузулук | I41: Отгружено | J41: 45765 | K41: Мерседес А 373 РТ 716 | L41: 89093140410 | M41: Колчерин Николай | Q41: 15200 | R41: + | S41: 105000 | T41: =S41*(F41/1000) -> 1596000
A42: авто(Елото) | B42: Спец№6 | C42: ИНК-Сервис | D42: СУПЕРСЛАЙДЕР ГОЛД - 200 кг п/эт | E42: 080425 | F42: 16000 | G42: 80 | H42: Усть-Кут | I42: Отгружено | J42: 45768 | K42: Mercedes О 515 ОУ 29 | L42: 89539399073/89115800204 | M42: Борисов Дмитрий | Q42: 16000 | R42: + | S42: 105000 | T42: =S42*(F42/1000) -> 1680000
A43: самоыввоз | B43: счет №126 | C43: СЭНАМ СЕРВИС | D43: ТЕРМАВИС РУО - бум 20,0 кг | F43: 20 | G43: 1 | H43: самовывоз | I43: Отгружено | J43: 45768 | K43: СДЭК | P43: 20 | R43: + | S43: 295000 | T43: =S43*(F43/1000) -> 5900
A44: авто (Авто45) | B44: БС-098770(1-2) | C44: БурСервис | D44: BURFLC - бум 25,0 кг | E44: 180425 | F44: 20125 | G44: 805 | H44: Пыть-Ях | I44: Отгружено | J44: 45769 | K44: DAF Р 575 МС 45 | L44: 89125770562 | M44: Осипов Дмитрий | O44: 20125 | R44: + | S44: 41000 | T44: =S44*(F44/1000) -> 825125
A45: авто (Авто45) | B45: БС-098770(2-2) | C45: БурСервис | D45: BURFLC - бум 25,0 кг | E45: 200425 | F45: 20125 | G45: 805 | H45: Пыть-Ях | I45: Отгружено | J45: 45769 | K45: DAF К 298 МО 45 | L45: 89080063420 | M45: Антонов Евгений | O45: 20125 | R45: + | S45: 41000 | T45: =S45*(F45/1000) -> 825125
A46: авто(Агро) | B46: Спец№44(4-10) | C46: Буринтех | D46: СУЛЬФОБИТ - бум 25,0 кг | E46: 130425 | F46: 20000 | G46: 800 | H46: Пыть-Ях СТС | I46: Отгружено | J46: 45769 | K46: DAF У 377 МХ 45 | L46: 89129793183 | M46: Шукаев Михаил | O46: 20000 | R46: + | S46: 41500 | T46: =S46*(F46/1000) -> 830000
A47: авто(ГК Урал) | B47: Спец№48 | C47: Инко-Сервис | D47: Стабилайт II - бум 25,0 кг | E47: 010425 | F47: 20000 | G47: 800 | H47: Новосемейкино | I47: отгружено | J47: 45770 | K47: КамазР 056 АТ 46 | L47: 89850087542 | M47: Жакшылыков Нурпаиз | O47: 20000 | R47: + | S47: 42500 | T47: =S47*(F47/1000) -> 850000
A48: авто(Ариал) | B48: Спец№74К (2-2) | C48: Омас | D48: КЛСП - п/проп 20,0 кг | E48: 150425 | F48: 4000 | G48: 200 | H48: Бузулук | I48: Отгружено | J48: 45771 | K48: Мерседес В 404 МО 73 | L48: 89603687618 | M48: Кошкин Сергей | P48: 4000 | R48: + | S48: 87000 | T48: =S48*(F48/1000) -> 348000
A49: авто(Ариал) | B49: Спец№74К (2-2) | C49: Омас | D49: BLACKTROL ж - 200 кг п/эт | E49: 090425 | F49: 1600 | G49: 8 | H49: Бузулук | I49: Отгружено | J49: 45771 | K49: Мерседес В 404 МО 73 | L49: 89603687618 | M49: Кошкин Сергей | Q49: 1600 | R49: + | S49: 89000 | T49: =S49*(F49/1000) -> 142400
A50: авто(Ариал) | B50: Спец№74К (2-2) | C50: Омас | D50: Оптитрол Ж - 200 кг п/эт | E50: 130425 | F50: 4000 | G50: 20 | H50: Бузулук | I50: Отгружено | J50: 45771 | K50: Мерседес В 404 МО 73 | L50: 89603687618 | M50: Кошкин Сергей | Q50: 4000 | R50: + | S50: 81500 | T50: =S50*(F50/1000) -> 326000
A51: авто(Ариал) | B51: Спец№74К (2-2) | C51: Омас | D51: ЭКСТРАМУЛ ДИРЕКТ - 190 кг п/эт | E51: 160425 | F51: 7600 | G51: 40 | H51: Бузулук | I51: Отгружено | J51: 45771 | K51: Мерседес В 404 МО 73 | L51: 89603687618 | M51: Кошкин Сергей | Q51: 7600 | R51: + | S51: 235000 | T51: =S51*(F51/1000) -> 1786000
A52: авто(Арсэн) | B52: БС-098847 | C52: БурСервис | D52: АПП-490, бочка п/э 200кг | E52: 240425 | F52: 6000 | G52: 30 | H52: Коротчаево | I52: Отгружено | J52: 45772 | K52: FAW А 109 МО 252 | L52: 89290497387 | M52: Кротов Сергей | Q52: 6000 | R52: + | S52: 680000 | T52: =S52*(F52/1000) -> 4080000
A53: авто(Арсэн) | B53: БС-100974 | C53: БурСервис | D53: АПП-490, бочка п/э 200кг | E53: 240425 | F53: 5200 | G53: 26 | H53: Коротчаево | I53: Отгружено | J53: 45772 | K53: FAW А 109 МО 252 | L53: 89290497387 | M53: Кротов Сергей | Q53: 5200 | R53: + | S53: 680000 | T53: =S53*(F53/1000) -> 3536000
A54: авто(Агро) | B54: Спец№44(5-10) | C54: Буринтех | D54: СУЛЬФОБИТ - бум 25,0 кг | E54: 150425 | F54: 20000 | G54: 800 | H54: Пыть-Ях СТС | I54: Отгружено | J54: 45772 | K54: SITRAK У 312 ВМ 774 | L54: 89049773510 | M54: Голомаздин Алексей | O54: 20000 | R54: + | S54: 41500 | T54: =S54*(F54/1000) -> 830000
A55: авто(Бакин) | B55: Спец№44(6-10) | C55: Буринтех | D55: СУЛЬФОБИТ - бум 25,0 кг | E55: 170425 | F55: 20000 | G55: 800 | H55: Пыть-Ях СТС | I55: Отгружено | J55: 45775 | K55: Вольво Р 034 СВ 29 | L55: 89212974613 | M55: Киреев Сергей | O55: 20000 | R55: + | S55: 41500 | T55: =S55*(F55/1000) -> 830000
A56: авто(ГК Урал) | B56: Спец№44(7-10) | C56: Буринтех | D56: СУЛЬФОБИТ - бум 25,0 кг | E56: 210425 | F56: 20000 | G56: 800 | H56: Пыть-Ях СТС | I56: Отгружено | J56: 45775 | K56: МАЗ С 039 ЕУ 96 | L56: 89222151396 | M56: Шимолин Николай | O56: 20000 | R56: + | S56: 41500 | T56: =S56*(F56/1000) -> 830000
A57: авто(ГК Урал) | B57: Спец№75К(2-2) | C57: Омас | D57: ТЕРРАПАН - бум 25,0 кг | E57: 12/2024 | F57: 10000 | G57: 400 | H57: НЖВ | I57: Отгружено | J57: 45775 | K57: МАЗ У 032 АВ 96 | L57: 89226070745 | M57: Шимолин Павел | P57: 10000 | R57: + | S57: 250000 | T57: =S57*(F57/1000) -> 2500000
A58: авто(ГК Урал) | B58: Спец№75К(2-2) | C58: Омас | D58: Сульф асф - п/проп обезл 25,0 кг | E58: 11/2024 | F58: 10000 | G58: 400 | H58: НЖВ | I58: Отгружено | J58: 45775 | K58: МАЗ У 032 АВ 96 | L58: 89226070745 | M58: Шимолин Павел | O58: 10000 | R58: + | S58: 43500 | T58: =S58*(F58/1000) -> 435000
A59: авто (ГК Урал) | B59: БС-098669(1-6) | C59: БурСервис | D59: BURFLC - бум 25,0 кг | E59: 240425 | F59: 20125 | G59: 805 | H59: Пыть-Ях | I59: Отгружено | J59: 45776 | K59: МАЗ Н 995 ЕО 72 | L59: 89220464746 | M59: Кузнецов Андрей | O59: 20125 | R59: + | S59: 41000 | T59: =S59*(F59/1000) -> 825125
A60: авто (Агро) | B60: БС-098669(2-6) | C60: БурСервис | D60: BURFLC - бум 25,0 кг | E60: 020525 | F60: 20125 | G60: 805 | H60: Пыть-Ях | I60: Отгружено | J60: 45776 | K60: Маз Н 416 ЕН 21 | L60: 89876739579/89613654643 | M60: Изюмов Олег | O60: 20125 | R60: + | S60: 41000 | T60: =S60*(F60/1000) -> 825125
A61: авто(ГК Урал) | B61: Спец№44(8-10) | C61: Буринтех | D61: СУЛЬФОБИТ - бум 25,0 кг | E61: 180425 | F61: 20000 | G61: 800 | H61: Пыть-Ях СТС | I61: Отгружено | J61: 45776 | K61: КАМАЗ О 970 УК 47 | L61: 89872508769 | M61: Захаров Виталий | O61: 20000 | R61: + | S61: 41500 | T61: =S61*(F61/1000) -> 830000
A62: авто(Арсэн) | B62: Спец№44(9-10) | C62: Буринтех | D62: СУЛЬФОБИТ - бум 25,0 кг | E62: 190425 | F62: 20000 | G62: 800 | H62: Пыть-Ях СТС | I62: Отгружено | J62: 45777 | K62: DAF Т 177 НВ 67 | L62: 89107671697 | M62: Семченков Сергей | O62: 20000 | R62: + | S62: 41500 | T62: =S62*(F62/1000) -> 830000
A63: авто(Агро) | B63: Спец№76К (2-4) | C63: Омас | D63: Сульф асф - п/проп обезл 25,0 кг | E63: 03/2025 | F63: 20000 | G63: 800 | H63: Пыть-Ях | I63: Отгружено | J63: 45777 | K63: JAC О 421 ХС 159 | L63: 89082685786 | M63: Тетенькин Павел | O63: =F63 -> 20000 | R63: + | S63: 43500 | T63: =S63*(F63/1000) -> 870000
A64: авто(ГК Урал) | B64: Спец№19 | C64: ХимБурСервис | D64: BLACKTROL ж - 1000 кг еврокуб | E64: 290425 | F64: 20000 | G64: 20 | H64: Бугульма | I64: Отгружено | J64: 45777 | K64: МАЗ О 604 ОМ 116 | L64: 89872890644 | M64: Галаганов Василий | Q64: =F64 -> 20000 | R64: + | S64: 89000 | T64: =S64*(F64/1000) -> 1780000
A65: авто(Ариал) | B65: Спец№46 | C65: Буринтех | D65: СУЛЬФОБИТ - бум 25,0 кг | E65: 210425 | F65: 16000 | G65: 640 | H65: Пыть-Ях СТС | I65: Отгружено | J65: 45777 | K65: SCANIA О 050 СХ 159 | L65: 89124843347 | M65: Казаков Валерий | O65: =F65 -> 16000 | R65: + | S65: 41500 | T65: =S65*(F65/1000) -> 664000
A66: авто(Ариал) | B66: Спец№46 | C66: Буринтех | D66: РЕОМОД ж - 190 кг п/эт | E66: 230425 | F66: 4560 | G66: 24 | H66: Пыть-Ях СТС | I66: Отгружено | J66: 45777 | K66: SCANIA О 050 СХ 159 | L66: 89124843347 | M66: Казаков Валерий | Q66: =F66 -> 4560 | R66: + | S66: 339000 | T66: =S66*(F66/1000) -> 1545840
A67: Итого заказов на: | B67: =SUM($F$4:$F$127)/1000 -> 891.23 | C67: т | T67: =SUM(T4:T66) -> 72025495
A68: Итого отгружено: | B68: =$B$69+$B$70+$B$71 -> 891.23 | C68: т | F68: образцы заказаны
A69: из них ЧП: | B69: =SUM($O$4:$O$127)/1000 -> 633.625 | C69: т | F69: завел в отчет по отгрузкам
A70: из них ИНАЯ: | B70: =SUM($P$4:$P$127)/1000 -> 34.045 | C70: т | F70: отправил ПК
A71: из них на жидкий: | B71: =SUM($Q$4:$Q$127)/1000 -> 223.56 | C71: т | F71: Надо заполнить
A72: Осталось отгрузить | B72: =$B$67-$B$68 -> 0 | C72: т

Sheet март 2025
B1: ОТГРУЗКИ ПРОДУКЦИИ | C1: 45717
A2: заметки | B2: НОМЕР ЗАКАЗА | C2: КЛИЕНТ | D2: ПРОДУКТ | E2: ПАРТИЯ | F2: КОЛИЧЕСТВО | H2: ПУНКТ НАЗНАЧЕНИЯ | I2: СТАТУС | J2: ДАТА ОТГРУЗКИ | K2: АВТОДОСТАВКА | N2: ЖД ДОСТАВКА | O2: ИТОГО ОТГРУЖЕНО | R2: АКТЫ | S2: Цена со склада за 1 тонну
F3: КГ | G3: мешков/бочек | K3: № АВТО | L3: ТЕЛ. ВОДИТЕЛЯ | M3: ВОДИТЕЛЬ | N3: № КОНТЕЙНЕРА/ВАГОНА | O3: ЧП | P3: ИНАЯ | Q3: Жидкий | T3: Итого
A5: авто(Ариал) | B5: Спец№38(4-4) | C5: Буринтех | D5: СУЛЬФОБИТ - бум 25,0 кг | E5: 260225 | F5: 20000 | G5: 800 | H5: Пыть-Ях | I5: отгружено | J5: 45719 | K5: DAF О 539 ОН 29 | L5: 89216700606 8 921 670 06 06 | M5: Хрущ Александр | O5: 20000 | R5: + | S5: 41500 | T5: =S5*(F5/1000) -> 830000
A6: авто(Ариал) | B6: Спец№40(4-6) | C6: Химпром | D6: ТЕРРАПАН - бум 25,0 кг | E6: 025/12 | F6: 5000 | G6: 200 | H6: Краснокамск | I6: отгружено | J6: 45719 | K6: СКАНИЯ М 479 ХН 716 | L6: 89375809478 | M6: Костин Павел | N6: 1241, 1242, 1243, 1244, 1245 | P6: 5000 | R6: + | S6: 252500 | T6: =S6*(F6/1000) -> 1262500
A7: авто(Ариал) | B7: Спец№40(4-6) | C7: Химпром | D7: ТЕРРАПАН - бум 25,0 кг | E7: 025/13 | F7: 5000 | G7: 200 | H7: Краснокамск | I7: отгружено | J7: 45719 | K7: СКАНИЯ М 479 ХН 716 | L7: 89375809478 | M7: Костин Павел | N7: 1246, 1248, 1249, 1250, 1298 | P7: 5000 | R7: + | S7: 252500 | T7: =S7*(F7/1000) -> 1262500
A8: авто(Ариал) | B8: Спец№40(4-6) | C8: Химпром | D8: ТЕРРАПАН - бум 25,0 кг | E8: 025/14 | F8: 5000 | G8: 200 | H8: Краснокамск | I8: отгружено | J8: 45719 | K8: СКАНИЯ М 479 ХН 716 | L8: 89375809478 | M8: Костин Павел | N8: 1251, 1252, 1253, 1254, 1255 | P8: 5000 | R8: + | S8: 252500 | T8: =S8*(F8/1000) -> 1262500
A9: авто(Ариал) | B9: Спец№40(4-6) | C9: Химпром | D9: ТЕРРАПАН - бум 25,0 кг | E9: 025/15 | F9: 5000 | G9: 200 | H9: Краснокамск | I9: отгружено | J9: 45719 | K9: СКАНИЯ М 479 ХН 716 | L9: 89375809478 | M9: Костин Павел | N9: 1293, 1294, 1295, 1296, 1297 | P9: 5000 | R9: + | S9: 252500 | T9: =S9*(F9/1000) -> 1262500
A10: (самовывоз) | B10: БС-094191 | C10: БурСервис | D10: TORQ TRIM 22 (СС РУО) - 185 кг п/эт | E10: 280225 | F10: 4440 | G10: 24 | H10: Нягань | I10: отгружено | J10: 45720 | K10: ГАЗ Х 020 СВ 154 | L10: 89624231916 | M10: Киреев Дмитрий | Q10: 4440 | R10: + | S10: 369500 | T10: =S10*(F10/1000) -> 1640580
A11: авто(Ариал) | B11: Спец№2 | C11: СБМ | D11: СБМОЙЛРЕО В (Реомод ж) - 180 кг п/эт | E11: 250225 | F11: 15840 | G11: 88 | H11: Пыть-Ях | I11: отгружено | J11: 45720 | K11: Даф А 875 СУ 37 | L11: 89092465972 | M11: Войтович Станислав | Q11: 15840 | R11: + | S11: 335000 | T11: =S11*(F11/1000) -> 5306400
A12: конт (самовывоз) | B12: БС-079978(12-22) | C12: БурСервис | D12: BURFLC - бум 25,0 кг | E12: 260225 | F12: 17500 | G12: 700 | H12: Пурпе | I12: отгружено | J12: 45720 | K12: Камаз Е 999 СА 29 | L12: 89115583359 | M12: Вайгант Сергей | N12: RZDU3011836 | O12: 17500 | R12: + | S12: 48500 | T12: =S12*(F12/1000) -> 848750
A13: конт (самовывоз) | B13: БС-079978(13-22) | C13: БурСервис | D13: BURFLC - бум 25,0 кг | E13: 280225 | F13: 17500 | G13: 700 | H13: Пурпе | I13: отгружено | J13: 45720 | K13: Камаз Е 999 СА 29 | L13: 89115583359 | M13: Вайгант Сергей | N13: RZDU3012339 | O13: 17500 | R13: + | S13: 48500 | T13: =S13*(F13/1000) -> 848750
A14: конт (самовывоз) | B14: БС-079978(14-22) | C14: БурСервис | D14: BURFLC - бум 25,0 кг | E14: 240225 | F14: 17500 | G14: 700 | H14: Пурпе | I14: отгружено | J14: 45720 | K14: МАН О 531 НТ 29 | L14: 89095563417 | M14: Татарский Николай | N14: TKRU3345530 | O14: 17500 | R14: + | S14: 48500 | T14: =S14*(F14/1000) -> 848750
A15: конт (самовывоз) | B15: БС-079978(15-22) | C15: БурСервис | D15: BURFLC - бум 25,0 кг | E15: 270225 | F15: 17500 | G15: 700 | H15: Пурпе | I15: отгружено | J15: 45720 | K15: МАН О 531 НТ 29 | L15: 89095563417 | M15: Татарский Николай | N15: RZDU3045332 | O15: 17500 | R15: + | S15: 48500 | T15: =S15*(F15/1000) -> 848750
A16: конт (самовывоз) | B16: БС-079978(17-22) | C16: БурСервис | D16: BURFLC - бум 25,0 кг | E16: 010325/1 | F16: 17500 | G16: 700 | H16: Пурпе | I16: отгружено | J16: 45720 | K16: МАН О 531 НТ 29 | L16: 89095563417 | M16: Татарский Николай | N16: TKRU3380383 | O16: 17500 | R16: + | S16: 48500 | T16: =S16*(F16/1000) -> 848750
A17: конт (самовывоз) | B17: БС-079978(16-22) | C17: БурСервис | D17: BURFLC - бум 25,0 кг | E17: 010325 | F17: 17500 | G17: 700 | H17: Пурпе | I17: отгружено | J17: 45720 | K17: МАН О 531 НТ 29 | L17: 89095563417 | M17: Татарский Николай | N17: TKRU3012360 | O17: 17500 | R17: + | S17: 48500 | T17: =S17*(F17/1000) -> 848750
A18: конт (самовывоз) | B18: БС-079978(18-22) | C18: БурСервис | D18: BURFLC - бум 25,0 кг | E18: 020325 | F18: 17500 | G18: 700 | H18: Пурпе | I18: отгружено | J18: 45721 | K18: Камаз Е 999 СА 29 | L18: 89115583359 | M18: Вайгант Сергей | N18: RZDU3047757 | O18: 17500 | R18: + | S18: 48500 | T18: =S18*(F18/1000) -> 848750
A19: конт (самовывоз) | B19: БС-079978(19-22) | C19: БурСервис | D19: BURFLC - бум 25,0 кг | E19: 020325/1 | F19: 17500 | G19: 700 | H19: Пурпе | I19: отгружено | J19: 45721 | K19: Камаз Е 999 СА 29 | L19: 89115583359 | M19: Вайгант Сергей | N19: TKRU3432194 | O19: 17500 | R19: + | S19: 48500 | T19: =S19*(F19/1000) -> 848750
A20: конт (самовывоз) | B20: БС-079978(20-22) | C20: БурСервис | D20: BURFLC - бум 25,0 кг | E20: 020325/2 | F20: 17500 | G20: 700 | H20: Пурпе | I20: отгружено | J20: 45722 | K20: Камаз Е 999 СА 29 | L20: 89115583359 | M20: Вайгант Сергей | N20: GQRU3170520 | O20: 17500 | R20: + | S20: 48500 | T20: =S20*(F20/1000) -> 848750
A21: конт (самовывоз) | B21: БС-079978(21-22) | C21: БурСервис | D21: BURFLC - бум 25,0 кг | E21: 030325 | F21: 17500 | G21: 700 | H21: Пурпе | I21: отгружено | J21: 45722 | K21: Камаз Е 999 СА 29 | L21: 89115583359 | M21: Вайгант Сергей | N21: RZDU3025779 | O21: 17500 | R21: + | S21: 48500 | T21: =S21*(F21/1000) -> 848750
A22: конт (самовывоз) | B22: БС-079978(22-22) | C22: БурСервис | D22: BURFLC - бум 25,0 кг | E22: 030325/1 | F22: 17500 | G22: 700 | H22: Пурпе | I22: отгружено | J22: 45722 | K22: Камаз Е 999 СА 29 | L22: 89115583359 | M22: Вайгант Сергей | N22: TKRU33278406 | O22: 17500 | R22: + | S22: 48500 | T22: =S22*(F22/1000) -> 848750
A23: авто(Ариал) | B23: Спец№43 | C23: Химпром | D23: Стабилайт II - п/проп обезл 25,0 кг | E23: 040325 | F23: 20000 | G23: 800 | H23: Пермь | I23: отгружено | J23: 45723 | K23: Скания А 330 АМ 124 | L23: 89832876634 | M23: Карелин Виталий | O23: 20000 | R23: + | S23: 41000 | T23: =S23*(F23/1000) -> 820000
A24: авто(Агро) | B24: Спец№43 | C24: Инко-Сервис | D24: Стабилайт II - бум 25,0 кг | E24: 060325 | F24: 20000 | G24: 800 | H24: Самара | I24: отгружено | J24: 45726 | K24: Мерседес О 596 АХ 774 | L24: 89227484636/89821041191 | M24: Супрунов Виктор | O24: 20000 | R24: + | S24: 41000 | T24: =S24*(F24/1000) -> 820000
A25: авто(Агро) | B25: Спец№41(1-6) | C25: Буринтех | D25: СУЛЬФОБИТ - бум 25,0 кг | E25: 280225 | F25: 20000 | G25: 800 | H25: Пыть-Ях | I25: отгружено | J25: 45726 | K25: Мерседес К 324 ХР 174 | L25: 89514572539 | M25: Колосовский Андрей | O25: 20000 | R25: + | S25: 41500 | T25: =S25*(F25/1000) -> 830000
A26: авто(Ариал) | B26: Спец№40(5-6) | C26: Химпром | D26: ТЕРРАПАН - бум 25,0 кг | E26: 025/16 | F26: 5000 | G26: 200 | H26: Краснокамск | I26: отгружено | J26: 45727 | K26: Вольво В 110 МХ 716 | L26: 89196836667 | M26: Шайхетдинов Айдар | N26: 1299, 1300, 1301, 1302, 1564 | P26: 5000 | R26: + | S26: 252500 | T26: =S26*(F26/1000) -> 1262500
A27: авто(Ариал) | B27: Спец№40(5-6) | C27: Химпром | D27: ТЕРРАПАН - бум 25,0 кг | E27: 025/17 | F27: 5000 | G27: 200 | H27: Краснокамск | I27: отгружено | J27: 45727 | K27: Вольво В 110 МХ 716 | L27: 89196836667 | M27: Шайхетдинов Айдар | N27: 1565, 1566, 1567, 1568, 1569 | P27: 5000 | R27: + | S27: 252500 | T27: =S27*(F27/1000) -> 1262500
A28: авто(Ариал) | B28: Спец№40(5-6) | C28: Химпром | D28: ТЕРРАПАН - бум 25,0 кг | E28: 025/18 | F28: 5000 | G28: 200 | H28: Краснокамск | I28: отгружено | J28: 45727 | K28: Вольво В 110 МХ 716 | L28: 89196836667 | M28: Шайхетдинов Айдар | N28: 1570, 1571, 1572, 1573, 1574 | P28: 5000 | R28: + | S28: 252500 | T28: =S28*(F28/1000) -> 1262500
A29: авто(Ариал) | B29: Спец№40(5-6) | C29: Химпром | D29: ТЕРРАПАН - бум 25,0 кг | E29: 025/19 | F29: 5000 | G29: 200 | H29: Краснокамск | I29: отгружено | J29: 45727 | K29: Вольво В 110 МХ 716 | L29: 89196836667 | M29: Шайхетдинов Айдар | N29: 1575, 1576, 1577, 1578, 1579 | P29: 5000 | R29: + | S29: 252500 | T29: =S29*(F29/1000) -> 1262500
A30: авто(Агро) | B30: Сец№71К(1-5) | C30: Омас | D30: Сульф асф - п/проп обезл 25,0 кг | E30: 11/2024 | F30: 20000 | G30: 800 | H30: Пыть-Ях | I30: отгружено | J30: 45727 | K30: ДонгФенг М 808 КН 35 | L30: 89602929242 | M30: Богомолов Виктор | O30: 20000 | R30: + | S30: 43500 | T30: =S30*(F30/1000) -> 870000
A31: авто(Агро) | B31: Спец№17 | C31: ХимБурСервис | D31: ТЕРРАПАН - бум 25,0 кг | E31: 100325 | F31: 10000 | G31: 400 | H31: Бугульма | I31: отгружено | J31: 45727 | K31: SCANIA Е 150 ЕХ 716 | L31: 89991695115 | M31: Кислов Виктор | P31: 10000 | R31: + | S31: 255000 | T31: =S31*(F31/1000) -> 2550000
A32: авто(Инкам) | B32: Спец№71К | C32: Омас | D32: ТЕРРАПАН - бум 25,0 кг | E32: 12/2024 | F32: 20000 | G32: 800 | H32: Пыть-Ях | I32: отгружено | J32: 45728 | K32: DAF К 008 МА 29 | L32: 89116825992 | M32: Белоцерковский Алексей | P32: 20000 | R32: + | S32: 250000 | T32: =S32*(F32/1000) -> 5000000
A33: авто(Ариал) | B33: Спец№41(2-6) | C33: Буринтех | D33: СУЛЬФОБИТ - бум 25,0 кг | E33: 010325 | F33: 20000 | G33: 800 | H33: Пыть-Ях | I33: отгружено | J33: 45729 | K33: FAW О 797 РА 29 | L33: 89115708558 | M33: Путятин Сергей | O33: 20000 | R33: + | S33: 41500 | T33: =S33*(F33/1000) -> 830000
A34: кнт | B34: Спец№42 | C34: Буринтех | D34: ВАЛЬКИРИЯ (BLACKTROL ж) - 200 кг п/эт | E34: 050325 | F34: 16000 | G34: 80 | H34: Пурпе | I34: отгружено | J34: 45730 | K34: МАН О 531 НТ 29 | L34: 89095563417 | M34: Татарский Николай | N34: TKRU3012078 | Q34: 16000 | R34: + | S34: 85000 | T34: =S34*(F34/1000) -> 1360000
A35: кнт | B35: Спец№42 | C35: Буринтех | D35: ВАЛЬКИРИЯ (BLACKTROL ж) - 200 кг п/эт | E35: 060325 | F35: 16000 | G35: 80 | H35: Пурпе | I35: отгружено | J35: 45730 | K35: МАН О 531 НТ 30 | L35: 89095563418 | M35: Татарский Николай | N35: TKRU3486190 | Q35: 16000 | R35: + | S35: 85000 | T35: =S35*(F35/1000) -> 1360000
A36: авто (Клото) | B36: Спец№40(6-6) | C36: Химпром | D36: ТЕРРАПАН - бум 25,0 кг | E36: 025/20 | F36: 5000 | G36: 200 | H36: Краснокамск | I36: отгружено | J36: 45730 | K36: Mercedes О 515 ОУ 29 | L36: 89539399073/89115800204 | M36: Борисов Дмитрий | N36: 1580, 1581, 1582, 1583, 1584 | P36: 5000 | R36: + | S36: 252500 | T36: =S36*(F36/1000) -> 1262500
A37: авто (Клото) | B37: Спец№40(6-6) | C37: Химпром | D37: ТЕРРАПАН - бум 25,0 кг | E37: 025/21 | F37: 5000 | G37: 200 | H37: Краснокамск | I37: отгружено | J37: 45730 | K37: Mercedes О 515 ОУ 29 | L37: 89539399073/89115800204 | M37: Борисов Дмитрий | N37: 1625, 1626, 1627, 1628, 1629 | P37: 5000 | R37: + | S37: 252500 | T37: =S37*(F37/1000) -> 1262500
A38: авто (Клото) | B38: Спец№40(6-6) | C38: Химпром | D38: ТЕРРАПАН - бум 25,0 кг | E38: 025/22 | F38: 5000 | G38: 200 | H38: Краснокамск | I38: отгружено | J38: 45730 | K38: Mercedes О 515 ОУ 29 | L38: 89539399073/89115800204 | M38: Борисов Дмитрий | N38: 1630, 1631, 1632, 1633, 1634 | P38: 5000 | R38: + | S38: 252500 | T38: =S38*(F38/1000) -> 1262500
A39: авто (Клото) | B39: Спец№40(6-6) | C39: Химпром | D39: ТЕРРАПАН - бум 25,0 кг | E39: 025/23 | F39: 5000 | G39: 200 | H39: Краснокамск | I39: отгружено | J39: 45730 | K39: Mercedes О 515 ОУ 29 | L39: 89539399073/89115800204 | M39: Борисов Дмитрий | N39: 1655, 1656,1657, 1658, 1659 | P39: 5000 | R39: + | S39: 252500 | T39: =S39*(F39/1000) -> 1262500
A40: авто(Авто 45) | B40: Сец№69К(2-2) | C40: Омас | D40: Сульф асф - п/проп обезл 25,0 кг | E40: 200125 | F40: 20000 | G40: 800 | H40: НЖВ | I40: отгружено | J40: 45730 | K40: DAF Р 575 МС 45 | L40: 89080026590 | M40: Голосков Алексей | O40: 20000 | R40: + | S40: 43500 | T40: =S40*(F40/1000) -> 870000
A41: авто(Арсэн) | B41: ДОГОВОР № 00182 | C41: Белоруснефть | D41: КАРБО-БЛОК Fine - бум 25,0 кг | E41: 190225 | F41: 4000 | G41: 160 | H41: Беларусь | I41: отгружено | J41: 45730 | K41: Вольво АО 6273-7 | L41: 375293876552/89103086699 | M41: Говша Артур | P41: 4000 | R41: + | S41: 196000 | T41: =S41*(F41/1000) -> 784000
A42: авто(Арсэн) | B42: ДОГОВОР № 00182 | C42: Белоруснефть | D42: КАРБО-БЛОК Coarse - бум 25,0 кг | E42: 130225 | F42: 4000 | G42: 160 | H42: Беларусь | I42: отгружено | J42: 45730 | K42: Вольво АО 6273-7 | L42: 375293876552/89103086699 | M42: Говша Артур | P42: 4000 | R42: + | S42: 196000 | T42: =S42*(F42/1000) -> 784000
A43: авто(Арсэн) | B43: ДОГОВОР № 00182 | C43: Белоруснефть | D43: КАРБО-БЛОК Medium - бум 25,0 кг | E43: 100225 | F43: 4000 | G43: 160 | H43: Беларусь | I43: отгружено | J43: 45730 | K43: Вольво АО 6273-7 | L43: 375293876552/89103086699 | M43: Говша Артур | P43: 4000 | R43: + | S43: 196000 | T43: =S43*(F43/1000) -> 784000
A44: авто(Арсэн) | B44: ДОГОВОР № 00182 | C44: Белоруснефть | D44: ВЕЛЛБОНД - 190 кг п/эт | E44: 070325 | F44: 3610 | G44: 19 | H44: Беларусь | I44: отгружено | J44: 45730 | K44: Вольво АО 6273-7 | L44: 375293876552/89103086699 | M44: Говша Артур | Q44: 3610 | R44: + | S44: 80000 | T44: =S44*(F44/1000) -> 288800
A45: авто (Агро) | B45: Спец№72К(1-2) | C45: Омас | D45: Сульф асф - бум 25,0 кг | E45: 050424 | F45: 20000 | G45: 800 | H45: НЖВ | I45: отгружено | J45: 45733 | K45: Мерседес О 402 АХ 774 | L45: 89512528377 | M45: Кравченко Евгений | O45: 20000 | R45: + | S45: 43500 | T45: =S45*(F45/1000) -> 870000
A46: авто(Ванюхин) | B46: Спец№17(1-2) | C46: КазПетроДриллинг | D46: Стабилайт II - бум 25,0 кг | E46: 120325 | F46: 20000 | G46: 800 | H46: Жанаозен | I46: отгружено | J46: 45733 | K46: DAF Е 375 АМ 198 | L46: 89270908660/87779998937 | M46: Каражан Арман | O46: 20000 | R46: + | S46: 45000 | T46: =S46*(F46/1000) -> 900000
A47: авто(Ариал) | B47: Спец№71К(2-5) | C47: Омас | D47: Сульф асф - п/проп обезл 25,0 кг | E47: 11/2024 | F47: 20000 | G47: 800 | H47: Пыть-Ях | I47: отгружено | J47: 45733 | K47: Мерседес О 770 МА 29 | L47: 89116824216 | M47: Васильев Денис | O47: 20000 | R47: + | S47: 43500 | T47: =S47*(F47/1000) -> 870000
A48: авто(Ванюхин) | B48: Спец№17(2-2) | C48: КазПетроДриллинг | D48: Стабилайт II - бум 25,0 кг | E48: 150325 | F48: 20000 | G48: 800 | H48: Жанаозен | I48: отгружено | J48: 45734 | K48: DAF Р 783 ОР 790 | L48: 89963427701/87772313238 | M48: Шестопалов Александр | O48: 20000 | R48: + | S48: 45000 | T48: =S48*(F48/1000) -> 900000
A49: авто(Ариал) | B49: Спец№41(3-6) | C49: Буринтех | D49: СУЛЬФОБИТ - бум 25,0 кг | E49: 040325 | F49: 20000 | G49: 800 | H49: Пыть-Ях | I49: отгружено | J49: 45734 | K49: МАН М 517 ОА 29 | L49: 89009189331 | M49: Загвоздин Алексей | O49: 20000 | R49: + | S49: 41500 | T49: =S49*(F49/1000) -> 830000
A50: авто(Бакин) | B50: Сец№71К(3-5) | C50: Омас | D50: Сульф асф - п/проп обезл 25,0 кг | E50: 11/2024 | F50: 20000 | G50: 800 | H50: Пыть-Ях | I50: отгружено | J50: 45735 | K50: Вольво Р 034 СВ 29 | L50: 89212974613 | M50: Киреев Сергей | O50: 20000 | R50: + | S50: 43500 | T50: =S50*(F50/1000) -> 870000
A51: авто(ГК Урал) | B51: Спец№41(4-6) | C51: Буринтех | D51: СУЛЬФОБИТ - бум 25,0 кг | E51: 070325 | F51: 20000 | G51: 800 | H51: Пыть-Ях | I51: отгружено | J51: 45735 | K51: МАЗ Н 530 ЕК 154 | L51: 89137225673 | M51: Ильин Артем | O51: 20000 | R51: + | S51: 41500 | T51: =S51*(F51/1000) -> 830000
A52: Самовывоз | B52: БС-092759 | C52: БурСервис | D52: EZ-MUD DP (Поликап) - бум 25,0 кг | E52: 110225 | F52: 3000 | G52: 120 | H52: Усинск | I52: отгружено | J52: 45735 | K52: МАН М 825 МР 43 | L52: 89128264591 | M52: Иван Врублевский | N52: Самовывоз | P52: 3000 | R52: + | S52: 265000 | T52: =S52*(F52/1000) -> 795000
A53: Самовывоз | B53: БС-092759 | C53: БурСервис | D53: OPTIBUR (Оптитрол ж) - 200 п/эт | E53: 241024 | F53: 3200 | G53: 16 | H53: Усинск | I53: отгружено | J53: 45735 | K53: МАН М 825 МР 43 | L53: 89128264591 | M53: Иван Врублевский | N53: Самовывоз | Q53: 3200 | R53: + | S53: 79000 | T53: =S53*(F53/1000) -> 252800
A54: Самовывоз | B54: Спец№1 Счет№20 | C54: НГС | D54: АПП-490, бочка п/э 200кг | E54: 120325 | F54: 1000 | G54: 5 | H54: Самовывоз | I54: отгружено | J54: 45737 | K54: Соллерс Атлант А 555 ОВ 29 | L54: 89116749590 | M54: Данилюк Сергей | Q54: 1000 | R54: + | S54: 330000 | T54: =S54*(F54/1000) -> 330000
A55: (самовывоз) | B55: БС-095752 | C55: БурСервис | D55: BUR TRIM II PLUS (СС Голд) - 185 кг п/эт | E55: 120325 | F55: 14800 | G55: 80 | H55: Пурпе | I55: отгружено | J55: 45737 | K55: Камаз Е 999 СА 29 | L55: 89115583359 | M55: Вайгант Сергей | N55: TKRU3002779 | Q55: 14800 | R55: + | S55: 125000 | T55: =S55*(F55/1000) -> 1850000
A56: (самовывоз) | B56: БС-095752 | C56: БурСервис | D56: DRIL-N-SLIDE (СС Платинум) - 175 кг п/эт | E56: 140325 | F56: 7000 | G56: 40 | H56: Пурпе | I56: отгружено | J56: 45737 | K56: Камаз Е 999 СА 29 | L56: 89115583359 | M56: Вайгант Сергей | N56: TKRU3452082 | Q56: 7000 | R56: + | S56: 255000 | T56: =S56*(F56/1000) -> 1785000
A57: (самовывоз) | B57: БС-095752 | C57: БурСервис | D57: DRIL-N-SLIDE (СС Платинум) - 175 кг п/эт | E57: 150325 | F57: 7000 | G57: 40 | H57: Пурпе | I57: отгружено | J57: 45737 | K57: Камаз Е 999 СА 29 | L57: 89115583359 | M57: Вайгант Сергей | N57: TKRU3452082 | Q57: 7000 | R57: + | S57: 255000 | T57: =S57*(F57/1000) -> 1785000
A58: авто (Ариал) | B58: Спец№146(1-2) | C58: Акрос | D58: Drilling Lube (СС РУО) - 200 кг п/эт | E58: 110225 | F58: 17600 | G58: 88 | H58: Мурманск | I58: отгружено | J58: 45740 | K58: СКАНИЯ К 740 СК 53 | L58: 79216942187 | M58: Малышев Константин | Q58: 17600 | R58: + | S58: 369000 | T58: =S58*(F58/1000) -> 6494400
A59: авто | B59: Спец 1 | C59: SANEG | D59: BLACKTROL ж - 210 кг п/эт | E59: 010325 | F59: 18480 | G59: 88 | H59: Карши | I59: отгружено | J59: 45740 | K59: DAF 20800KAA | L59: 8 916 950-10-79 (дисп.) | M59: KHOLMIRZAEV KAMOLUDDIN | Q59: 18480 | R59: + | S59: 85000 | T59: =S59*(F59/1000) -> 1570800
A60: авто | B60: Спец 1 | C60: SANEG | D60: BLACKTROL ж - 210 кг п/эт | E60: 020325 | F60: 18480 | G60: 88 | H60: Карши | I60: отгружено | J60: 45740 | K60: DAF 20C165JA | L60: 8 916 950-10-79 (дисп.) | M60: UMIRZAKOV BAKHTIYOR | Q60: 18480 | R60: + | S60: 85000 | T60: =S60*(F60/1000) -> 1570800
A61: авто | B61: Спец 1 | C61: SANEG | D61: ТЕРРАПАН - бум 20,0 кг | E61: 060325 | F61: 20000 | G61: 1000 | H61: Карши | I61: отгружено | J61: 45740 | K61: DAF 20053XAA | L61: 8 916 950-10-79 (дисп.) | M61: SATTAROV UMIDJON | P61: 20000 | R61: + | S61: 253000 | T61: =S61*(F61/1000) -> 5060000
A62: авто | B62: Спец 1 | C62: SANEG | D62: LG-DRILL - бум 25,0 кг | E62: 070325 | F62: 20000 | G62: 800 | H62: Карши | I62: отгружено | J62: 45740 | K62: DAF 203316АА | L62: 8 916 950-10-79 (дисп.) | M62: SHODIEV ALIMARDON | O62: 20000 | R62: + | S62: 45000 | T62: =S62*(F62/1000) -> 900000
A63: авто(Инкам) | B63: Спец№72К | C63: Омас | D63: ТЕРРАПАН - бум 25,0 кг | E63: 12/2024 | F63: 12000 | G63: 480 | H63: НЖВ | I63: отгружено | J63: 45741 | K63: DAF О 539 ОН 29 | L63: 89216700606 | M63: Хрущ Александр | P63: 12000 | R63: + | S63: 250000 | T63: =S63*(F63/1000) -> 3000000
A64: авто(Инкам) | B64: Спец№72К | C64: Омас | D64: СУПЕРСЛАЙДЕР ГОЛД - 200 кг п/эт | E64: 200125 | F64: 6400 | G64: 32 | H64: НЖВ | I64: отгружено | J64: 45741 | K64: DAF О 539 ОН 29 | L64: 89216700606 8 921 670 06 06 | M64: Хрущ Александр | Q64: 6400 | R64: + | S64: 105000 | T64: =S64*(F64/1000) -> 672000
A65: авто(Агро) | B65: Спец№18 | C65: ХимБурСервис | D65: ТЕРРАПАН - бум 25,0 кг | E65: 200325 | F65: 10000 | G65: 400 | H65: Бугульма | I65: отгружено | J65: 45741 | K65: Скания Н 252 НТ 46 | L65: 89038779901 | M65: Ефремов Вячеслав | P65: 10000 | R65: + | S65: 255000 | T65: =S65*(F65/1000) -> 2550000
A66: авто(Агро) | B66: Спец№18 | C66: ХимБурСервис | D66: BLACKTROL ж - 200 кг п/эт | E66: 190225 | F66: 4800 | G66: 24 | H66: Бугульма | I66: отгружено | J66: 45741 | K66: Скания Н 252 НТ 46 | L66: 89038779901 | M66: Ефремов Вячеслав | Q66: 4800 | R66: + | S66: 89500 | T66: =S66*(F66/1000) -> 429600
A67: авто(Агро) | B67: Спец№18 | C67: ХимБурСервис | D67: BLACKTROL ж - 200 кг п/эт | E67: 120325 | F67: 4800 | G67: 24 | H67: Бугульма | I67: отгружено | J67: 45741 | K67: Скания Н 252 НТ 46 | L67: 89038779901 | M67: Ефремов Вячеслав | Q67: 4800 | R67: + | S67: 89500 | T67: =S67*(F67/1000) -> 429600
A68: авто(Авто 45) | B68: Спец№41(5-6) | C68: Буринтех | D68: СУЛЬФОБИТ - бум 25,0 кг | E68: 110325 | F68: 20000 | G68: 800 | H68: Пыть-Ях | I68: отгружено | J68: 45741 | K68: DAF К 298 МО 45 | L68: 89080663420 | M68: Антонов Евгений | O68: 20000 | R68: + | S68: 41500 | T68: =S68*(F68/1000) -> 830000
A69: авто(Ванюхин) | B69: Сец№4 РК | C69: Омас | D69: Сульф асф - бум 25,0 кг | E69: 11/2024 | F69: 20000 | G69: 800 | H69: Кульсары | I69: отгружено | J69: 45741 | K69: Volvo Т 681 МР 67 | L69: 89608185086/87777918885 | M69: Ащегулов Семён | O69: 20000 | R69: + | S69: 43500 | T69: =S69*(F69/1000) -> 870000
A70: авто(Ариал) | B70: Спец№44 | C70: Инко-Сервис | D70: IN-MOD (РЕОМОД) - бум 18,0 кг | E70: 20250318 | F70: 2160 | G70: 120 | H70: Новосемейкино | I70: отгружено | J70: 45741 | K70: Камаз У 531 ЕР 136 | L70: 89920571557 | M70: Скородумов Илья | P70: 2160 | R70: + | S70: 220000 | T70: =S70*(F70/1000) -> 475200
A71: авто(Ариал) | B71: Спец№44 | C71: Инко-Сервис | D71: ЭКСТРАМУЛ-2000 - 200 кг п/эт | E71: 20250318 | F71: 12000 | G71: 60 | H71: Новосемейкино | I71: отгружено | J71: 45741 | K71: Камаз У 531 ЕР 136 | L71: 89920571557 | M71: Скородумов Илья | Q71: 12000 | R71: + | S71: 128000 | T71: =S71*(F71/1000) -> 1536000
A72: авто(Ариал) | B72: Спец№44 | C72: Инко-Сервис | D72: ВЕЛЛТРИТ - 200 кг п/эт | E72: 20250320 | F72: 3200 | G72: 16 | H72: Новосемейкино | I72: отгружено | J72: 45741 | K72: Камаз У 531 ЕР 136 | L72: 89920571557 | M72: Скородумов Илья | Q72: 3200 | R72: + | S72: 167500 | T72: =S72*(F72/1000) -> 536000
A73: авто(ГК Урал) | B73: Спец№71К | C73: Омас | D73: СУПЕРСЛАЙДЕР ГОЛД - 200 кг п/эт | E73: 200125 | F73: 6400 | G73: 32 | H73: Пыть-Ях | I73: отгружено | J73: 45742 | K73: Мерседес Р 264 ХК 39 | L73: 89822700453 | M73: Лосев Дмитрий | Q73: 6400 | R73: + | S73: 105000 | T73: =S73*(F73/1000) -> 672000
A74: авто(ГК Урал) | B74: Спец№71К(4-5) | C74: Омас | D74: Сульф асф - п/проп обезл 25,0 кг | E74: 03/2025 | F74: 12000 | G74: 480 | H74: Пыть-Ях | I74: отгружено | J74: 45742 | K74: Мерседес Р 264 ХК 39 | L74: 89822700453 | M74: Лосев Дмитрий | O74: 12000 | R74: + | S74: 43500 | T74: =S74*(F74/1000) -> 522000
A75: авто(Ариал) | B75: Спец№46 | C75: Инко-Сервис | D75: IN-MOD (РЕОМОД) - бум 18,0 кг | E75: 20250318 | F75: 2160 | G75: 120 | H75: Волгоград | I75: отгружено | J75: 45742 | K75: Shacman С 309 УХ 198 | L75: 89211878515 | M75: Шумкин Вячеслав | P75: 2160 | R75: + | S75: 220000 | T75: =S75*(F75/1000) -> 475200
A76: авто(Ариал) | B76: Спец№46 | C76: Инко-Сервис | D76: ЭКСТРАМУЛ-2000 - 200 кг п/эт | E76: 20250319 | F76: 12800 | G76: 64 | H76: Волгоград | I76: отгружено | J76: 45742 | K76: Shacman С 309 УХ 198 | L76: 89211878515 | M76: Шумкин Вячеслав | Q76: 12800 | R76: + | S76: 128000 | T76: =S76*(F76/1000) -> 1638400
A77: авто(Ариал) | B77: Спец№46 | C77: Инко-Сервис | D77: ВЕЛЛТРИТ - 200 кг п/эт | E77: 20250320 | F77: 2400 | G77: 12 | H77: Волгоград | I77: отгружено | J77: 45742 | K77: Shacman С 309 УХ 198 | L77: 89211878515 | M77: Шумкин Вячеслав | Q77: 2400 | R77: + | S77: 167500 | T77: =S77*(F77/1000) -> 402000
A78: авто(Ариал) | B78: Спец№41(6-6) | C78: Буринтех | D78: СУЛЬФОБИТ - бум 25,0 кг | E78: 140325 | F78: 20000 | G78: 800 | H78: Пыть-Ях | I78: отгружено | J78: 45742 | K78: Мерседес О 097 ЕС 29 | L78: 89115513455 | M78: Васильянов Константин | O78: 20000 | R78: + | S78: 41500 | T78: =S78*(F78/1000) -> 830000
A79: авто(Клото) | B79: БС-096965 | C79: БурСервис | D79: BURFLC - бум 25,0 кг | E79: 210325 | F79: 10500 | G79: 420 | H79: Архангельск | I79: отгружено | J79: 45743 | K79: FOTON О 571 ХН 29 | L79: 89600137798 | M79: Детков Ян | O79: 10500 | R79: + | S79: 41000 | T79: =S79*(F79/1000) -> 430500
A80: авто(Ариал) | B80: БС-097158 | C80: БурСервис | D80: АПП-490, бочка п/э 200кг | E80: 260325 | F80: 6000 | G80: 30 | H80: Коротчаево | I80: отгружено | J80: 45743 | K80: SITRAK C 923 УР 716 | L80: 89039732777 | M80: МЫШЕВ АЛЕКСАНДР | Q80: 6000 | R80: + | S80: 680000 | T80: =S80*(F80/1000) -> 4080000
A81: авто (ГК Урал) | B81: БС-097000(1-2) | C81: БурСервис | D81: BURFLC - бум 25,0 кг | E81: 200325 | F81: 20125 | G81: 805 | H81: Пыть-Ях | I81: отгружено | J81: 45744 | K81: МАЗ С 039 ЕУ 96 | L81: 89222151396 | M81: Шимолин Николай | O81: 20125 | S81: 41000 | T81: =S81*(F81/1000) -> 825125
A82: авто(Ариал) | B82: Спец№44(1-2) | C82: Химпром | D82: Стабилайт II - п/проп обезл 25,0 кг | E82: 260325 | F82: 20000 | G82: 800 | H82: Пермь | I82: отгружено | J82: 45744 | K82: FAW О 484 ОУ 29 | L82: 89502587842 | M82: Ежов Алексей | O82: 20000 | R82: + | S82: 41000 | T82: =S82*(F82/1000) -> 820000
A83: конт (самовывоз) | B83: БС-095834 | C83: БурСервис | D83: BaraFLC(0) - бум 22,7 кг | E83: 200325 | F83: 15876 | G83: 700 | H83: Кожва | I83: отгружено | J83: 45747 | K83: Камаз Е 999 СА 29 | L83: 89115583359 | M83: Вайгант Сергей | N83: YMLU3210998 | O83: 15876 | R83: + | S83: 41000 | T83: =S83*(F83/1000) -> 650916
A84: авто (Бакин) | B84: Спец№146(2-2) | C84: Акрос | D84: Drilling Lube (СС РУО) - 200 кг п/эт | E84: 280325 | F84: 17600 | G84: 88 | H84: Мурманск | I84: отгружено | J84: 45747 | K84: Вольво О 856 УЕ 29 | L84: 89532615578 | M84: Рядовкин Евгений | Q84: 17600 | R84: + | S84: 369000 | T84: =S84*(F84/1000) -> 6494400
A85: авто(Ариал) | B85: Спец№44(2-2) | C85: Химпром | D85: Стабилайт II - п/проп обезл 25,0 кг | E85: 260325 | F85: 20000 | G85: 800 | H85: Пермь | I85: отгружено | J85: 45747 | K85: СКАНИЯ Р 331 УС 18 | L85: 89120273440 | M85: Шайдулятов Марат | O85: 20000 | R85: + | S85: 41000 | T85: =S85*(F85/1000) -> 820000
A86: Итого заказов на: | B86: =SUM($F$5:$F$146)/1000 -> 1022.171 | C86: т | T86: =SUM(T5:T85) -> 108666771
A87: Итого отгружено: | B87: =$B$88+$B$89+$B$90 -> 1022.171 | C87: т | F87: образцы заказаны
A88: из них ЧП: | B88: =SUM($O$5:$O$146)/1000 -> 651.001 | C88: т | F88: завел в отчет по отгрузкам
A89: из них ИНАЯ: | B89: =SUM($P$5:$P$146)/1000 -> 151.32 | C89: т | F89: отправил ПК
A90: из них на жидкий: | B90: =SUM($Q$5:$Q$146)/1000 -> 219.85 | C90: т | F90: Надо заполнить
A91: Осталось отгрузить | B91: =$B$86-$B$87 -> 0 | C91: т

Sheet февраль 2025
B1: ОТГРУЗКИ ПРОДУКЦИИ | C1: 45689
A2: заметки | B2: НОМЕР ЗАКАЗА | C2: КЛИЕНТ | D2: ПРОДУКТ | E2: ПАРТИЯ | F2: КОЛИЧЕСТВО | H2: ПУНКТ НАЗНАЧЕНИЯ | I2: СТАТУС | J2: ДАТА ОТГРУЗКИ | K2: АВТОДОСТАВКА | N2: ЖД ДОСТАВКА | O2: ИТОГО ОТГРУЖЕНО | R2: АКТЫ
F3: КГ | G3: мешков/бочек | K3: № АВТО | L3: ТЕЛ. ВОДИТЕЛЯ | M3: ВОДИТЕЛЬ | N3: № КОНТЕЙНЕРА | O3: ЧП | P3: ИНАЯ | Q3: Жидкий | S3: Цена со склада за 1 тонну | T3: Итого
A4: конт (самовывоз) | B4: БС-079976(9-20) | C4: БурСервис | D4: BURFLC - бум 25,0 кг | E4: 191124 | F4: 17500 | G4: 700 | H4: Пурпе | I4: отгружено | J4: 45691 | K4: Камаз Е 999 СА 29 | L4: 89115583359 | M4: Вайгант Сергей | N4: TKRU3136931 | O4: 17500 | R4: + | S4: 48500 | T4: =S4*(F4/1000) -> 848750
A5: конт (самовывоз) | B5: БС-079976(10-20) | C5: БурСервис | D5: BURFLC - бум 25,0 кг | E5: 261124 | F5: 17500 | G5: 700 | H5: Пурпе | I5: отгружено | J5: 45691 | K5: Камаз Е 999 СА 29 | L5: 89115583359 | M5: Вайгант Сергей | N5: TKRU3209200 | O5: 17500 | R5: + | S5: 48500 | T5: =S5*(F5/1000) -> 848750
A6: конт (самовывоз) | B6: БС-079976(11-20) | C6: БурСервис | D6: BURFLC - бум 25,0 кг | E6: 281124 | F6: 17500 | G6: 700 | H6: Пурпе | I6: отгружено | J6: 45691 | K6: МАН О 531 НТ 29 | L6: 89095563417 | M6: Татарский Николай | N6: TKRU3526987 | O6: 17500 | R6: + | S6: 48500 | T6: =S6*(F6/1000) -> 848750
A7: конт (самовывоз) | B7: БС-079976(12-20) | C7: БурСервис | D7: BURFLC - бум 25,0 кг | E7: 291124 | F7: 17500 | G7: 700 | H7: Пурпе | I7: отгружено | J7: 45691 | K7: МАН О 531 НТ 29 | L7: 89095563417 | M7: Татарский Николай | N7: TKRU3370810 | O7: 17500 | R7: + | S7: 48500 | T7: =S7*(F7/1000) -> 848750
A8: конт (самовывоз) | B8: БС-079976(13-20) | C8: БурСервис | D8: BURFLC - бум 25,0 кг | E8: 301124 | F8: 17500 | G8: 700 | H8: Пурпе | I8: отгружено | J8: 45693 | K8: МАН К 733 ТТ 29 | L8: 89815516137 | M8: Чернаков Константин | N8: TKRU3395444 | O8: 17500 | R8: + | S8: 48500 | T8: =S8*(F8/1000) -> 848750
A9: конт (самовывоз) | B9: БС-079976(14-20) | C9: БурСервис | D9: BURFLC - бум 25,0 кг | E9: 011224 | F9: 17500 | G9: 700 | H9: Пурпе | I9: отгружено | J9: 45693 | K9: МАН К 733 ТТ 29 | L9: 89815516137 | M9: Чернаков Константин | N9: TKRU3277966 | O9: 17500 | R9: + | S9: 48500 | T9: =S9*(F9/1000) -> 848750
A10: конт (самовывоз) | B10: БС-079976(15-20) | C10: БурСервис | D10: BURFLC - бум 25,0 кг | E10: 021224 | F10: 17500 | G10: 700 | H10: Пурпе | I10: отгружено | J10: 45693 | K10: Камаз Е 999 СА 29 | L10: 89115583359 | M10: Вайгант Сергей | N10: TKRU3247719 | O10: 17500 | R10: + | S10: 48500 | T10: =S10*(F10/1000) -> 848750
A11: конт (самовывоз) | B11: БС-079976(16-20) | C11: БурСервис | D11: BURFLC - бум 25,0 кг | E11: 221224 | F11: 17500 | G11: 700 | H11: Пурпе | I11: отгружено | J11: 45693 | K11: Камаз Е 999 СА 29 | L11: 89115583359 | M11: Вайгант Сергей | N11: TKRU3189865 | O11: 17500 | R11: + | S11: 48500 | T11: =S11*(F11/1000) -> 848750
A12: Самовывоз | B12: Спец№2 | C12: АВК | D12: Сода кальцинированная | E12: со склада | F12: 7000 | G12: 280 | H12: Архангельск | I12: отгружено | J12: 45694 | K12: Mercedes О 512 ТН 29 | M12: Белоусов Игорь | P12: 7000 | R12: + | S12: 35000 | T12: =S12*(F12/1000) -> 245000
A13: конт (самовывоз) | B13: БС-079976(17-20) | C13: БурСервис | D13: BURFLC - бум 25,0 кг | E13: 231224 | F13: 17500 | G13: 700 | H13: Пурпе | I13: отгружено | J13: 45694 | K13: МАН К 733 ТТ 29 | L13: 89815516137 | M13: Чернаков Константин | N13: TKRU3558963 | O13: 17500 | R13: + | S13: 48500 | T13: =S13*(F13/1000) -> 848750
A14: конт (самовывоз) | B14: БС-079976(2-2) | C14: БурСервис | D14: BaraFLC - бум 25,0 кг | E14: 241124 | F14: 17500 | G14: 700 | H14: Пурпе | I14: отгружено | J14: 45694 | K14: МАН К 733 ТТ 29 | L14: 89815516137 | M14: Чернаков Константин | N14: TKRU3411653 | O14: 17500 | R14: + | S14: 48500 | T14: =S14*(F14/1000) -> 848750
A15: авто (Клото) | B15: Спец№41(1-3) | C15: Химпром | D15: ТЕРРАПАН - бум 25,0 кг | E15: 18 | F15: 5000 | G15: 200 | H15: Краснокамск | I15: отгружено | J15: 45698 | K15: Mercedes О 515 ОУ 29 | L15: 89539399073/89115800204 | M15: Борисов Дмитрий | N15: 783, 784, 785, 786, 787 | P15: 5000 | R15: + | S15: 252500 | T15: =S15*(F15/1000) -> 1262500
A16: авто (Клото) | B16: Спец№41(1-3) | C16: Химпром | D16: ТЕРРАПАН - бум 25,0 кг | E16: 18/1 | F16: 5000 | G16: 200 | H16: Краснокамск | I16: отгружено | J16: 45698 | K16: Mercedes О 515 ОУ 29 | L16: 89539399073/89115800204 | M16: Борисов Дмитрий | N16: 788, 789, 790, 791, 792 | P16: 5000 | R16: + | S16: 252500 | T16: =S16*(F16/1000) -> 1262500
A17: авто (Клото) | B17: Спец№41(1-3) | C17: Химпром | D17: ТЕРРАПАН - бум 25,0 кг | E17: 18/2 | F17: 5000 | G17: 200 | H17: Краснокамск | I17: отгружено | J17: 45698 | K17: Mercedes О 515 ОУ 29 | L17: 89539399073/89115800204 | M17: Борисов Дмитрий | N17: 793, 794, 795, 796, 797 | P17: 5000 | R17: + | S17: 252500 | T17: =S17*(F17/1000) -> 1262500
A18: авто (Клото) | B18: Спец№41(1-3) | C18: Химпром | D18: ТЕРРАПАН - бум 25,0 кг | E18: 18/3 | F18: 5000 | G18: 200 | H18: Краснокамск | I18: отгружено | J18: 45698 | K18: Mercedes О 515 ОУ 29 | L18: 89539399073/89115800204 | M18: Борисов Дмитрий | N18: 798, 799, 800, 801, 802 | P18: 5000 | R18: + | S18: 252500 | T18: =S18*(F18/1000) -> 1262500
A19: конт (самовывоз) | B19: БС-079976(18-20) | C19: БурСервис | D19: BURFLC - бум 25,0 кг | E19: 260125 | F19: 17500 | G19: 700 | H19: Пурпе | I19: отгружено | J19: 45698 | K19: Камаз Е 999 СА 29 | L19: 89115583359 | M19: Вайгант Сергей | N19: TKRU3394978 | O19: 17500 | R19: + | S19: 48500 | T19: =S19*(F19/1000) -> 848750
A20: конт (самовывоз) | B20: БС-079976(19-20) | C20: БурСервис | D20: BURFLC - бум 25,0 кг | E20: 270125 | F20: 17500 | G20: 700 | H20: Пурпе | I20: отгружено | J20: 45698 | K20: Камаз Е 999 СА 29 | L20: 89115583359 | M20: Вайгант Сергей | N20: TKRU3473892 | O20: 17500 | R20: + | S20: 48500 | T20: =S20*(F20/1000) -> 848750
A21: конт (самовывоз) | B21: БС-079976(20-20) | C21: БурСервис | D21: BURFLC - бум 25,0 кг | E21: 280125 | F21: 17500 | G21: 700 | H21: Пурпе | I21: отгружено | J21: 45698 | K21: Камаз Е 999 СА 29 | L21: 89115583359 | M21: Вайгант Сергей | N21: TKRU3355499 | O21: 17500 | R21: + | S21: 48500 | T21: =S21*(F21/1000) -> 848750
A22: конт (самовывоз) | B22: БС-084937 | C22: БурСервис | D22: EZ-MUD DP (Поликап) - бум 25,0 кг | E22: 200125 | F22: 5000 | G22: 200 | H22: Губкинский | I22: отгружено | J22: 45698 | K22: Камаз Е 999 СА 29 | L22: 89115583359 | M22: Вайгант Сергей | N22: TKRU3535171 | P22: 5000 | R22: + | S22: 269500 | T22: =S22*(F22/1000) -> 1347500
A23: конт (самовывоз) | B23: БС-087992 | C23: БурСервис | D23: TORQ TRIM 22 (СС РУО) - 185 кг п/эт | E23: 200125 | F23: 7400 | G23: 40 | H23: Пурпе | I23: отгружено | J23: 45698 | K23: Камаз Е 999 СА 29 | L23: 89115583359 | M23: Вайгант Сергей | N23: TKRU3535171 | Q23: 7400 | R23: + | S23: 369500 | T23: =S23*(F23/1000) -> 2734300
A24: авто(Ариал) | B24: Спец№42(1-2) | C24: Химпром | D24: Стабилайт II - п/проп обезл 25,0 кг | E24: 070225 | F24: 20000 | G24: 800 | H24: Пермь | I24: отгружено | J24: 45699 | K24: FAW О 884 РС 29 | L24: 89021984502 | M24: Бутвин Николай | O24: 20000 | R24: + | S24: 41000 | T24: =S24*(F24/1000) -> 820000
A25: авто(Агро) | B25: Спец№42(2-2) | C25: Химпром | D25: Стабилайт II - п/проп обезл 25,0 кг | E25: 070225 | F25: 20000 | G25: 800 | H25: Пермь | I25: отгружено | J25: 45699 | K25: МАН Н 352 РВ 59 | L25: 89194902137 | M25: Салимуллин Ринат | O25: 20000 | R25: + | S25: 41000 | T25: =S25*(F25/1000) -> 820000
A26: авто(Ариал) | B26: Спец№41(2-3) | C26: Химпром | D26: ТЕРРАПАН - бум 25,0 кг | E26: 18/4 | F26: 5000 | G26: 200 | H26: Краснокамск | I26: отгружено | J26: 45699 | K26: SITRAK Н 674 СХ 702 | L26: 89631376080 | M26: Басыров Эдуард | N26: 803, 804, 805, 806, 807 | P26: 5000 | R26: + | S26: 252500 | T26: =S26*(F26/1000) -> 1262500
A27: авто(Ариал) | B27: Спец№41(2-3) | C27: Химпром | D27: ТЕРРАПАН - бум 25,0 кг | E27: 18/5 | F27: 5000 | G27: 200 | H27: Краснокамск | I27: отгружено | J27: 45699 | K27: SITRAK Н 674 СХ 702 | L27: 89631376080 | M27: Басыров Эдуард | N27: 808, 809, 810, 811, 812 | P27: 5000 | R27: + | S27: 252500 | T27: =S27*(F27/1000) -> 1262500
A28: авто(Ариал) | B28: Спец№41(2-3) | C28: Химпром | D28: ТЕРРАПАН - бум 25,0 кг | E28: 18/6 | F28: 5000 | G28: 200 | H28: Краснокамск | I28: отгружено | J28: 45699 | K28: SITRAK Н 674 СХ 702 | L28: 89631376080 | M28: Басыров Эдуард | N28: 813, 814, 815, 816, 817 | P28: 5000 | R28: + | S28: 252500 | T28: =S28*(F28/1000) -> 1262500
A29: авто(Ариал) | B29: Спец№41(2-3) | C29: Химпром | D29: ТЕРРАПАН - бум 25,0 кг | E29: 18/7 | F29: 5000 | G29: 200 | H29: Краснокамск | I29: отгружено | J29: 45699 | K29: SITRAK Н 674 СХ 702 | L29: 89631376080 | M29: Басыров Эдуард | N29: 818, 819, 820, 821, 822 | P29: 5000 | R29: + | S29: 252500 | T29: =S29*(F29/1000) -> 1262500
A30: авто(Ариал) | B30: Спец№914(1-2) | C30: ТКШ | D30: Reasolt - п/проп 22,7 кг | E30: 010225 | F30: 19862.5 | G30: 875 | H30: Коротчаево | I30: отгружено | J30: 45699 | K30: FAW Х 058 ВН 763 | L30: 89178227925 | M30: Усачев Павел | O30: 19862.5 | R30: + | S30: 36000 | T30: =S30*(F30/1000) -> 715050
A31: авто(Агро) | B31: Спец№914(2-2) | C31: ТКШ | D31: Reasolt - п/проп 22,7 кг | E31: 020225 | F31: 19862.5 | G31: 875 | H31: Коротчаево | I31: отгружено | J31: 45699 | K31: ФОРД В 584 СР 37 | L31: 89065140001 | M31: Гусев Марк | O31: 19862.5 | R31: + | S31: 36000 | T31: =S31*(F31/1000) -> 715050
A32: конт (самовывоз) | B32: БС-086485(1-2) | C32: БурСервис | D32: BURFLC - бум 25,0 кг | E32: 241224 | F32: 17500 | G32: 700 | H32: Пурпе | I32: отгружено | J32: 45700 | K32: МАН О 531 НТ 29 | L32: 89095563417 | M32: Татарский Николай | N32: TKRU3325663 | O32: 17500 | R32: + | S32: 48500 | T32: =S32*(F32/1000) -> 848750
A33: конт (самовывоз) | B33: БС-086485(2-2) | C33: БурСервис | D33: BURFLC - бум 25,0 кг | E33: 300125 | F33: 17500 | G33: 700 | H33: Пурпе | I33: отгружено | J33: 45700 | K33: Камаз Е 999 СА 29 | L33: 89115583359 | M33: Вайгант Сергей | N33: TKRU3190104 | O33: 17500 | R33: + | S33: 48500 | T33: =S33*(F33/1000) -> 848750
A34: авто (Агро) | B34: Спец№41(3-3) | C34: Химпром | D34: ТЕРРАПАН - бум 25,0 кг | E34: 18/8 | F34: 5000 | G34: 200 | H34: Краснокамск | I34: отгружено | J34: 45701 | K34: Freightliner В 628 НА 159 | L34: 89641977024 | M34: Гришанков Сергей | N34: 823, 824, 825, 826, 827 | P34: 5000 | R34: + | S34: 252500 | T34: =S34*(F34/1000) -> 1262500
A35: авто (Агро) | B35: Спец№41(3-3) | C35: Химпром | D35: ТЕРРАПАН - бум 25,0 кг | E35: 18/9 | F35: 5000 | G35: 200 | H35: Краснокамск | I35: отгружено | J35: 45701 | K35: Freightliner В 628 НА 159 | L35: 89641977024 | M35: Гришанков Сергей | N35: 828, 829, 830, 831, 832 | P35: 5000 | R35: + | S35: 252500 | T35: =S35*(F35/1000) -> 1262500
A36: авто (Агро) | B36: Спец№41(3-3) | C36: Химпром | D36: ТЕРРАПАН - бум 25,0 кг | E36: 18/10 | F36: 5000 | G36: 200 | H36: Краснокамск | I36: отгружено | J36: 45701 | K36: Freightliner В 628 НА 159 | L36: 89641977024 | M36: Гришанков Сергей | N36: 893, 894, 895, 896, 897 | P36: 5000 | R36: + | S36: 252500 | T36: =S36*(F36/1000) -> 1262500
A37: авто (Агро) | B37: Спец№41(3-3) | C37: Химпром | D37: ТЕРРАПАН - бум 25,0 кг | E37: 18/11 | F37: 5000 | G37: 200 | H37: Краснокамск | I37: отгружено | J37: 45701 | K37: Freightliner В 628 НА 159 | L37: 89641977024 | M37: Гришанков Сергей | N37: 898, 899, 900, 901, 902 | P37: 5000 | R37: + | S37: 252500 | T37: =S37*(F37/1000) -> 1262500
A38: авто(Ариал) | B38: Спец№38(1-4) | C38: Буринтех | D38: СУЛЬФОБИТ - бум 25,0 кг | E38: обезличка 11-13.02 | F38: 20000 | G38: 800 | H38: Пыть-Ях | I38: отгружено | J38: 45701 | K38: Шахман У 169 ВР 716 | L38: 89991636398 | M38: Борисов Александр | O38: 20000 | R38: + | S38: 41500 | T38: =S38*(F38/1000) -> 830000
A39: конт (самовывоз) | B39: БС-079978(1-4) | C39: БурСервис | D39: TORQ TRIM II PLUS (СС Голд) - 185 кг п/эт | E39: 181224 | F39: 14800 | G39: 80 | H39: Пурпе | I39: отгружено | J39: 45702 | K39: Камаз Е 999 СА 29 | L39: 89115583359 | M39: Вайгант Сергей | N39: TKRU3058171 | Q39: 14800 | R39: + | S39: 125000 | T39: =S39*(F39/1000) -> 1850000
A40: конт (самовывоз) | B40: БС-079978(2-4) | C40: БурСервис | D40: TORQ TRIM II PLUS (СС Голд) - 185 кг п/эт | E40: 201224 | F40: 14800 | G40: 80 | H40: Пурпе | I40: отгружено | J40: 45702 | K40: Камаз Е 999 СА 29 | L40: 89115583359 | M40: Вайгант Сергей | N40: TKRU3457422 | Q40: 14800 | R40: + | S40: 125000 | T40: =S40*(F40/1000) -> 1850000
A41: конт (самовывоз) | B41: БС-079978(3-4) | C41: БурСервис | D41: TORQ TRIM II PLUS (СС Голд) - 185 кг п/эт | E41: 221224 | F41: 14800 | G41: 80 | H41: Пурпе | I41: отгружено | J41: 45702 | K41: МАН О 531 НТ 29 | L41: 89095563417 | M41: Татарский Николай | N41: TKRU3120241 | Q41: 14800 | R41: + | S41: 125000 | T41: =S41*(F41/1000) -> 1850000
A42: конт (самовывоз) | B42: БС-079978(4-4) | C42: БурСервис | D42: TORQ TRIM II PLUS (СС Голд) - 185 кг п/эт | E42: 241224 | F42: 14800 | G42: 80 | H42: Пурпе | I42: отгружено | J42: 45702 | K42: МАН О 531 НТ 29 | L42: 89095563417 | M42: Татарский Николай | N42: TKRU3142132 | Q42: 14800 | R42: + | S42: 125000 | T42: =S42*(F42/1000) -> 1850000
A43: авто(Ариал) | B43: Спец№38(2-4) | C43: Буринтех | D43: СУЛЬФОБИТ - бум 25,0 кг | E43: обезличка 11-13.02 | F43: 20000 | G43: 800 | H43: Пыть-Ях | I43: отгружено | J43: 45702 | K43: МАН М 517 ОА 29 | L43: 89009189331 | M43: Загвоздин Алексей | O43: 20000 | R43: + | S43: 41500 | T43: =S43*(F43/1000) -> 830000
A44: авто (Ариал) | B44: Спец№40(1-6) | C44: Химпром | D44: ТЕРРАПАН - бум 25,0 кг | E44: 025 | F44: 5000 | G44: 200 | H44: Краснокамск | I44: отгружено | J44: 45702 | K44: МАЗ А 154 УТ 43 | L44: 89583933065 | M44: Кунцов Демид | N44: 903, 904, 905, 906, 907 | P44: 5000 | R44: + | S44: 252500 | T44: =S44*(F44/1000) -> 1262500
A45: авто (Ариал) | B45: Спец№40(1-6) | C45: Химпром | D45: ТЕРРАПАН - бум 25,0 кг | E45: 025/1 | F45: 5000 | G45: 200 | H45: Краснокамск | I45: отгружено | J45: 45702 | K45: МАЗ А 154 УТ 43 | L45: 89583933065 | M45: Кунцов Демид | N45: 908, 909, 910, 911, 912 | P45: 5000 | R45: + | S45: 252500 | T45: =S45*(F45/1000) -> 1262500
A46: авто (Ариал) | B46: Спец№40(1-6) | C46: Химпром | D46: ТЕРРАПАН - бум 25,0 кг | E46: 025/2 | F46: 5000 | G46: 200 | H46: Краснокамск | I46: отгружено | J46: 45702 | K46: МАЗ А 154 УТ 43 | L46: 89583933065 | M46: Кунцов Демид | N46: 913, 914, 915, 916, 917 | P46: 5000 | R46: + | S46: 252500 | T46: =S46*(F46/1000) -> 1262500
A47: авто (Ариал) | B47: Спец№40(1-6) | C47: Химпром | D47: ТЕРРАПАН - бум 25,0 кг | E47: 025/3 | F47: 5000 | G47: 200 | H47: Краснокамск | I47: отгружено | J47: 45702 | K47: МАЗ А 154 УТ 43 | L47: 89583933065 | M47: Кунцов Демид | N47: 918, 919, 920, 921, 922 | P47: 5000 | R47: + | S47: 252500 | T47: =S47*(F47/1000) -> 1262500
A48: авто(Ариал) | B48: Спец№39 | C48: Буринтех | D48: ВАЛЬКИРИЯ (BLACKTROL ж) - 200 кг п/эт | E48: 230824 | F48: 17600 | G48: 88 | H48: Пыть-Ях | I48: отгружено | J48: 45705 | K48: МАН М 353 ОА 29 | L48: 89021980813 | M48: Талашев Николай | Q48: 17600 | R48: + | S48: 85000 | T48: =S48*(F48/1000) -> 1496000
A49: авто | B49: Сец№68К | C49: Омас | D49: Сульф асф - п/проп обезл 25,0 кг | E49: 11/2024 | F49: 20000 | G49: 800 | H49: Уфа | I49: отгружено | J49: 45706 | K49: SITRAK У 312 ВМ 774 | L49: 89049773510 | M49: Голомаздин Алексей | O49: 20000 | R49: + | S49: 43500 | T49: =S49*(F49/1000) -> 870000
A50: конт (самовывоз) | B50: БС-079978(1-22) | C50: БурСервис | D50: BURFLC - бум 25,0 кг | E50: 010225 | F50: 17500 | G50: 700 | H50: Пурпе | I50: отгружено | J50: 45707 | K50: Камаз Е 999 СА 29 | L50: 89115583359 | M50: Вайгант Сергей | N50: GQRU3459214 | O50: 17500 | R50: + | S50: 48500 | T50: =S50*(F50/1000) -> 848750
A51: конт (самовывоз) | B51: БС-079978(2-22) | C51: БурСервис | D51: BURFLC - бум 25,0 кг | E51: 020225 | F51: 17500 | G51: 700 | H51: Пурпе | I51: отгружено | J51: 45707 | K51: Камаз Е 999 СА 29 | L51: 89115583359 | M51: Вайгант Сергей | N51: TKRU3089059 | O51: 17500 | R51: + | S51: 48500 | T51: =S51*(F51/1000) -> 848750
A52: конт (самовывоз) | B52: БС-079978(3-22) | C52: БурСервис | D52: BURFLC - бум 25,0 кг | E52: 030225 | F52: 17500 | G52: 700 | H52: Пурпе | I52: отгружено | J52: 45708 | K52: МАН О 531 НТ 29 | L52: 89095563417 | M52: Татарский Николай | N52: TKRU3340884 | O52: 17500 | R52: + | S52: 48500 | T52: =S52*(F52/1000) -> 848750
A53: конт (самовывоз) | B53: БС-079979 | C53: БурСервис | D53: BURFLC - бум 25,0 кг | E53: 241024 | F53: 17500 | G53: 700 | H53: Пурпе | I53: отгружено | J53: 45708 | K53: МАН О 531 НТ 30 | L53: 89095563418 | M53: Татарский Николай | N53: TKRU3147598 | O53: 17500 | R53: + | S53: 48500 | T53: =S53*(F53/1000) -> 848750
A54: авто(Ванюхин) | B54: Спец№17(1-2) | C54: КазПетроДриллинг | D54: Оптитрол Ж - 200 кг п/эт | E54: 060924 | F54: 7200 | G54: 36 | H54: Жанаозен | I54: отгружено | J54: 45709 | K54: DAF Р 783 OP 790 | L54: 89963427701/87772313238 | M54: Шестопалов Александр | Q54: 7200 | R54: + | S54: 81500 | T54: =S54*(F54/1000) -> 586800
A55: авто(Ванюхин) | B55: Спец№17(1-2) | C55: КазПетроДриллинг | D55: Оптитрол Ж - 200 кг п/эт | E55: 070924 | F55: 6800 | G55: 34 | H55: Жанаозен | I55: отгружено | J55: 45709 | K55: DAF Р 783 OP 790 | L55: 89963427701/87772313238 | M55: Шестопалов Александр | Q55: 6800 | R55: + | S55: 81500 | T55: =S55*(F55/1000) -> 554200
A56: авто(Ванюхин) | B56: Спец№17(1-2) | C56: КазПетроДриллинг | D56: Оптитрол Ж - 200 кг п/эт | E56: 080924 | F56: 400 | G56: 2 | H56: Жанаозен | I56: отгружено | J56: 45709 | K56: DAF Р 783 OP 790 | L56: 89963427701/87772313238 | M56: Шестопалов Александр | Q56: 400 | R56: + | S56: 81500 | T56: =S56*(F56/1000) -> 32600
A57: авто(Ванюхин) | B57: Спец№17(1-2) | C57: КазПетроДриллинг | D57: Оптитрол Ж - 200 кг п/эт | E57: 081124 | F57: 3200 | G57: 16 | H57: Жанаозен | I57: отгружено | J57: 45709 | K57: DAF Р 783 OP 790 | L57: 89963427701/87772313238 | M57: Шестопалов Александр | Q57: 3200 | R57: + | S57: 81500 | T57: =S57*(F57/1000) -> 260800
A58: авто(Бакин) | B58: Спец№42 | C58: Инко-Сервис | D58: РЕОМОД п - бум 18,0 кг | E58: 20250214 | F58: 2160 | G58: 120 | H58: Волгоград | I58: отгружено | J58: 45709 | K58: Вольво О 856 УЕ 29 | L58: 89532615578 | M58: Рядовкин Евгений | P58: 2160 | R58: + | S58: 220000 | T58: =S58*(F58/1000) -> 475200
A59: авто(Бакин) | B59: Спец№42 | C59: Инко-Сервис | D59: ВЕЛЛТРИТ - 200 кг п/эт | E59: 20250212 | F59: 2400 | G59: 12 | H59: Волгоград | I59: отгружено | J59: 45709 | K59: Вольво О 856 УЕ 29 | L59: 89532615578 | M59: Рядовкин Евгений | Q59: 2400 | R59: + | S59: 167500 | T59: =S59*(F59/1000) -> 402000
A60: авто(Бакин) | B60: Спец№42 | C60: Инко-Сервис | D60: ЭКСТРАМУЛ-2000 - 200 кг п/эт | E60: 20250213 | F60: 12800 | G60: 64 | H60: Волгоград | I60: отгружено | J60: 45709 | K60: Вольво О 856 УЕ 29 | L60: 89532615578 | M60: Рядовкин Евгений | Q60: 12800 | R60: + | S60: 128000 | T60: =S60*(F60/1000) -> 1638400
A61: кнт | B61: Спец№37 | C61: Буринтех | D61: ВАЛЬКИРИЯ (BLACKTROL ж) - 200 кг п/эт | E61: 170225 | F61: 16000 | G61: 80 | H61: Пурпе | I61: отгружено | J61: 45709 | K61: Камаз Е 999 СА 29 | L61: 89115583359 | M61: Вайгант Сергей | N61: TKRU3149517 | Q61: 16000 | R61: + | S61: 85000 | T61: =S61*(F61/1000) -> 1360000
A62: кнт | B62: Спец№37 | C62: Буринтех | D62: СУЛЬФОБИТ - бум 25,0 кг | E62: 200225 | F62: 17500 | G62: 700 | H62: Пурпе | I62: отгружено | J62: 45709 | K62: Камаз Е 999 СА 29 | L62: 89115583359 | M62: Вайгант Сергей | N62: TKRU3176298 | O62: 17500 | R62: + | S62: 41500 | T62: =S62*(F62/1000) -> 726250
